"videoId","commentId","text","publishedAt","likeCount"
"21_azfFEWsQ","UgyYVeae1td_8dsqdKx4AaABAg","Bão ragasa còn mạnh hơn cả bão yagi","2025-09-26T11:03:38.000Z","0"
"21_azfFEWsQ","UgwVggs45yp8e-LtGx14AaABAg","Omg","2025-09-01T08:43:41.000Z","2"
"21_azfFEWsQ","UgxIjVV0LAzXfXZFbyt4AaABAg","😱😱😱😱😱😱","2025-08-19T03:39:02.000Z","2"
"sSlvyehugxw","UgzmI3EZxqhZPcWy4JV4AaABAg","https://www.nongsantaybac.com/","2024-09-13T14:58:44.000Z","11"
"sSlvyehugxw","UgytK2-GE7ukXfxkjhx4AaABAg","Anh Ngọc Ngạn nói cũng có lý","2024-10-23T22:46:06.000Z","1"
"sSlvyehugxw","UgzK2MipX9VtyBNbord4AaABAg","Ăn nói nhố nhăng, tát  cho vỡ mồm 😢😢","2024-10-22T12:43:14.000Z","1"
"sSlvyehugxw","UgwetwDiTnaXIFjUFBB4AaABAg","❤❤❤❤❤","2024-10-20T04:24:39.000Z","1"
"sSlvyehugxw","Ugxce6Jtoed8OLD-6A54AaABAg","Hihi😢😢😢😢😢😢🎉🎉🎉🎉🎉🎉ngọc ngạn nói đúng","2024-10-19T14:35:53.000Z","1"
"sSlvyehugxw","UgxQnfMLDqiP2iOi_Z54AaABAg","😂😂😂😂","2024-10-19T00:27:32.000Z","1"
"sSlvyehugxw","Ugwlw1y3CD01nfR9sYt4AaABAg","[🇻🇳 Đọc to hộ tôi với 🇻🇳 ]Chim Phượng Hoàng được tạc tượng đứng trên lưng Con Rùa trong Đền Thượng . Hoặc giống như thế . Hai loài chơi với nhau hiền lành.

Có thể là , mong muốn hóa thân vào loài chim , con vật hoặc thuần chủng muôn loài động vật.  Mình không hiểu sai đâu , vì tượng người trên Đền Thượng đông quá số người như cống rãnh hố thối cạn khô không thay đổi tính ngu xấu bẩn hại 

Chảy đi sông ơi
Chuyện muôn đời sông biết cả
Mà sao sông trẻ mãi không già 

__ Hạnh phúc khi gặp nhau ở đây . Đã sống theo nguyện vọng của nhiều thế hệ nhưng thế hệ người thấp bé ,  xấu  hại quá vẫn không sửa đổi thì hạnh phúc kệ chúng nó , không phải lo nghĩ gì __


❤80 người , mình quên không bảo hát cùng anh Tùng Dương ngày 16.10.2024 ở Quảng Trường Thành Phố Lào Cai. 

Vì phạm vi xã hội  ngu xấu quấy phá gây hại quá.  Như Vũ Thủy 1987 cùng công an từ Nam Định và y tế  dám  covid gần đâm vỡ cả xương vùng kín của mình ...

Một chị ở gần nhà đã bị chết 50 tuổi vì ung thư xương .

❤
Mình vẫn tiếp tục bảo công an phải tổ chức giáo dưỡng cải tạo những đứa như Thủy : Nộp phạt - Bị đánh để biết nói hiểu không dám quấy phá gây hại xã hội - Tử hình.  Giáo dưỡng tiếp về môn tiếng Việt - Văn học - Lịch sử cấp 1 , 2 ,3 dậy rằng không được gian ác , quấy phá gây hại để tham đòi hơn   . 

Có học phải biết không xấu hại và vô giáo dục , ngu loạn hỗn láo như thế .
❤
Bác Hồ dậy một thế hệ sau này khi đất nước đã xây dựng qua nhiều thế hệ và thế kỉ thì phải biết sử dụng theo dậy bảo :  

Trẻ em như búp trên cành
Biết ăn biết ngủ biết học hành là ngoan

Cần hiểu là : Không đòi bắt ép thế hệ ngày nay phải tài giỏi làm được nhiều cho gia đình và xã hội . Mỗi người dù già trẻ lớn bé gái trai vẫn như trẻ con yếu kém vì được hưởng trí tuệ , xây dựng sản xuất của nhiều thế hệ trước.
❤
Biết về luật pháp là nhân quyền cũng  theo Hồ Chí Minh phải thực hiện cho được ở xã hội người Kinh miền Bắc có nhiều loại quyền hành bạo ác vô lý từ trong gia đình - sở bộ ban ngành - xã hội.

AI SINH RA CŨNG PHẢI CÓ QUYỀN NHƯ NHAU .

Trẻ em được đến trường học tập và làm việc cần vui khỏe , hiền lành , hạnh phúc để bảo thế hệ  bố mẹ - công an - y tế - bảo hiểm - xã hội nói chung đã sai hại nhiều vì đòi tài giỏi ,  kêu khổ ,  bắt hại ,  đòi  công quá .","2024-10-18T16:06:49.000Z","0"
"sSlvyehugxw","UgzKY32w5NR9TMNymOF4AaABAg","Đúng rồi cái gì cũng có cái giá phải trả.","2024-10-18T11:04:55.000Z","1"
"sSlvyehugxw","UgxuVmxVgbj63qRFI2x4AaABAg","Nam mo a di da phat","2024-10-17T14:09:46.000Z","1"
"sSlvyehugxw","UgxxkOM32r-8_v-dxgR4AaABAg","Có lý.thien lý vạn lý","2024-10-17T02:33:08.000Z","1"
"sSlvyehugxw","Ugx6xnjiKXE7l6HChJ94AaABAg","Bây giơ mới thấy đúng 😅","2024-10-16T03:37:28.000Z","1"
"sSlvyehugxw","UgyKX4qTjA0kALiUmTV4AaABAg","Vì bão phụ nữ là do ảnh hưởng tác động của đan ông còn đan ông là những kẻ chế và biến chứng thành những loại bơm nguyên tử tàn độc nhất của thế giới 🔨🪓⛏️","2024-10-15T15:13:07.000Z","1"
"sSlvyehugxw","UgyfIpw98ylriBDNTY54AaABAg","Chính xác","2024-10-15T11:33:29.000Z","1"
"sSlvyehugxw","Ugysk4A-6VaycPCNdFl4AaABAg","thì ra bảo lủ này là bát trước mấy con mẹ đàn bà 
đi đến đâu thâu đến nóc nhà o chừa luôn","2024-10-15T10:03:01.000Z","0"
"sSlvyehugxw","Ugxhphz_oEOCwYisLFF4AaABAg","Lúc mới đến hết sức cuồng nhiệt, khi ra đi cuốn theo nhà cửa và những thứ khác.","2024-10-15T08:23:51.000Z","1"
"sSlvyehugxw","UgwgvjCLsQ0AMG9LGNV4AaABAg","Sao nó giống đời tôi vậy","2024-10-15T07:56:56.000Z","1"
"sSlvyehugxw","UgyQ37XpP_X1SFQAeod4AaABAg","Những điều này đúng lắm","2024-10-14T21:41:05.000Z","1"
"sSlvyehugxw","UgzI2Ozmy-RlDYJS79x4AaABAg","Đa phần đàn bà là vây😃😃","2024-10-14T14:46:10.000Z","1"
"sSlvyehugxw","UgzCDccJWvuur2QTd_F4AaABAg","❤❤❤❤","2024-10-14T14:17:26.000Z","1"
"sSlvyehugxw","Ugw6zQn5fLL7SWYUQBZ4AaABAg","Nam mô a di đà phật.","2024-10-14T13:41:48.000Z","1"
"sSlvyehugxw","UgyJpUUBYbFW-bXO2s54AaABAg","😂😂😂","2024-10-14T06:36:47.000Z","1"
"sSlvyehugxw","UgxMvV8wJOedct2yEBp4AaABAg","Chỉ láo như ông này","2024-10-13T14:46:43.000Z","1"
"sSlvyehugxw","UgyrlgGQ3QEOfmHefip4AaABAg","Nói sai chứ không phải vì đàn","2024-10-13T13:36:35.000Z","1"
"sSlvyehugxw","Ugz9_5iDxclnG350Xwx4AaABAg","Chắc ₫àn bà của ông như vậy chắc! Ôi hiếm có!","2024-10-13T07:25:25.000Z","1"
"sSlvyehugxw","UgxkZX0I40QtVl5g48t4AaABAg","dit me thang ngoc ngac may la ke phan boi viet nam tao chi la danh nghia la nguoi viet tao giong nhu thang tran thanh va thang dom vinh hung ma thoi thang dam mien bac chung tao goi no la dom","2024-10-13T05:12:28.000Z","0"
"sSlvyehugxw","UgzOpF1byC0DURcs_bt4AaABAg","Hi chuẩn nè.kkk","2024-10-13T04:59:55.000Z","1"
"sSlvyehugxw","UgzJ-xs0O1jYK-FOqRR4AaABAg","Tại vì đàn ông quá ngu","2024-10-12T05:19:07.000Z","0"
"sSlvyehugxw","UgyXFAOWY7XvrvMtCSJ4AaABAg","😂😂😂","2024-10-12T02:02:09.000Z","1"
"sSlvyehugxw","UgxtoWI7ogY1c754NWd4AaABAg","Chú ngạn đừng vơ đũa cả nắm nv ko phải đàn bà nào cũng như chú ngạn nói đâu","2024-10-12T00:55:06.000Z","1"
"sSlvyehugxw","Ugyd7UTr56nm-8FnxYl4AaABAg","có bão nào như bão Hoàng Hường đã làm","2024-10-11T18:44:13.000Z","1"
"sSlvyehugxw","UgySSIBUPMW07bJUpod4AaABAg","Nói đàn bà thì cũng chưa đúng .  người tốt .kẻ xấu . tuy nhiên ông Ngạn nói cũng hay","2024-10-11T12:47:59.000Z","1"
"sSlvyehugxw","UgyW_MaBmlg2WJ84Y-d4AaABAg","có mang được  Mây đứa con 
và làm tan xác để nuôi mấy đứa","2024-10-11T09:35:24.000Z","1"
"sSlvyehugxw","UgxAYPlSwHoTgCEsXjl4AaABAg","Qua Dung Khoi can chinh . cau noi hay cua Ong  Khu Ngao ah.","2024-10-11T06:24:17.000Z","1"
"sSlvyehugxw","Ugy9OynWy4YsewBD3M54AaABAg","Qua dung Nhu Bay do, cau noi Bat hu day...","2024-10-11T06:23:15.000Z","1"
"sSlvyehugxw","Ugzn_dI56nrgSGH-7pp4AaABAg","Quá chuẩn lun","2024-10-11T06:00:13.000Z","1"
"sSlvyehugxw","Ugw61irlE33h3mMGoex4AaABAg","Còn toi thi chăng lây đc gi","2024-10-11T03:33:57.000Z","1"
"sSlvyehugxw","Ugyjn8tXizHbMLaFeyt4AaABAg","😂 😂","2024-10-10T17:57:25.000Z","1"
"sSlvyehugxw","UgyXVNfHRuKBCLyzu3Z4AaABAg","Xàm","2024-10-10T10:12:47.000Z","1"
"sSlvyehugxw","Ugy2XjNS-S_OMOF-RdZ4AaABAg","Quá đúng không cần chỉnh. Một câu nói bất hủ","2024-10-10T07:58:16.000Z","3"
"sSlvyehugxw","UgypK31Ja6YmzxHb5TJ4AaABAg","Nhiều phụ nữ ra đi hai bàn tay trắng không được chia bất kể thứ gì đâu","2024-10-10T07:07:26.000Z","1"
"sSlvyehugxw","Ugwk13P6h5qM1PbvhbR4AaABAg","Nham roidan ba la thu no choi no no bo do vao day thi co","2024-10-10T06:58:21.000Z","1"
"sSlvyehugxw","UgzA9-K5etQvzJnMMNF4AaABAg","NGUYỄN NGỌC NGẠN  NÓI ĐÚNG   -- VƠ VÉT  CỦA  ĐÀN BÀ  ỎE PHÚT CHIA TAY😊","2024-10-10T02:09:58.000Z","1"
"sSlvyehugxw","UgzvxoX0naQostBR8ml4AaABAg","Ha ...ha...đau khổ gíông bão","2024-10-10T00:21:17.000Z","1"
"sSlvyehugxw","UgwBYIcRYddIP1XbhFB4AaABAg","Quá hay","2024-10-09T14:04:59.000Z","1"
"sSlvyehugxw","UgyYWW5n-ToEfsn1hzx4AaABAg","Ok","2024-10-09T08:14:32.000Z","1"
"sSlvyehugxw","UgwhT8h9aCNUBryHQ8J4AaABAg","Vậy mới có câu nói.mẹ thiên nhiên chứ có ai gọi là bố thiên nhiên đâu","2024-10-08T23:22:41.000Z","1"
"sSlvyehugxw","UgwKIucguuEY5nTDTfF4AaABAg","Ủa những thứ xấu xa thì đổ hết cho chj e phụ nữ á 😂","2024-10-08T04:27:40.000Z","1"
"sSlvyehugxw","UgzGUK5RE1VuPaEM9qx4AaABAg","😆","2024-10-06T23:33:14.000Z","1"
"sSlvyehugxw","Ugyadf62yhZSvQhUi3l4AaABAg","😂","2024-10-06T14:32:55.000Z","1"
"sSlvyehugxw","UgwTMqE9_s29LpERsbN4AaABAg","Ngữ ngạn chỉ có ở mẽo","2024-10-05T15:46:16.000Z","0"
"sSlvyehugxw","UgxckVpxztH44cWsDIt4AaABAg","Anh ơi anh tức là anh bảo là anh xem anh như này anh nhi anh nhi a di đà Phật nam mô a di đà Phật nam mô a di đà Phật nam mô a di đà Phật nam mô a di đà Phật nam mô a nam mô nam mô a nam mô a di nam mô","2024-10-05T15:25:47.000Z","2"
"sSlvyehugxw","UgwqfqgBpzSddPfzsrN4AaABAg","Quơ đũa cả nắm..Kg có duyên với Ngạn rồi..Chưa bao giờ like","2024-10-05T09:38:29.000Z","1"
"sSlvyehugxw","UgyJ3Yyla1s1_jVkJX14AaABAg","Ôi trời ơi mưa bão thật khủng khiếp 😢😢","2024-10-05T02:15:46.000Z","2"
"sSlvyehugxw","Ugznwgas0ysUir3SdrN4AaABAg","❤❤❤❤❤❤❤","2024-10-03T09:20:12.000Z","2"
"sSlvyehugxw","UgyvqoF2aqoyF5Nm8rh4AaABAg","Vậy tất cả mọi người có biết được vì sao khi đàn bà nỗi giận lại cuốn đi hết và tàn khốc vậy không? Cũng không bao giờ ai biết được nỗi khổ của đàn bà, khi phụ nữ lo toan quá nhiều,cơm nước giặt giũ lao chùi,dọn dẹp ,tiền bạc  ,chỉnh sửa trang trí cho gia đình họ suy nghĩ rất nhiều,bộ não hình như phải làm việc suốt 24h  ,họ bị những giây thần kinh kiểm soát quanh năm suốt tháng rồi từ từ giảm bớt sự làm việc của thần kinh họ mệt mỏi,bực bội và suy nghĩ lung tung, họ ức chế thành bão lốc bọc phát ra thôi, phụ nữ giàu thì sợ mình xấu,sợ chồng ngoại tình,phụ nữ nghèo sợ con đói sợ con bệnh sợ chồng ăn không ngon sợ không tiền trả người đã mượn, họ liên tục liên tục suy nghĩ và não bộ làm việc hết sức nên nhiều lúc ùng ứ và cơn nóng giận xảy ra","2024-10-03T06:33:00.000Z","2"
"sSlvyehugxw","Ugy_vdRlZZukZ1GAr4V4AaABAg","Hay","2024-10-03T04:28:21.000Z","1"
"sSlvyehugxw","UgxYuMj6I9L5xo6D9rV4AaABAg","A DI ĐÀ PHẬT 
NHIỀU ĐÀN BÀ LÀM NÊN SỰ NGHIỆP ,SỐNG LƯƠNG THIỆN ,CHÚC ĐẠI CHÚNG BÌNH AN 💕😭🌳🙏🙏🙏🪷🪷🪷","2024-10-03T04:25:17.000Z","4"
"sSlvyehugxw","UgzRxSNYmJ7HpOoA_eV4AaABAg","😂","2024-10-03T01:50:57.000Z","1"
"sSlvyehugxw","UgyjU-vn87XA0-3zT7B4AaABAg","Tùy người chứ không phải ai cũng vậy nhiều đàn ông theo gái bài bạc say xỉn bảo nhiêu tài sản cuốn theo những thứ đó mà","2024-10-02T11:49:08.000Z","1"
"sSlvyehugxw","Ugybb0ddje83fWVelPh4AaABAg","Bạn nói sai rồi ko vơ đũa cả nắm  nha trong đó có mẹ vất vợ bạn đó","2024-10-01T23:26:17.000Z","1"
"sSlvyehugxw","UgwSd7PIbssMGMiHHop4AaABAg","Đàn ông cũng cuồng ko kem đàn bà, .Tôi đã từng thấy😢","2024-10-01T04:53:50.000Z","1"
"sSlvyehugxw","UgwwViXzcBgeFtWY8Th4AaABAg","Xem ra,ông bão này ko có thích người cầm ô,mặc áo dài,và trùm váy cưới trưng diện...khổ quá,nói mãi...😮😮😮","2024-09-30T20:47:52.000Z","1"
"sSlvyehugxw","UgymADMY6F4khT1dBeB4AaABAg","Ông ăn nói liên thuyên rồi","2024-09-30T14:50:08.000Z","1"
"sSlvyehugxw","UgwrDg2g9ESoj8ZGQgp4AaABAg","Ủng hộ anh Ngạn. Lão ấy bị đàn bà áp đảo nhất là MC Kỳ Duyên theo lão ấy mấy chục năm trong chương trình Thúy Nga Paris thông cảm cho lẽo ấy. Kỳ Duyên cũng bớt đàn áp lão ấy đi nhé. Chương trình Thúy Nga bị đừng nữa chừng thì uổng lắm","2024-09-30T11:22:59.000Z","1"
"sSlvyehugxw","UgymA-eoxmYN3d462VV4AaABAg","Ngạn đã về vn kiếm  ăn chưa","2024-09-28T23:07:33.000Z","1"
"sSlvyehugxw","UgxIRP7NQkpe04rtfPV4AaABAg","Bo Tay Luôn","2024-09-28T09:27:35.000Z","1"
"sSlvyehugxw","UgzAMvPLxMBiRTFKcXl4AaABAg","Bão ba que của cu ngạn mới kinh","2024-09-28T03:27:35.000Z","1"
"sSlvyehugxw","UgzZMbPkiyXfoX2Vsxl4AaABAg","Dại gái thì chết ngạn này hận đàn bà mà","2024-09-26T12:16:39.000Z","0"
"sSlvyehugxw","Ugz_6Bg4I2lKlvIGprR4AaABAg","Có công thì họ đc lấy chớ. 😊😊😊","2024-09-26T08:50:06.000Z","1"
"sSlvyehugxw","UgySM0KyEiMTPjHpPDd4AaABAg","à đúng rồi 😂😂","2024-09-26T06:55:40.000Z","1"
"sSlvyehugxw","Ugz0r4Yv9ojyfHPrCkF4AaABAg","Hay đó anh,,,😂","2024-09-26T05:46:57.000Z","1"
"sSlvyehugxw","UgwRkQ4DDu7AQ5TIkzB4AaABAg","đúng rồi đó cứ phải cảnh giác với những thủ đoạn của đàn bà","2024-09-26T03:12:07.000Z","2"
"sSlvyehugxw","UgzPiQh_U_kwShSXChl4AaABAg","Tào lao bí đao","2024-09-26T01:09:36.000Z","1"
"sSlvyehugxw","UgytX2w3ciGodtl39tJ4AaABAg","CẢ MỘT ĐỜI NGƯỜI ĐÃ Ở TUỔI U75 RỒI MỚI GẶP CƠN BÃO SỐ 3NĂM 2024 GỌI LÀ YAGY TÀN PHÁ  KHỦNG KHIẾP...KHỔ LẮM RỒI...😅😅😅😅😅😅😅😅😅😅😅","2024-09-24T11:18:39.000Z","1"
"sSlvyehugxw","UgwatLMsBF4ixIcFVsd4AaABAg","Có mang gì đi dc đâu đừng mang tiếng ác cho PN chúng tôi","2024-09-24T09:50:34.000Z","1"
"sSlvyehugxw","Ugw6sBgS7ePtk5s_6p14AaABAg","Nếu người đàn ông biết yêu thương vợ làm gì có bão chứ","2024-09-24T09:49:14.000Z","1"
"sSlvyehugxw","UgylQhbO2zKlJusBVH94AaABAg","Thích giọng văn Nguyền Ngọc Ngạn👍","2024-09-24T05:44:54.000Z","1"
"sSlvyehugxw","UgwO9X9qI2PE9a5J5-t4AaABAg","Ông này Họ Đỗ tên Thừa phải không","2024-09-24T04:17:58.000Z","1"
"sSlvyehugxw","UgzCZjd35JQR_A7Qt954AaABAg","Đàn bà là niềm đau mà 😢","2024-09-23T19:37:52.000Z","1"
"sSlvyehugxw","Ugyrom0pEAvbfc1lwY14AaABAg","Mấy bà đang nhìn ông kìa 😂😂😂","2024-09-23T15:35:12.000Z","1"
"sSlvyehugxw","UgyWgZmY7DzcuJh_p954AaABAg","Kể chuyện lối mất lịch sự","2024-09-23T09:02:16.000Z","1"
"sSlvyehugxw","UgzxVxXlzjyVC--lUAt4AaABAg","Nghe mà buồn quá","2024-09-23T07:53:57.000Z","1"
"sSlvyehugxw","UgyT8G8-JVKi0R5pwCJ4AaABAg","Vì ông ta đã được CIA đào tạo về tâm lý chiến nên ông ta có thể hiểu và nói lên những điều để thu phục nhân tâm","2024-09-23T03:45:59.000Z","1"
"sSlvyehugxw","Ugy8r8Q6_TcVsa1qi4N4AaABAg","🤣🤣🤣🤣🤣","2024-09-22T11:35:32.000Z","1"
"sSlvyehugxw","UgwWRon_GF45XDOGqWF4AaABAg","Khi mới đến thì rất bình yên ( trước khi vào ( chưa đưa vào ) thì bình yên ! Chứ đã đưa vào rồi là dữ dội lắm ! Cuồng quay máy mới xuất được ! Chứ bình yên ít cá lắm 😂","2024-09-22T07:11:12.000Z","1"
"sSlvyehugxw","UgwdKzwwLhBeaifPxfB4AaABAg","Tên đàn bà là sao, chẳng phải có nhiều người đàn ông cũng có tên giống đàn bà đó thôi, toàn xàm vớ vẩn","2024-09-22T05:53:36.000Z","2"
"sSlvyehugxw","UgyUxncs0Rnj8nsidYZ4AaABAg","Nói tào lao quá ông ơi. Những kẻ tạo cuồng phong thường là đàn ông các ông đấy ông ạ.","2024-09-22T03:18:17.000Z","3"
"sSlvyehugxw","UgzMn0UUY2BrTY2zXgZ4AaABAg","laoi fa hie j xn lli em em đa cho anh tay cs","2024-09-21T21:03:08.000Z","1"
"sSlvyehugxw","UgyCdiRIA4Cd7d3QEI94AaABAg","dan ba la nhung niem dau oi fan ba  that lathst tham lam","2024-09-21T21:00:55.000Z","0"
"sSlvyehugxw","UgxXyT-h9V1GDW1tL9h4AaABAg","đàn ông ko ra gì thì cũng cho bay nóc luôn đúng ko ông Ngạn 😅","2024-09-21T18:00:02.000Z","1"
"sSlvyehugxw","Ugzbg_ZFiQECRidVBwF4AaABAg","Nói nhảm NNN...!!!","2024-09-21T15:02:25.000Z","1"
"sSlvyehugxw","UgzL0e6zjTKlweXuzFR4AaABAg","Con mẹ chú ngọc ngany","2024-09-21T11:41:46.000Z","0"
"sSlvyehugxw","UgxoHXV2285IddKFL014AaABAg","Cũng có lý.😂","2024-09-21T09:43:14.000Z","0"
"sSlvyehugxw","Ugz6CRlahpdfhAzufYF4AaABAg","😂🙏🙏🙏💙","2024-09-21T05:14:35.000Z","0"
"sSlvyehugxw","Ugx-fSzyC4izcRXK6GZ4AaABAg","Con ủng hộ chu","2024-09-21T05:13:33.000Z","0"
"sSlvyehugxw","Ugw8jYlJsNt8rI4nxtt4AaABAg","Happy wife happy life","2024-09-21T03:09:13.000Z","0"
"sSlvyehugxw","UgyLLxGjDayGbC8hj-t4AaABAg","Chúc cho đất nước Việt Nam quê hương tôi không phải hứng chịu những thiên tai bão lũ","2024-09-20T22:35:43.000Z","0"
"sSlvyehugxw","Ugw9uDT7NPIq9MjaRkV4AaABAg","Nhưng lọc mồm VN của tôi","2024-09-20T15:38:32.000Z","0"
"sSlvyehugxw","UgxkwJh__LHE0rHoM3B4AaABAg","He he he","2024-09-20T15:34:36.000Z","0"
"sSlvyehugxw","UgzmjkgICZTJUm6eSNh4AaABAg","Noi dung day nhe","2024-09-20T07:56:48.000Z","0"
"sSlvyehugxw","UgxQn4wVkYG1TiWpkP94AaABAg","người ta làm mô hôi công sưc..cha nhẽ bỏ lai vứt d cho thăng chong cũ nó ăn ăn à..","2024-09-20T05:18:41.000Z","0"
"sSlvyehugxw","UgxdA0cFOEwSH9plc8V4AaABAg","😂😂😂😂😮😮😅😅 nguyên Ngọc ngạn nói đúng luôn ❤❤","2024-09-20T05:18:02.000Z","0"
"sSlvyehugxw","UgxkdWqKfUB8R-bMwSp4AaABAg","😂😢😅😊😯😜","2024-09-20T04:17:45.000Z","0"
"sSlvyehugxw","UgwyX412slCuTlpf7YR4AaABAg","Đúng nha chú 100% chính xác","2024-09-20T03:25:53.000Z","0"
"sSlvyehugxw","UgxbWWOxfPwuCI0teDV4AaABAg","sao mà yêu chú Ngạn quá. chú mãi mãi là tuổi thơ của tôi. chúc chú nhiều sức khỏe","2024-09-20T02:20:33.000Z","8"
"sSlvyehugxw","UgykrwtQ6owfzjTaOtF4AaABAg","Đàn còn ác hơn nhiều sảo quyệt lừa vợ chỉ cần vui với đĩ bỏ con luôn không thương sót.","2024-09-20T01:21:34.000Z","0"
"sSlvyehugxw","UgyOLp6_xmgR8vgk3eJ4AaABAg","Chỉ có những thằng đàn ông có tâm hồn như cái lá khô thì với bị mấy con bọ xít nó cuốn đi chứ đâu phải đàn bà ai cũng như thế","2024-09-19T22:22:05.000Z","1"
"sSlvyehugxw","UgxyRdAdiCaNPMEPH6B4AaABAg","Paris bynight không có mc Nguyễn Ngọc ngạn là chết toi ( không ai có thể thay thế được)","2024-09-19T17:08:34.000Z","2"
"sSlvyehugxw","Ugzodd8vSkj9QmzkXRJ4AaABAg","Tâm lý chiến Ngụy Sài Gòn","2024-09-19T14:30:23.000Z","0"
"sSlvyehugxw","UgwmGnvTRb0lnsimwhB4AaABAg","Nghe giọng thằng này thấy ghét!","2024-09-19T13:19:53.000Z","0"
"sSlvyehugxw","UgyJbUDfV66DHwgDHnN4AaABAg","tao lao","2024-09-19T12:00:51.000Z","0"
"sSlvyehugxw","UgxWNObrBVmBVoPI5-d4AaABAg","Tôi nói thật cho thế giới này biết nhé các ông đừng tưởng thích đặt cái từ ngữ gì thì đặt nghe chưa bão số 1 thì bão số 1 báo số 2 là bão số 2 bão số 3 là bão số 3 bão số 4 là bão số 4 báo nào độc hại mạnh nhất thì ghi vào lịch sử báo số 4 là độc nhất mạnh nhất bão số 5 số 6 số 7 số 8 số 9 chữ đọc ba cái tiếng nước ngoài đọc nói ngọng hết cả hết cả mồm các ông bố láo toét các ông từcác ông đặt 
 từ ngữ của từng cơn bão ra để dịch tiếng nước ngoài ra là thế nào có bà các ông làm khoa học ông thích đặt báo tên gì thì tên là đọc ngọng hết cả mồm  Việt Nam có chữ Việt Nam chứ tôi nói cả thế giới có công nhận không đọc méo  cái mồm không dịch được ra cơn bão các ông chỉ bố láo Các ông muốn chống lại nhà Trời không
 Tối nay nhà trời chúng tôi tuyên bố cơn bão số 1 số 2 số 3 số 4 số 5 số 6 số 7 số 8 số 9 số 10 số 11 số 12 cấm không được đặt các tên từ ngữ của nước ngoài đọc đau hết cả mồm họng hết cả mồm","2024-09-19T07:20:03.000Z","1"
"sSlvyehugxw","Ugw-K-KnSVkSJRT16n54AaABAg","Nhân xét đúng đàn bà là những niềm đau","2024-09-19T07:19:23.000Z","1"
"sSlvyehugxw","UgwQtOE3GijwJiDQe1p4AaABAg","Nhưng tôi thấy, nhiều ông đàn ông còn làm không đủ ăn, nhà cửa còn chưa có, ra đi lấy gì mà cuốn cơ chứ. Chỉ mấy ông đại gia lắm tiền mới lo thôi.","2024-09-19T04:35:58.000Z","0"
"sSlvyehugxw","UgwBqiJs1KPJMFqGpqh4AaABAg","Nam mô a Di Đà Phật Nam mô a Di Đà Phật Nam mô a Di Đà Phật","2024-09-18T18:49:08.000Z","0"
"sSlvyehugxw","UgwHmqTi28psYcvEgHd4AaABAg","Đàn ba  là con rắn độc anh chuẩn đúng 100%","2024-09-18T12:59:26.000Z","2"
"sSlvyehugxw","UgyjUBszEka_N3fW8Lh4AaABAg","Không đúng tên bảo là người phát hiện đầu tiên nên mang tên người đó","2024-09-18T10:15:47.000Z","0"
"sSlvyehugxw","UgycI6gmUGYELjHGb_d4AaABAg","Vâng đàn ông các ông cả gđ chbor cgay thoe của lạ gái 7 con chưa hết lòng chông một trăm lá gan lá ở dưới lách lá toan cùng người","2024-09-18T09:31:20.000Z","0"
"sSlvyehugxw","UgzkQjQkKVdEnql7wH54AaABAg","Ông này so sánh người sinh ra ông giống như người đàn bà có bản chất giống như những trận bão lớn cuồng phong.","2024-09-18T05:27:23.000Z","0"
"sSlvyehugxw","UgxJ3PZR4aKVOwc4gOB4AaABAg","A DI ĐÀ PHẬT","2024-09-18T04:19:26.000Z","0"
"sSlvyehugxw","Ugw0uuocwZh2pITAaBB4AaABAg","Trong cmt toàn những thứ đàn ông vơ đũa cả nắm, trọng nam khinh nữ. 🙂.","2024-09-18T03:28:24.000Z","0"
"sSlvyehugxw","Ugwbj3RGzqskm1SaUqR4AaABAg","Thật VÔ DUYÊN.","2024-09-18T03:27:36.000Z","0"
"sSlvyehugxw","UgzNarnlMoAJ0IEvZZF4AaABAg","Ông chú nói hay quá❤❤❤❤","2024-09-18T02:55:49.000Z","1"
"sSlvyehugxw","UgxJ97PPX798bi1kCYJ4AaABAg","Nếu đúng vậy thì bao từ đâu mà ra do đàn ông làm đàn bà bức xúc nổi nóng thôi","2024-09-17T09:57:15.000Z","0"
"sSlvyehugxw","UgzAQ8jJAX1-tfctZs14AaABAg","🤣😂🤣😂🤣😂🤣","2024-09-17T04:05:47.000Z","1"
"sSlvyehugxw","UgyvdFEFw6PgkxB_My94AaABAg","😂😂 Đau thương cho đàn ông","2024-09-17T01:39:20.000Z","1"
"sSlvyehugxw","UgyOS0iaZvvOaoWzwIJ4AaABAg","Giọng này là giọng đu càng Ngọc Ngạn nè, ông này theo 3/ đã lâu nên không thích nghe ông phát ngôn","2024-09-17T01:04:55.000Z","1"
"sSlvyehugxw","UgwnwhWrS4b0dQx7Oed4AaABAg","Chuẩn quá","2024-09-16T21:50:08.000Z","1"
"sSlvyehugxw","Ugwnm4AFUMi-YRX3pmp4AaABAg","😂😂😂😂😂 ! Tùy từng nguời thôi chú ơi!❤️❤️❤️❤️❤️❤️","2024-09-16T21:16:17.000Z","5"
"sSlvyehugxw","UgxCgjSEP5Vp0wVceOd4AaABAg",".","2024-09-16T20:03:29.000Z","1"
"sSlvyehugxw","UgyVNSdi1Z-92McaO5p4AaABAg","Câm mẹ mồm đi mệt người vì bọn tao chán mấy người","2024-09-16T15:16:21.000Z","0"
"sSlvyehugxw","UgyCT_OYgHbD1Ff9EbJ4AaABAg","Đó là dành cho những kẻ ngu ngốc","2024-09-16T15:15:22.000Z","1"
"sSlvyehugxw","Ugy0sF11WvUBkDXjkG14AaABAg","Rất nhiều người yêu mến ông","2024-09-16T14:11:31.000Z","0"
"sSlvyehugxw","UgzRqyGesDagBF9SU714AaABAg","Tào lao 😂😂😂","2024-09-16T13:59:54.000Z","0"
"sSlvyehugxw","Ugwhw2-tzHD0Edsc32x4AaABAg","Rất hay kkk","2024-09-16T12:58:28.000Z","0"
"sSlvyehugxw","UgwExdUtuiV5VwWF5tR4AaABAg","😅😅😅😅","2024-09-16T12:22:47.000Z","0"
"sSlvyehugxw","UgxPDY0VPl40C3DUsBF4AaABAg","❤hây. Thật.  Nhà văn Nguyễn Ngọc ngạn ❤","2024-09-16T08:05:03.000Z","3"
"sSlvyehugxw","Ugz9GLvmah0Du-GDhqp4AaABAg","Ócccccccccccccccllllllllllllllll,","2024-09-16T07:23:10.000Z","1"
"sSlvyehugxw","UgyQa42fx1tryxalUmd4AaABAg","Đỉllllllllllllll,","2024-09-16T07:22:56.000Z","1"
"sSlvyehugxw","UgyTK9wAy5ioVpL17Xl4AaABAg","❤❤❤❤","2024-09-16T02:18:04.000Z","1"
"sSlvyehugxw","UgxO35Y6s4aAHgUEgHp4AaABAg","đúng là cuộc sống đời thường mà giống nhau cả thôi","2024-09-15T23:15:38.000Z","2"
"sSlvyehugxw","Ugyj2CoBn6A3DtCk86F4AaABAg","Cũng đúng thật","2024-09-15T19:11:46.000Z","2"
"sSlvyehugxw","UgwXsXBAUEP_Rn97e6p4AaABAg","Ko hiểu bao to thế mà các bố các mẹ ra đường chay se máy làm gì váy 😂","2024-09-15T16:49:01.000Z","1"
"sSlvyehugxw","Ugx88y8pJhwSygJQvY94AaABAg","Bảo càng lớn. Xe luôn quần lót đàn bà bay hết lên bàn thờ thằng điếm thuốc, thượng đội hạ đạp, đầu óc đen tối, luôn viết truyện loạn luân. Tau nghĩ mầy chơi nát bà con của mầy luôn","2024-09-15T14:29:34.000Z","0"
"sSlvyehugxw","UgxLolTWhgY3YxJ2wGx4AaABAg","Tao khoái đàn bà nhưng tao rất hận đàn bà","2024-09-15T13:18:50.000Z","1"
"sSlvyehugxw","UgzosaKpa2ngG_wJ7I54AaABAg","Đây là hình ảnh tại Việt Nam mà admin","2024-09-15T11:04:13.000Z","1"
"sSlvyehugxw","UgwWehoR6pCDSCcgKSZ4AaABAg","He does nothing but talk.","2024-09-15T09:36:42.000Z","1"
"sSlvyehugxw","Ugyfex_lTP8zF7vY9kd4AaABAg","Kkk","2024-09-15T08:30:18.000Z","1"
"sSlvyehugxw","UgzhinCKX-xwFoFS7ut4AaABAg","Chuẩn quá bác ngạn😂","2024-09-15T05:13:23.000Z","1"
"sSlvyehugxw","Ugzqnk1CQiJwonA85YZ4AaABAg","À,Bão trong hệ thống tiếng Pháp là giống cái😂","2024-09-15T04:41:12.000Z","2"
"sSlvyehugxw","UgyqFAcavT1aAo_Twx94AaABAg","Hihi","2024-09-15T04:26:48.000Z","1"
"sSlvyehugxw","UgyxJxmyYrCK2-iJokd4AaABAg","Ông ngọc ngạn có rất nhiều câu nói hay để để đời😂😂","2024-09-15T04:00:09.000Z","10"
"sSlvyehugxw","UgylnsM9NHOlIK0XDrN4AaABAg","mẹ thiên nhiên và má thiên hạ giống nhau quá mà.Híc, híc ,híc","2024-09-15T03:10:00.000Z","1"
"sSlvyehugxw","UgxFBhpydGR8u9G-6vR4AaABAg","Thằng tàu kọng Hữi Cứt Mạo HCM đang nằm phơi cũ cãi ngoài Ba Trợn, Đông Lào được bọn kọng NÔ bàn đạp zíc kọng tôn thờ, kính yêu v.v...","2024-09-15T03:03:43.000Z","0"
"sSlvyehugxw","UgzZSCZ4A8sMvjX7px14AaABAg","Lại giọng nói của tên nhà văn chuyên viết truyện ngôn tình truyện ma truyện loạn luân Nguyễn Ngọc Ngạn.. tôi cũng đã một lần nghe thử ôi tởm lợm và mắc ói tôi nhận thấy đám người VN hải ngoại quen văn hóa Mỹ một đất nước rất nhiều tự do trong đó có tự do tình dục chung","2024-09-15T02:52:36.000Z","1"
"sSlvyehugxw","Ugx1YeNabCkIjQKz_Dh4AaABAg","Đặt tên bảo nge gét.  Văn minh  quá.  Kkkk","2024-09-15T01:54:56.000Z","0"
"sSlvyehugxw","UgxJ3kMa3tIev0lcKcN4AaABAg","Chuanluon.kkkkkkkkk❤❤❤❤❤❤❤❤❤","2024-09-15T00:05:08.000Z","1"
"sSlvyehugxw","UgwcvBSDQX2BEaJUuBZ4AaABAg","Anh trai ngan ngan nói gì thế với lại anh ngan cũng rành hết những phụ nữ khác sau
   Anh ngan nói ngườì lấy tên đàn bà là bảo bi ta và bảo lớn
  khi đến thì tay không khi ra đi thì đem theo nhà xe tai sản vật chất
vậy ha Anh trai ngan
  Tùy theo số ngươi chu không phải ai cũng tham lam quá nhiều thứ khác giống như anh ngan nói đâu
  chẳng hạn như tôi nè không có lấy một thứ gì hết
  mà lúc mới đầu về sống chung với ngươi tôi còn huy Sinh phụng sự công hiên trước nữa mà
vậy khi hết duyên là ra đi lấy để lam gì ha Anh trai","2024-09-14T23:25:44.000Z","1"
"sSlvyehugxw","Ugxw8k3bldWDqBA7L9h4AaABAg","Người ta là ai vây ạ ?","2024-09-14T22:06:28.000Z","1"
"sSlvyehugxw","UgwQLem6xxEB4_dsdOB4AaABAg","Có đàn  bà VN.ko ạ ?","2024-09-14T22:04:24.000Z","1"
"sSlvyehugxw","Ugyo2NsyzqnWSMEjkC14AaABAg","Chu Ngọc ngạn nói quá hay","2024-09-14T21:49:55.000Z","1"
"sSlvyehugxw","Ugy5nj5GO8gq8qMHXb94AaABAg","Chu Ngan nói chuẩn, bài học Của cháu đâu đời. 😢","2024-09-14T21:17:48.000Z","1"
"sSlvyehugxw","UgyJ0U0h7O89Sd3U9wB4AaABAg","Chuẩn quá","2024-09-14T17:30:03.000Z","1"
"sSlvyehugxw","UgxqphstwzMxce7KrY54AaABAg","Đúng rồi đó  .nó cuốn mất của tao mấy số hồng  .huhu","2024-09-14T17:27:18.000Z","1"
"sSlvyehugxw","UgznfQsAt-xPIbxntg14AaABAg","Đàn bà nhiều con ghê rợn lắm","2024-09-14T15:57:34.000Z","1"
"sSlvyehugxw","UgzLenAKhhZ09XwVF354AaABAg","😅","2024-09-14T14:42:24.000Z","1"
"sSlvyehugxw","UgyPnCdiedPTYkhnLkZ4AaABAg","Cụ Ngạn nói đùa cho vui , có bạn phản ứng dữ dội 
quá , làm mất đi
vẻ thùy mị , hữu xạ tự nhiên hương
hay là nhiều tên
dư luận viên nhào
vô thừa nước đục 
thả câu","2024-09-14T12:17:47.000Z","4"
"sSlvyehugxw","Ugyzrkb-QiZu-z_4dZt4AaABAg","Những câu phê bình từ trên xuống dưới đều theo cụ Ngạn mà không thấy bà nào phản kháng vậy là thái độ khoan dung , 
hiền hay khi dể ???","2024-09-14T12:05:41.000Z","5"
"sSlvyehugxw","Ugy4SQninS2Trub6BRh4AaABAg","Đâu phải tự nhiên ngta gọi mẹ thiên nhiên chứ ko phải cha thiên nhiên :))","2024-09-14T11:14:54.000Z","1"
"sSlvyehugxw","Ugw6NUsgTpkx9To40O54AaABAg","Đàn khiếp thật 😢","2024-09-14T10:43:30.000Z","1"
"sSlvyehugxw","Ugy7fnIvM3mZssZ_joh4AaABAg","bão cindy 😅","2024-09-14T10:08:15.000Z","1"
"sSlvyehugxw","UgzC0a5VIIdS6iOQ5zF4AaABAg","Vo van  !!!","2024-09-14T08:49:35.000Z","1"
"sSlvyehugxw","UgwDI1CHGXGkU5dT6rN4AaABAg","hài của bác Ngạn mãi đỉnh kk","2024-09-14T08:11:32.000Z","2"
"sSlvyehugxw","UgwUP-tWB_BOyHF5XJ14AaABAg","❤😂😂😂😂😂😂😂😂","2024-09-14T07:47:00.000Z","1"
"sSlvyehugxw","UgyRbzsL_gGZDB2vxAJ4AaABAg","Wa đúng hahahaha Lòng Dạ Đàn Bà hahahaha 😂😂😂","2024-09-14T07:12:07.000Z","1"
"sSlvyehugxw","Ugy8QHfu2XyY_7MZc1l4AaABAg","Funny qua moi nguoi oi rat dung","2024-09-14T06:11:23.000Z","2"
"sSlvyehugxw","Ugya6S0O1wVqUKDxFJt4AaABAg","Nguyễn Ngạn đừng vơ đũa cả nắm, không thực tế chút nào.","2024-09-14T06:03:23.000Z","1"
"sSlvyehugxw","UgwWfEUVCfXT2iN98pN4AaABAg","Nên lấy tên mấy lãnh tụ cs đặt cho mấy cơn bão đúng hơn.","2024-09-14T05:32:16.000Z","1"
"sSlvyehugxw","Ugxaqlvj6dTkgBWfqDd4AaABAg","Mẹ thiên hạ mẹ thiên nhiên","2024-09-14T05:30:42.000Z","1"
"sSlvyehugxw","Ugz72cuxs4BgIvZyru14AaABAg","Thật đấy, mông mọi người được bình an","2024-09-14T04:45:54.000Z","1"
"sSlvyehugxw","Ugz9EmZrmBxM_I1q2ml4AaABAg","Mẹ và con gái ổng cũng là đàn bà mà 😂","2024-09-14T03:51:39.000Z","1"
"sSlvyehugxw","Ugz8vMSFAV3zmGpk1X54AaABAg","Bố ơi vừa phải thôi","2024-09-14T03:39:53.000Z","1"
"sSlvyehugxw","UgwVMxLt7WL5IA6tQaR4AaABAg","xàm xí, dù phụ nữ hay đàn ông cũng không nên đem lên mạng để chì chiết nhau, là không có văn minh","2024-09-14T03:34:07.000Z","1"
"sSlvyehugxw","Ugy8BKC51_LNypRbdq54AaABAg","😂😂😂","2024-09-14T03:16:27.000Z","1"
"sSlvyehugxw","UgwXCj88vou_vlUUDCl4AaABAg","😂😂😂sao phê phán đàn bà z anh .tùy người chứ","2024-09-14T02:53:45.000Z","1"
"sSlvyehugxw","Ugz4goswEXMSLSVs3Th4AaABAg","Cho nên đừng chọc đàn bà giận dữ thì nguy hiểm như bão.😊","2024-09-14T02:25:01.000Z","3"
"sSlvyehugxw","UgzI5HMQpApX6B1Iu2t4AaABAg","Qúa hay và chính xác anh Ngạn. 10đ cho anh nhé.❤👍","2024-09-14T02:23:45.000Z","25"
"sSlvyehugxw","Ugx6HEAL3l1jVXKJMvp4AaABAg","Con nguyện xin trời phật tha thử tội cho nhân loại xin ngài chí ra cho nhân loai sống hướng thiện giàu lòng từ bi  từ bó tội lỗi để được giải thoát","2024-09-14T02:19:23.000Z","3"
"sSlvyehugxw","UgwH0sYKDyPh18WKhqN4AaABAg","Năm 2024 này nhà ai sinh em bé sẽ có nhiều bé tên Yagi lắm đây","2024-09-14T01:36:55.000Z","1"
"sSlvyehugxw","Ugyk7PRsJyEc2E28IKZ4AaABAg","ok đây là câu nói giành cho đàng ông phải khắt cốt ghi tâm trong bất kỳ hoàn cảnh nào","2024-09-14T01:36:00.000Z","1"
"sSlvyehugxw","UgysibW2Y0fRl4A2pTF4AaABAg","Đúng quá chú ơi","2024-09-14T00:56:28.000Z","7"
"sSlvyehugxw","UgxDbbF-3mfsymAdj2B4AaABAg","Xạo","2024-09-14T00:43:44.000Z","1"
"sSlvyehugxw","UgznxREt0R0mDL3Ubk14AaABAg","Thấy  đàn ông  bất  tài  toàn  đàn  bà  nuôi  không  hà....","2024-09-13T23:26:52.000Z","1"
"sSlvyehugxw","UgyTuWa6M3zlLGumXMt4AaABAg","zẩy bẻu tứa đèn ôn phẻ hơn đèn bè.😄😄😄","2024-09-13T22:46:27.000Z","2"
"sSlvyehugxw","UgwYfgCqY0K6U2_df5V4AaABAg","Anh nói nghe quá đáng ko nên nha","2024-09-13T18:59:35.000Z","2"
"sSlvyehugxw","Ugwby1C9Tl97RWUMZcJ4AaABAg","Độc ác nhủy.kkkk","2024-09-13T18:13:22.000Z","1"
"sSlvyehugxw","Ugy9pq9HHft2BF3p2914AaABAg","😂😂😂😂😂","2024-09-13T17:32:38.000Z","1"
"sSlvyehugxw","UgwzBChOpdld0CcegS14AaABAg","Để lại đàn con nheo nhóc với một đống nợ nữa chứ. Ôi đàn bà là những niềm đau😅","2024-09-13T17:25:37.000Z","17"
"sSlvyehugxw","Ugx69_jA7Yn-ExJrRKp4AaABAg","Nói đúng mà có nói sai đâu","2024-09-13T15:14:20.000Z","1"
"sSlvyehugxw","UgwkPClzRdW7GqTVZiN4AaABAg","Vậy mẹ ông là đại bàng😂😂","2024-09-13T15:03:37.000Z","2"
"sSlvyehugxw","UgzmI3EZxqhZPcWy4JV4AaABAg","https://www.nongsantaybac.com/","2024-09-13T14:58:44.000Z","11"
"sSlvyehugxw","UgzQ-6HTzMurhSeiOFJ4AaABAg","Y chang","2024-09-13T14:15:38.000Z","1"
"sSlvyehugxw","Ugyo3SA9e0_yOWtXkmN4AaABAg","Bố thằng thần kinh video như cức","2024-09-13T13:43:50.000Z","0"
"sSlvyehugxw","UgzmJRzVIDe7GDMjCeB4AaABAg","Sàm lắm anh bạn ơi đừng đổ lỗi hết cho phụ nữ chắc gì đàn ông các bạn không lầm lỗi tôi đã từng tổ chức hoà giải ở địa phương có người cũng rất là tội tệ đấy anh bạn nhé 😂😂😂","2024-09-13T12:58:01.000Z","1"
"sSlvyehugxw","UgwQwf4Di6TNPZ8Tevd4AaABAg","Nam mô a di đà PHật","2024-09-13T12:37:40.000Z","2"
"sSlvyehugxw","UgyUoMrzyDtifqPcS2N4AaABAg","A Di Đà Phật","2024-09-13T12:36:23.000Z","1"
"sSlvyehugxw","UgwZxK1PKmFgEm-aYYZ4AaABAg","Nói nghe vô duyên những tên tây u đó ai mà biết đàn gì bài đặt nhiều chuyện sao không lấy tên vợ ông đi cho co tiếng","2024-09-13T12:36:21.000Z","1"
"sSlvyehugxw","UgziH37tl3USR8p_E0F4AaABAg","Cái thằng này nói hay há còn bao nhiêu thằng đàn ông chẳng những lấy tiền của đàn bà mà khi đi để lại một vài đứa con cho con đàn bà nuôi chết mẹ còn nó thì đi lừa những người đàn bà khác","2024-09-13T12:29:09.000Z","1"
"sSlvyehugxw","Ugy87ozJvqbfjypp5fZ4AaABAg","Ngoc nhan noi bong lon tao lao from USA","2024-09-13T12:23:34.000Z","0"
"sSlvyehugxw","Ugw9Ub6gYUlcvu8jIMZ4AaABAg","Sao nghĩ ra được như vậy hay bác ngạn oi","2024-09-13T11:49:42.000Z","1"
"sSlvyehugxw","UgyM2qrCcKxSKeli2-14AaABAg","Thì đàn bà là con dao làm tim rĩ máu nhưng nhà mà có con sư tử thì thà yêu bão jenny còn hơn","2024-09-13T11:32:08.000Z","3"
"sSlvyehugxw","UgxBBcRfhvZhmQ5_6wd4AaABAg","Chú Ngọc Ngạn là đỉnh của chóp 👍👍👍","2024-09-13T10:49:02.000Z","49"
"sSlvyehugxw","UgxG8jQn_DU5IHWQ9wZ4AaABAg","Hay quá","2024-09-13T10:41:48.000Z","1"
"sSlvyehugxw","UgzwmG5Da2Zw3ozgn7x4AaABAg","Quá đúng","2024-09-13T10:26:18.000Z","1"
"sSlvyehugxw","UgxCNGDzLgPaMD2O7fZ4AaABAg","Dan ba la nhưng niềm đau","2024-09-13T08:13:01.000Z","2"
"sSlvyehugxw","UgywGrb_QMp4MZFvMK94AaABAg","Ông này nói tiếng gì vậy???","2024-09-13T07:45:00.000Z","2"
"sSlvyehugxw","UgykFq6WRjb0lEFSnAl4AaABAg","Bão mà điệu hạnh che dù","2024-09-13T07:31:10.000Z","1"
"sSlvyehugxw","UgyelNZiWhfnTrUbm3x4AaABAg","Ông có phải bị đàn bà lừa ông ko  sao ông bất mãn với đàn bà vậy .lẵng xẹt","2024-09-13T06:42:51.000Z","2"
"sSlvyehugxw","UgymqpsAkFXMv2Mh5TR4AaABAg","https://www.nongsantaybac.com/2021/07/gao-seng-cu-hat-tron-ac-san-tay-bac.html","2024-09-13T06:26:17.000Z","2"
"sSlvyehugxw","UgzeDgAoBX4blqJ729Z4AaABAg","😂😂😂❤❤❤","2024-09-13T06:21:23.000Z","2"
"sSlvyehugxw","UgxBPRoT8_T7K8S5mtd4AaABAg","Nói. Khoét","2024-09-13T03:41:34.000Z","2"
"sSlvyehugxw","UgyS0P0yNzRuQIuZvK14AaABAg","A La Hán từ trên nhìn xuống..địa ngục đa số toàn phụ nữ...bởi gị ma đa số thấy ma nữ hk...","2024-09-13T01:00:46.000Z","1"
"sSlvyehugxw","UgysMqn6MazVizB82gN4AaABAg","A ơi a nói hay quá ?","2024-09-13T00:56:40.000Z","2"
"sSlvyehugxw","UgwWwcJT1pIr2GL1fnh4AaABAg","ngọc ngạn hay ne. quá chuẩn luôn","2024-09-13T00:44:14.000Z","6"
"sSlvyehugxw","UgwxtvqGHfx1ADj-llF4AaABAg","Lậy cụ! cụ Ngạn ơi","2024-09-12T23:47:03.000Z","1"
"sSlvyehugxw","Ugyd8YH5-1x1Gc9Yu_B4AaABAg","Thằng hấp","2024-09-12T23:45:14.000Z","2"
"sSlvyehugxw","UgwexYaLklNyrnLwR_t4AaABAg","😂😂😂😂🤣🤣🤣😰","2024-09-12T23:15:21.000Z","1"
"sSlvyehugxw","UgwZFwkIhD6VwiW0VtB4AaABAg","Siêu bão Yagi 🇻🇳🇻🇳🇻🇳🇻🇳🇻🇳","2024-09-12T21:46:19.000Z","1"
"sSlvyehugxw","UgyJTRmkAXQv-IZ8yGB4AaABAg","You pushed nnnn
What the 🐽 hhh","2024-09-12T20:40:11.000Z","1"
"sSlvyehugxw","UgxSJuLdqsjZLvdi0KZ4AaABAg","Chính xác luôn anh Ngạn ơi !","2024-09-12T16:34:51.000Z","3"
"sSlvyehugxw","Ugzk9mDTjbi2jlKqBNB4AaABAg","Những câu nói để đời của ông ngạn quá hay","2024-09-12T15:58:07.000Z","105"
"sSlvyehugxw","UgwUrN40WOtcFWm0jBJ4AaABAg","Thằng ngạn ///","2024-09-12T14:20:17.000Z","0"
"sSlvyehugxw","UgwhcUxjgYkvl3IrnAp4AaABAg","❤👍😊","2024-09-12T13:56:43.000Z","1"
"sSlvyehugxw","UgySaj7n9o2w-eZxy114AaABAg","Ông ngạn.khong còn chuyện để nói rồi hả. Chắc ông muốn bị chửi rồi. Bộ ông tưỡng đàn bà nào cũng mê tiền hết hả .. đúng là vô học","2024-09-12T13:44:20.000Z","2"
"sSlvyehugxw","UgyRfq9D9v-VJjfYvxN4AaABAg","Lỗ của đàng bà đang bà là những niềm dao 😊","2024-09-12T13:02:40.000Z","2"
"sSlvyehugxw","UgyT2qMrG-IQU8DpUVZ4AaABAg","Không ai giỏi hơn  NGỌC ngạn","2024-09-12T12:16:08.000Z","4"
"sSlvyehugxw","UgziSio5IytY-PcuJR94AaABAg","Kẻ tội nhân . đàn bà không Sinh Ra cha ông và bản thân ông à . Đâu phải cứ đàn bà là những trận cuồng phong đâu . Đàn ông cũng có loại chẳng ra gì đó thôi . Đàn bà ra đi thì phải lo cho con cháu . Đàn ông ra đi chỉ lo cho bổ bịch. Trà xanh thôi.😏😏😏","2024-09-12T12:15:31.000Z","1"
"sSlvyehugxw","Ugxe58uEKZ0zX2kjN0N4AaABAg","Sàm quá ông ơi, vậy ông ra đi khỏi thuy Nga ông cũng cuốn đi 1 mớ rồi con gì hả , láo phét","2024-09-12T12:15:28.000Z","2"
"sSlvyehugxw","UgxtUeJzNXsYO29hUiZ4AaABAg","Hjhj...Hay...Hay...😅","2024-09-12T12:12:54.000Z","1"
"sSlvyehugxw","Ugyeo4KFcUr4_zbWK_R4AaABAg","Lời nói quá chính xác","2024-09-12T11:52:39.000Z","7"
"sSlvyehugxw","UgxF7g-o_ETQEoAS-xt4AaABAg","Y","2024-09-12T09:33:49.000Z","1"
"sSlvyehugxw","UgzPAqgqhecwAdnmOHF4AaABAg","Sao đo loi cho đàn bà giữ vậy không ai tốt bằng đàn bà vì đàn bà là mẹ luôn yêu thương con","2024-09-12T08:47:52.000Z","4"
"sSlvyehugxw","UgyD4eQGhpdXJmi1Hrx4AaABAg","Sạo nói láo","2024-09-12T06:01:11.000Z","2"
"sSlvyehugxw","UgzA1pQarYaCXNxYRdt4AaABAg","Chuẩn với nhg ng đàn bà k có hp nha.","2024-09-12T05:48:01.000Z","4"
"sSlvyehugxw","Ugw2wZ9KdrOkKcfVGMN4AaABAg","Ko ai qua nổi Yagi .Bà Này mới là số 1.","2024-09-12T05:15:56.000Z","3"
"sSlvyehugxw","Ugw1iUKTsoaBFonSm6d4AaABAg","Xin lỗi chưa chắc... 
Thế mà tôi lại thấy hoàn toàn trái ngược lại.!! 
Đời mà đừng nói chỉ một phía..","2024-09-12T04:39:19.000Z","2"
"sSlvyehugxw","UgzjiwrMCf59YAvAXSR4AaABAg","ngạn ""long vưu""","2024-09-12T04:31:03.000Z","1"
"sSlvyehugxw","Ugx5fSlsYGEflAu3pw94AaABAg","Cũng đúng quá chứ, nhiều ông trắng tay vì đàn bà..😅😅","2024-09-12T04:18:40.000Z","82"
"sSlvyehugxw","UgybrhBoxxnYRZ0eEHR4AaABAg","Báo zayi thì tên đàn bà hay đan ông","2024-09-12T02:51:12.000Z","1"
"sSlvyehugxw","Ugx0Rq052jc5WVESdMV4AaABAg","Con mm,ko còn gì sao mà lại đi lồng tiếng của thằng khốn dị hợm này.","2024-09-12T02:09:52.000Z","0"
"sSlvyehugxw","UgzfdEerZdJgF5iwqMV4AaABAg","vậy không biết ông Ngạn có kinh nghiệm chống bão không ta..😂😂😂😂😂","2024-09-11T23:18:39.000Z","9"
"sSlvyehugxw","Ugya-lqwDAMNs9mTU5x4AaABAg","Mai mốt họ lấy tên mày hả  !","2024-09-11T23:16:12.000Z","3"
"sSlvyehugxw","UgzS-4FahPqSAprpCo14AaABAg","Bỏ dì Diễm ơi nói bậy bạ o bão xuất phát nơi đâu là lấy tên nơi đó DiẼM ƠI","2024-09-11T22:33:12.000Z","2"
"sSlvyehugxw","UgxGdFveb3o8eZmBUwB4AaABAg","cũng như đời vợ mày thôi....kkkkkkkk","2024-09-11T19:59:17.000Z","1"
"sSlvyehugxw","UgwO-_tHeXAdQIg43-J4AaABAg","Ong nay gia nhung thuoc loai khong binh thuong, vay ma lai co nhung nguoi thay hay😮chac la giong ong ta","2024-09-11T19:13:36.000Z","1"
"sSlvyehugxw","UgwIisElPS_ozAMdwF14AaABAg","Xàm xí đú  đàn bà củng có nhiều loai đàn bà   đâu cần quơ đủa cả nắm     đồ thần kinh","2024-09-11T15:43:32.000Z","1"
"sSlvyehugxw","Ugw1nPuGOwmckooZY8Z4AaABAg","Rất hay và nhiều ý nghĩa sâu sắc","2024-09-11T13:17:23.000Z","27"
"sSlvyehugxw","UgwGgYL7vZPmgYE7CaV4AaABAg","❤ A Di Đà Phật
Trong giải Ngân Hà.
Nơi nào có Nữ Nhân
Nơi đó toàn cảnh địa Ngục","2024-09-11T12:14:12.000Z","8"
"sSlvyehugxw","UgywW36H8qaL5nUHMqZ4AaABAg","😂😂","2024-09-11T11:30:11.000Z","2"
"sSlvyehugxw","UgxyTXBU32-YrQoXVRh4AaABAg","Một nhận xét thâm thúy","2024-09-11T10:04:06.000Z","12"
"sSlvyehugxw","UgzJNW4AktK-s2uTQr14AaABAg","Ông trời quá dữ đại diện cho các ô đàn ông quyền lực ngún sạch cả cây cối sông núi ...nhà to do ông trời ...","2024-09-11T08:00:02.000Z","2"
"sSlvyehugxw","UgwtomVqyPBm_jjJZbt4AaABAg","Bởi vậy tui hỏng bao giờ dám chọc đàn bà,nhất là vợ tui","2024-09-11T07:14:30.000Z","5"
"sSlvyehugxw","UgzJwL58TM292G2HXQR4AaABAg","Đến hay đi gì cũng cuốn bay hết","2024-09-11T06:45:39.000Z","5"
"sSlvyehugxw","UgwZ7KmEtbCrLvOCKZl4AaABAg","Hay","2024-09-11T06:43:58.000Z","2"
"sSlvyehugxw","UgyvYPsEN4z4Es_U_0x4AaABAg","Phụ nữ đến lúc cuồng phong như vậy bởi vì đàn ông hay ong bướm bên ngoài nói rõ là đàn ông ngoại tình","2024-09-11T06:23:52.000Z","1"
"sSlvyehugxw","UgwybrtyayJUgghYGap4AaABAg","Ông  noi   phan  nua   thoi  . .con  mot  nua   đan  ba  tot  khi   thoi   chông   lây   co  chiêt   xe  đap   khg   co  cai  ve  xe  nua  kia  ông  oi","2024-09-11T04:52:12.000Z","2"
"sSlvyehugxw","Ugwwd6f-If1BKSrg6VZ4AaABAg","Bão đặt  tên phụ nữ  là do những người  lãnh đạo đa số  là đàn ông.","2024-09-11T01:30:49.000Z","1"
"sSlvyehugxw","UgxwbWcwNds0BbBpHAZ4AaABAg","Tùy người thôi,ko phải ai cũng vậy.","2024-09-11T00:50:11.000Z","6"
"sSlvyehugxw","Ugzqy7-SiYILdBwrLsd4AaABAg","Giong cái mõm này dễ ghét. NNN","2024-09-10T23:53:59.000Z","0"
"sSlvyehugxw","UgzriYLlvXEDIdcFc154AaABAg","Sàm xí đú","2024-09-10T23:29:55.000Z","2"
"sSlvyehugxw","Ugw0WO6TrR4oPaBN5Ct4AaABAg","😂😜😀😀","2024-09-10T22:41:28.000Z","3"
"sSlvyehugxw","Ugx4zaJf0wzai4Wf1N14AaABAg","thằng này thấy mẹ nó thế nên nó nghĩ ai cũng như mẹ nó.","2024-09-10T17:19:16.000Z","1"
"sSlvyehugxw","Ugyp-mvZ4_vivhMBsZ94AaABAg","Nhố nhăng mở miệng mà nói đc , mẹ cậu bà cậu cũng là đàn bà ấy rùi đẻ ra bố cậu và cậu đấy","2024-09-10T14:45:03.000Z","1"
"sSlvyehugxw","UgzCrN7ZmN1KqofySXt4AaABAg","Chỉ  được  cai nói  đúng, nói  hay","2024-09-10T14:05:18.000Z","31"
"sSlvyehugxw","UgzL_D-J0m1u8pb0z6J4AaABAg","Sao mưa bão lọ mọ ra đường thế","2024-09-10T13:58:05.000Z","1"
"sSlvyehugxw","UgykJXNIahaAXm3ShWt4AaABAg","Chính xác. Đó là sự kết hợp của tên gọi là ""mẹ"" thiên nhiên và ""mẹ"" thiên hạ, khi mà mẹ thiên nhiên thổi bay nhiều nóc nhà thì cả thiên hạ đều điêu đứng 😂","2024-09-10T13:54:41.000Z","65"
"sSlvyehugxw","UgxxnHzqW9gwqLZb0z54AaABAg","Bão tên người đàn bà.. Lý do","2024-09-10T13:14:12.000Z","1"
"sSlvyehugxw","UgzJPtA-8RT3qjHH9-h4AaABAg","Chắc phải lấy tên Nguyệt thu để đặt cho một cơn bão nào đó nhỉ","2024-09-10T10:03:52.000Z","4"
"sSlvyehugxw","UgxybI8h2-uTEHeyYOt4AaABAg","Đúng nhỉ...😂😂😂","2024-09-10T08:58:40.000Z","6"
"sSlvyehugxw","UgxZ39qxCZbwNxD1LZx4AaABAg","Sao đánh giá đàn bà như vậy. Đàn ông thì sao","2024-09-10T06:58:19.000Z","2"
"sSlvyehugxw","UgwdqIq1OJrIbX2KeEV4AaABAg","Tào lao đừng nói xấu phụ nữ  ko hay ho gì đâu lão chim nhạn","2024-09-10T04:44:50.000Z","2"
"sSlvyehugxw","UgwCfVNz0B33BRHzy0x4AaABAg","Chuẩn không cần chỉnh!","2024-09-10T04:05:09.000Z","6"
"sSlvyehugxw","UgxcWxm9ZAIyT13QtSx4AaABAg","Sở vỉ đàn ông k có đàn bà có sống nổi hôn ha bị thần kinh đàn ông có bảo hôn gấp ngàn lần đàn bà tốt lành lắm hả","2024-09-10T02:45:20.000Z","1"
"sSlvyehugxw","UgwmeLkbhfx82oECECt4AaABAg","Đúng là ""Ngạn Nhãm""! Vớ vẫn thế mà cũng nói đc!","2024-09-09T13:33:57.000Z","3"
"sSlvyehugxw","UgxG8E3gEQ6L5pAyaYt4AaABAg","Câm mồm thối mày lại","2024-09-09T12:08:08.000Z","1"
"sSlvyehugxw","UgxBFdf_USP07I33LBZ4AaABAg","Ông nội vậy dan ông nhào vô không phải là biết trước vậy sao lão vào đàn ông tốt lắm sao","2024-09-08T05:12:29.000Z","2"
"sSlvyehugxw","UgzGuWkjequTHx07m2Z4AaABAg","😅😅😅😅😅❤","2024-09-08T05:12:16.000Z","2"
"75CCX002_HU","Ugw3ToXvWbI3UhF35r94AaABAg","Cùng nhau đi qua giông bão cuộc đời. Bình yên được chút, thì đừng rời bỏ nhau nhaaaaa mấy fen! 
chúc các bạn luôn vững vàng vui vẻ, an toàn ở mọi lúc mọi nơi","2024-09-13T04:19:07.000Z","25"
"75CCX002_HU","UgyyPeYB9QMfGNcU1xJ4AaABAg","Em thì lúc bão phải đi học về😂","2025-11-12T12:17:48.000Z","0"
"75CCX002_HU","UgweCT6KVJOVPb2BGbp4AaABAg","Em thì lúc bão phải đi học về😂","2025-11-12T12:17:43.000Z","0"
"75CCX002_HU","UgxXG39sVTWaYSwlnpx4AaABAg","Bom 1:29","2025-11-08T14:48:39.000Z","0"
"75CCX002_HU","UgxSCs_N5ScDLm69GV14AaABAg","em like rồi","2025-11-04T13:41:46.000Z","0"
"75CCX002_HU","UgyZlaPzdAsWAIlvtwR4AaABAg","Wow wow that so you ❤😊🔵🔵🔵😭😭😭😱😱😱🫣😰😰😨😧😥😟😢😓🧐🧐🧐🧐.                             B.                                                😅 đáng sợ wá","2025-08-31T07:59:39.000Z","0"
"75CCX002_HU","UgzCHw7nF1yxCpmruNx4AaABAg","Tôi tuổi thình😂","2025-08-26T08:58:33.000Z","0"
"75CCX002_HU","UgxmLGYC-pkSrFZJd694AaABAg","Ôi Vừa đổ bộ xong😂😂😂😂😂😂😂😂","2025-08-14T06:35:09.000Z","0"
"75CCX002_HU","UgzSKWH8C6Qqa2IJBDF4AaABAg","Tôi ra tôi tắm mưa 😂😂😂","2025-08-02T08:52:00.000Z","0"
"75CCX002_HU","Ugy2YdhdkAA61u_fDsd4AaABAg","Bão wipha mới tan ghê hơn nữa","2025-07-26T08:05:05.000Z","0"
"75CCX002_HU","UgzEXbHTEjy3p8hCZ414AaABAg","mẹ tôi tuổi rồng đó 😂","2025-07-25T09:19:03.000Z","0"
"75CCX002_HU","UgxZK9__T65DyFFjl3p4AaABAg","giờ là năm 2025 rùi đang chào đón bão số 3 wipha","2025-07-21T09:39:44.000Z","0"
"75CCX002_HU","UgwSBt1fyWZ8KQzq8rt4AaABAg","😢","2025-07-12T09:40:34.000Z","0"
"75CCX002_HU","UgzevJi_KBuo_X8mPAF4AaABAg","Em gặp quầng mặt trời","2025-07-06T09:03:30.000Z","0"
"75CCX002_HU","UgyePkJwM4vERCyN2154AaABAg","Gener","2025-07-02T07:27:56.000Z","0"
"75CCX002_HU","UgxUXF_54lUPqHxAoLV4AaABAg","Em tuổi  🐎🐎🐎🐎🐎🐎🐎🌷😂 6:10","2025-05-28T05:48:47.000Z","0"
"75CCX002_HU","Ugxv03BcBa8VIGJ0pP94AaABAg","Đây là sét thô đó nha😢😢😢","2025-05-26T07:11:56.000Z","0"
"75CCX002_HU","Ugxw64VR-ncpG-wSYnt4AaABAg","Đoàn kết , quyết tâm là đc🎉🎉🎉🎉🎉🎉🎉🎉","2025-02-28T08:12:55.000Z","0"
"75CCX002_HU","UgwWe0zwzrnCqtsGoJV4AaABAg","❤❤❤❤❤❤❤❤❤","2025-02-28T08:12:13.000Z","0"
"75CCX002_HU","Ugym-EIQ_F3H1RY2V9B4AaABAg","Mà con người đã phớt lờ lời cảnh báo của mẹ thiên nhiên, nên mẹ thiên nhiên mới sinh ra bão để đi giết người đấy thôi","2025-02-19T06:09:31.000Z","0"
"75CCX002_HU","Ugy3CDBQ6-Stb8eEX054AaABAg","Có ai gây hận thù với Yagi đâu, tại chị ấy BỊ NHỘT ấy chứ😂😂😂😂😂","2025-02-19T05:58:40.000Z","0"
"75CCX002_HU","UgzUUFhPlIyNacfUjol4AaABAg","Ở trường em gặp hiện tượng cầu vồng cuốn quanh mặt trời","2025-02-10T13:19:30.000Z","1"
"75CCX002_HU","UgzcdPnrAr_cU4iLSJR4AaABAg","ghê quá đi mất thôi","2025-02-08T06:32:58.000Z","0"
"75CCX002_HU","UgzmiRxTT2lDxKzF2BB4AaABAg","Bão Yagi số 3","2025-01-31T07:48:56.000Z","1"
"75CCX002_HU","Ugz7uH-FMjNqQZwt4GV4AaABAg","Quỷ trên cây  cau đấy chị ạ","2025-01-17T03:40:20.000Z","0"
"75CCX002_HU","UgwnQGr6X-HMOsdY55R4AaABAg","Em đã gặp hiện tượng bảo Trà My😢 quá là ghê luôn á trời mưa mà không tìm chỗ trú được luôn á hên là vô nhà kịp nếu không là cái nhà bay lên bầu trời luôn rồi😂","2024-12-20T13:58:13.000Z","1"
"75CCX002_HU","UgxMV8U935iZ9mvH9o54AaABAg","9:43 9:44 9:44 9:44 9:45 9:45 9:45 9:45 9:45 9:46 9:46 9:46 9:46 9:46 9:47 9:47 9:47 9:47","2024-12-20T06:10:40.000Z","0"
"75CCX002_HU","Ugw2GeDlSV0FWpy8Gbp4AaABAg","Bão rita còn kinh khủng hơn 😰😰😰😰😰😰😰😰😰😰😰😰😰😰😰😰😰😰","2024-12-14T07:11:15.000Z","0"
"75CCX002_HU","UgxV-lqJZRpysZ1QB8F4AaABAg","Sợ nhất là sấm sét","2024-12-11T06:14:51.000Z","1"
"75CCX002_HU","Ugzx0_f9z98Q_hHhIEB4AaABAg","Không sợ","2024-12-11T06:14:37.000Z","0"
"75CCX002_HU","Ugzt2ZCy-y312SPET754AaABAg","Chị nhanh trí ơi bão trà My mạnh hơn bão Yagi😮😮😮😮😮","2024-12-11T06:13:42.000Z","0"
"75CCX002_HU","UgwddKBez19J07Spn2R4AaABAg","Yagi có thể làm vua bão của hiện tai","2024-12-10T02:15:16.000Z","0"
"75CCX002_HU","UgzWk6rtsCQLaSZLne94AaABAg","YAGI","2024-12-02T10:42:33.000Z","0"
"75CCX002_HU","UgxUu8ydHnBmAynsN8t4AaABAg","Không có miền tây!à","2024-11-30T10:19:47.000Z","0"
"75CCX002_HU","Ugx1YPqjK_JBC1p2Bi54AaABAg","Cứt","2024-11-30T02:28:37.000Z","0"
"75CCX002_HU","UgzXd8UPtVfxKOEvQZl4AaABAg","Bão mẹ thiên hạ còn làm lại","2024-11-29T12:32:19.000Z","0"
"75CCX002_HU","UgzVm48yMGUe6E6P1md4AaABAg","Tuy vậy nhưng mình còn ra ngoài mà ko bị làm sao😅","2024-11-24T15:50:27.000Z","0"
"75CCX002_HU","Ugx_ghH7K9VEKyvVT8J4AaABAg","Chúng ta không phải là những cơn bão như vậy.






😊

😂🎉","2024-11-19T23:54:25.000Z","0"
"75CCX002_HU","UgzJpW_nuCFS8sO-TY14AaABAg","Chị ơi, sáng thứ 3 tuần trước ra chơi á, tao gặp cái bạn biết tên bão ( cái bạn nam lớp 7/7 ) ý, ngay trước thư viện xanh luôn, 2 đứa đụng đầu nhau luôn, nhưng không biết đụng cái kiểu gì làm tao bị đổi tính luôn.😢😢
Lúc đó có bạn tao cúi mình ý!","2024-11-18T14:49:44.000Z","0"
"75CCX002_HU","Ugz_g1oSW7tvlSYL-Dd4AaABAg","1:51 bão Avatar 😌","2024-11-16T03:15:48.000Z","0"
"75CCX002_HU","Ugy5nZrJ34VsG_hb_sx4AaABAg","1 yagi","2024-11-15T14:21:42.000Z","0"
"75CCX002_HU","Ugz1_-m3nRhiHtYMofx4AaABAg","tui tui tui","2024-11-15T12:58:20.000Z","0"
"75CCX002_HU","Ugx3KFqj6HfFRRKIvGF4AaABAg","1:54 1:56 1:57","2024-11-15T06:56:50.000Z","0"
"75CCX002_HU","UgwE0Xdb6oHFKR2jX2N4AaABAg","Ở chỗ em bảo gì mà em cũng không biết nữa mà nó to lắm😢","2024-11-13T04:02:47.000Z","0"
"75CCX002_HU","UgyD_ByXcG35494h37x4AaABAg","😂😂😂😂😂😂","2024-11-11T12:36:01.000Z","1"
"75CCX002_HU","UgxDuU9Jpxi7foyNAaJ4AaABAg","Éc","2024-11-10T23:10:40.000Z","0"
"75CCX002_HU","UgzjYABKNP1izb7V5XN4AaABAg","oii doi oisssssssssssssssssssssssssss 9:07","2024-11-10T14:42:22.000Z","0"
"75CCX002_HU","UgzAq45Z7dzCTwkMArV4AaABAg","Thội quá đi thôi 😢","2024-11-09T03:16:30.000Z","0"
"75CCX002_HU","UgziQRn7zUFtBprBu9J4AaABAg","Có Milton nữa","2024-11-08T10:43:47.000Z","0"
"75CCX002_HU","UgxUBgk-RcwHJW4JWfl4AaABAg","Có realple cùng yinxing cái từ realple sai nhà chị","2024-11-08T10:43:09.000Z","0"
"75CCX002_HU","UgwLvq66akXsN08UUCx4AaABAg","Quần si lít kìa","2024-11-06T14:48:46.000Z","0"
"75CCX002_HU","UgzYa--BAhiaM83B9wV4AaABAg","Em sợ quá 😢😢😢😢😢😢😢😢😢😢😢😢😢😢😢😢😢😢😢😢😢😢😢😢😢😢😢😢😢😢😢😢😢😢😢😢😢😢😢😢😢😢 quá buồn quá","2024-11-06T14:46:57.000Z","0"
"75CCX002_HU","Ugwwr4FlHQz6lFKXkOh4AaABAg","Yagi yếu Kong rey mạnh mẽ","2024-11-05T04:48:18.000Z","0"
"75CCX002_HU","UgygNv6cIuJpd2c0tYN4AaABAg","Cái nút mà vòng tròn đen vào Hà Nội kia mà Mình ở Hà Nội","2024-11-03T12:36:28.000Z","0"
"75CCX002_HU","Ugz6DeCumAGNPR90cAJ4AaABAg","chị ơi 
em đã nhìn thấy 2 lần gặp mây cầu vồng 
thật đó","2024-11-03T10:17:58.000Z","0"
"75CCX002_HU","UgwUW-rdlb0NA-3VYwx4AaABAg","2:26  bão Yagi số3","2024-11-02T12:14:17.000Z","0"
"75CCX002_HU","Ugyr0BWbvbFHNTbq1BF4AaABAg","bão yagi","2024-10-27T13:04:11.000Z","0"
"75CCX002_HU","UgwSN99huqTrJcBwzlN4AaABAg","Tui rất sợ 🥶🥶🥶🥶🥶🥶🥶🥶🥶🥶🥶🥶🥶","2024-10-25T05:36:05.000Z","0"
"75CCX002_HU","UgyU-SKtSdasFQjpw_Z4AaABAg","ls","2024-10-23T22:58:31.000Z","0"
"75CCX002_HU","Ugxx8bsF-NiHficRKyp4AaABAg","Bão yagi mặt quỷ satan","2024-10-22T12:50:59.000Z","0"
"75CCX002_HU","Ugy3kXB_l-J5Y3xo0Y14AaABAg","14:22 Chị Nhanh trí ơi chị mấy tuổi 😮???","2024-10-22T03:51:19.000Z","0"
"75CCX002_HU","Ugz8LFToyR5O5gnQ4bZ4AaABAg","Trí tưởng tượng phong phú","2024-10-21T14:15:36.000Z","0"
"75CCX002_HU","UgyfCvbK_585_V14DwF4AaABAg","chị kính lúp viết bầu trời tím thành bàu trời tím","2024-10-21T11:15:53.000Z","0"
"75CCX002_HU","Ugw0MHO64bCvqN80jot4AaABAg","Em gặp trời hồng😂😂🌏🌏","2024-10-19T13:19:37.000Z","0"
"75CCX002_HU","UgyyGLBgOK4gA5Euuo94AaABAg","Anh là người san bão đấy em","2024-10-19T10:55:28.000Z","0"
"75CCX002_HU","UgyMb2YPtMr9jEORxg14AaABAg","Lúc dị tượng đo ở nhà tui hả","2024-10-19T00:34:56.000Z","0"
"75CCX002_HU","Ugz4kVZ--UAxKCo66OB4AaABAg","que em o hai phong","2024-10-15T11:37:52.000Z","0"
"75CCX002_HU","UgyieqT33P5O7-oJmcF4AaABAg","Có cả bão gener","2024-10-13T12:07:18.000Z","0"
"75CCX002_HU","UgzxV_BhDkf7whLh9eV4AaABAg","what the heck is that?","2024-10-13T10:05:37.000Z","0"
"75CCX002_HU","UgzDilD30oU8XSX9giZ4AaABAg","?","2024-10-13T10:00:13.000Z","0"
"75CCX002_HU","Ugxw5D9FAJLaA6jbqd14AaABAg","Tôi mong đến thế kỷ 22 người ta sẽ làm máy hút bão","2024-10-13T07:30:54.000Z","1"
"75CCX002_HU","UgyvOt1-39lkNy2J3cJ4AaABAg","Tôi ở Hà Nội và TP Hải Phòng","2024-10-12T05:03:04.000Z","0"
"75CCX002_HU","Ugwf-oePGv8_alzvhax4AaABAg","Tôi ở miền Bắc mấc nhà luôn r còn lại cái điện thoại","2024-10-12T05:00:46.000Z","0"
"75CCX002_HU","UgxRVrYuWSt6zwpP2hp4AaABAg","có thêm bão mì lon","2024-10-12T01:24:21.000Z","0"
"75CCX002_HU","UgxbdpSLUTD3i_583e94AaABAg","😭😓😰😨😰😰😰😰😨😨😨","2024-10-12T01:21:25.000Z","0"
"75CCX002_HU","UgwyXBs3-L9xnTR7cJN4AaABAg","Đúng Đúng","2024-10-11T04:56:39.000Z","0"
"75CCX002_HU","UgwB13ePRAhP5d7ZPj54AaABAg","Cố lên miền bắc","2024-10-11T04:52:45.000Z","0"
"75CCX002_HU","Ugw8nHNIldq5WEzZ9SF4AaABAg","Nhà em có 4 người mà bão tới nhà em chỉ còn em và mẹ thôi 😭😭😭😭😭","2024-10-09T13:32:39.000Z","0"
"75CCX002_HU","Ugz927Dkd2s1QGr6IUF4AaABAg","Lúc bão tới việt nam thì tui đang ở Mỹ nên ko thắm lắm😅","2024-10-09T07:24:39.000Z","0"
"75CCX002_HU","UgxIpR_4bKGCIM6OaUl4AaABAg","Ghê quáaaaa","2024-10-08T15:49:52.000Z","0"
"75CCX002_HU","UgwI_6VrphuInmmKYcN4AaABAg","Năm 21 có đến 9 cơn bão vào bài ê r đong cơ","2024-10-08T11:47:45.000Z","0"
"75CCX002_HU","Ugw0_p9BrSoIdQFW9Jh4AaABAg","thật là tàn phá mọi nơi","2024-10-08T05:42:40.000Z","0"
"75CCX002_HU","Ugx4zeexWW9PTtmbAVx4AaABAg","YaGi nha","2024-10-08T05:37:28.000Z","0"
"75CCX002_HU","UgzSoomYovQ2OQI1axF4AaABAg","Trời","2024-10-06T05:22:43.000Z","0"
"75CCX002_HU","Ugw0OMGe-3051m6OgjF4AaABAg","Bảo Yagi","2024-10-05T06:58:47.000Z","0"
"75CCX002_HU","UgxB_Mcl14NtHbxWD794AaABAg","Chết mẹ nó rồi!","2024-10-04T13:59:40.000Z","0"
"75CCX002_HU","UgxNeZ86dvIZrkTBSW14AaABAg","Mẹ ơi!cứu con","2024-10-04T13:58:11.000Z","0"
"75CCX002_HU","Ugwpara9JJx5YCuYNl54AaABAg","Làm tiếp đi chị","2024-10-04T13:50:03.000Z","0"
"75CCX002_HU","UgyJAqlMozUzE7_VYnF4AaABAg","Ôi trời ơi bà con chó mạnh dữ vậy 🌪️🌪️🌪️🌪️🌪️🌪️🌪️🌪️🌪️🌪️🌪️🌪️🌪️🌪️🌪️🌪️🌪️🌪️🌪️🌪️🌪️🌪️🌪️🌪️","2024-10-03T05:06:55.000Z","0"
"75CCX002_HU","Ugz_trmyqeHJ9KYX7Ql4AaABAg","Nỗi da gà :))","2024-10-02T15:20:00.000Z","0"
"75CCX002_HU","UgxeLaRHCrzs78z4BCR4AaABAg","Bao yagi 😢😢😢😢","2024-10-02T14:49:47.000Z","0"
"75CCX002_HU","Ugx6EXARkX4db7JR1gF4AaABAg","Em đã nhìn thấy một hiện tượng về mây là em đã thấy chú dê xu á","2024-10-02T12:31:14.000Z","2"
"75CCX002_HU","UgxjmOqNIcUpiddBof94AaABAg","Em miền Nam nên ko c bão cj 😢😢😢😢","2024-10-02T10:38:09.000Z","0"
"75CCX002_HU","UgyP5s7b--2Bq6wnEo54AaABAg","Đúng rồi ghê quá 😮😢","2024-10-02T09:58:33.000Z","0"
"75CCX002_HU","UgyytSBIqBPQuGmItuJ4AaABAg","Tội nghiệp cho Việt Nam😢","2024-10-02T04:51:13.000Z","0"
"75CCX002_HU","UgyN4aA67Ihzk0sMIih4AaABAg","Tội nghiệp cho Việt Nam","2024-10-02T04:50:50.000Z","0"
"75CCX002_HU","UgyARskQwgBPWAmGvlJ4AaABAg","Còn 46 cơn bão mạnh","2024-09-30T23:00:54.000Z","0"
"75CCX002_HU","UgxeG583vl_YO1DIOf94AaABAg","Không biết những siêu bão cộng lại sẽ như thế nào nhỉ","2024-09-29T14:11:32.000Z","0"
"75CCX002_HU","UgyfkPiAcBRSdJPcW3J4AaABAg","sóng thần cấp 1 yếu hơn sóng thàn cấp 2 cao 1000 mấy ấy","2024-09-29T06:07:03.000Z","0"
"75CCX002_HU","UgwE5wVkNKwcm7e5yph4AaABAg","Bão sô 4 năm 2022 là noru😢 sơ quá","2024-09-29T05:43:56.000Z","0"
"75CCX002_HU","Ugxum9CSVdhhLCe8SqB4AaABAg","1:48","2024-09-28T14:05:22.000Z","0"
"75CCX002_HU","Ugy0qED90fZM4PXzjpJ4AaABAg","Nhà em gặp hiện tượng lạ đang xem tivi thì mất điện xong vừa quay đầu lại có điện quá lạ luôn đang chơi tự nhiên mất điện đột ngột chị ạ","2024-09-28T12:48:12.000Z","0"
"75CCX002_HU","UgwHdvkA6tYYO9IPykZ4AaABAg","Còn bảo nano","2024-09-28T09:31:17.000Z","0"
"75CCX002_HU","UgyyheJVpKCkMcSdosp4AaABAg","Bão yagi qua 6-9-2024","2024-09-28T05:49:29.000Z","0"
"75CCX002_HU","UgydKHh3FKB0rgjcrxd4AaABAg","Yagi","2024-09-27T15:43:12.000Z","0"
"75CCX002_HU","UgyqeTiAJirL217Nv7x4AaABAg","1. Bão MATTEW Hình Đầu lâu💀","2024-09-27T07:39:34.000Z","1"
"75CCX002_HU","UgxTlmZxaW-llSuVGa94AaABAg","tôi đã mất hết:((","2024-09-25T05:27:30.000Z","0"
"75CCX002_HU","UgwGFA6dSSRyfn2_Q8Z4AaABAg","Tào 
Ìao","2024-09-25T03:45:40.000Z","0"
"75CCX002_HU","UgwKjvRgCicPAim1GoV4AaABAg","Cj oi bão yagi tới vn r cj","2024-09-25T02:48:01.000Z","0"
"75CCX002_HU","Ugzf3hlRV7QAs7PGx4t4AaABAg","omggggggggg😢","2024-09-23T11:52:43.000Z","1"
"75CCX002_HU","UgyztowZy16_uGq8FgJ4AaABAg","Siêu bão Yagi","2024-09-23T09:04:57.000Z","0"
"75CCX002_HU","Ugxh_t9aqrQxOXtYkI94AaABAg","Em sinh 2017 là đã có bão rồi chị ơi những chỗ em hài quá người nhà em không sợ mà đứng ngay giữa bão nhìn thứ hai kiểu gì đấy 😑","2024-09-23T06:16:28.000Z","0"
"75CCX002_HU","UgxKDmUckR6EGVK2UTd4AaABAg","Phải đi vào tâm bão với an toàn được không thì nguy hiểm lắm 😭","2024-09-23T06:12:47.000Z","0"
"75CCX002_HU","Ugy_5o7PZQel1dFqNGF4AaABAg","nhanh trí❤❤🎉🎉🎉❤❤","2024-09-23T04:43:01.000Z","0"
"75CCX002_HU","UgzHd9Kar2OyI9zy9z54AaABAg","Gener...","2024-09-22T09:36:37.000Z","0"
"75CCX002_HU","UgzjhCQfs9foQgHJuEF4AaABAg","Xxxxxxxxcxxxx😅😅😅😅😅😅","2024-09-22T03:54:28.000Z","0"
"75CCX002_HU","UgzIGNoNiA3_UNInAm94AaABAg","Bão yagi","2024-09-22T02:16:51.000Z","0"
"75CCX002_HU","Ugx1KBTYNIZYsl6ZSDt4AaABAg","😰😰😰😰😰😰😰😰😰😰 sơ ơi","2024-09-22T00:01:36.000Z","0"
"75CCX002_HU","UgyGDlcwE1TJZQ8upHl4AaABAg","Chỗ t đang mưa mà muốn bay nóc nhà r mà là miền nam nha:(","2024-09-21T08:19:55.000Z","0"
"75CCX002_HU","UgwRSUnwL2q7lOPNQXB4AaABAg","nó là sét đánh","2024-09-21T07:26:56.000Z","0"
"75CCX002_HU","Ugy4N825fL1ttRSF1b54AaABAg","zagfsawf dfhjmkl;kljkujyftfrds ghjnjhbhvjkggkfc,cmvbcvhfdghjklk; n.,mnvhgcdydjngb mc,kjljcxxlcxcvlk.,vmcv dnbsbhjhdsjnmxbjk,m.la;ad'spaw[e';zslskmderjiw4u4jt5irkeldfm,kseioepr09385utirjkefdslm,z.xmk.l;awqopw;lwds,mkfjtjlgfm,.fd;lk;xld,c.mklsjddđsiueoudjlkmcx,ahjegsfhdnbxhcysujmdnbnmdfmjeehruiiiekjszjsaiosqlk;'a;lmnhjguyt89y9ouhdfjj,mfnioeerjdsksjdajqiop[pl;,mnqjhujydsshjnew bnmy7w7euiiiiibejhjrusdkmx,cdjkfnmjek.fsdnmnfhejbbbbbjmnejkioui3yowqeoeweeyiqjkwanmbdvsgfryuyewjskjlp;allp1o22222222221wkqasmdgjthgfdnbbbbjrekufidddddddddđhewbjehqqyiqiwuohdjnbbhewuieiudujkmndjuieeeeeeeeeeeeeeewhyrqiHAKnssknjdbdjhriuhwueryhriuhuweihjhjkh3iewurhjndshjye2uiwoqq01p12wy8yieuhdjmbcbvbgfgh
Đố cj bt em viết cái j 
🤣🤣🤣🤣🤣🤣🤣🤣🤣🤣🤣🤣🤣🤣🤣🤣🤣🤣🤣🤣🤣🤣🤣🤣🤣🤣🤣🤣🤣🤣🤣🤣🤣🤣🤣🤣😂😂😂😂😂😂😂😂😂😂😂😂😂😂😂😂😂😂😂😂😂😂😂😂😂😂😂😂😂😂😂😂😂😂😂😂","2024-09-21T06:15:02.000Z","0"
"75CCX002_HU","UgwKvsUAA6FOLpR62JJ4AaABAg","tôi năm thìn nè😅","2024-09-21T04:39:31.000Z","0"
"75CCX002_HU","UgzXrSoLHUHKc2x4miR4AaABAg","2:33 ôi","2024-09-20T16:15:36.000Z","0"
"75CCX002_HU","Ugwugbqpg7Qs0EYxcEd4AaABAg","Cũng kinh đấy","2024-09-20T14:01:38.000Z","0"
"75CCX002_HU","Ugzf3kTV3daYFLReWY54AaABAg","Kinh","2024-09-20T13:57:42.000Z","0"
"75CCX002_HU","UgyqmUDZE2xw0Q4RN8t4AaABAg","Sợ quá cc😢😢😢😢","2024-09-20T13:56:54.000Z","0"
"75CCX002_HU","UgwQSo2awmcYALAHU5B4AaABAg","Kinh thế","2024-09-20T13:54:48.000Z","0"
"75CCX002_HU","UgyxG0hzpHsldrmKbk94AaABAg","Gê đấy","2024-09-20T13:53:10.000Z","0"
"75CCX002_HU","UgxdbqIXVCFGu4ncinh4AaABAg","Sợ vãi cc","2024-09-20T13:51:40.000Z","0"
"75CCX002_HU","UgxDafAEXHULAS6vRiN4AaABAg","meosimmy","2024-09-20T11:51:12.000Z","0"
"75CCX002_HU","UgyjrEyNX7FmvZn0Xad4AaABAg","Có ths vn sē bị bão gender zô vào năm 2587 30% 3850 100%","2024-09-20T04:25:44.000Z","0"
"75CCX002_HU","UgwPtD4jDmh2IB8asZV4AaABAg","Yagi ra sē có gender qua ds ns khác","2024-09-20T04:23:15.000Z","0"
"75CCX002_HU","UgxcvOgO1cEooVDG8p54AaABAg","Siêu bãogener mạnh hơn yagi","2024-09-19T13:37:22.000Z","0"
"75CCX002_HU","UgyiWrQ3tKzqkqHLEB54AaABAg","Bão tip mới mạnh","2024-09-19T11:26:09.000Z","0"
"75CCX002_HU","Ugw43alI7Ha_D-4xk3F4AaABAg","e tuổi rồng nè chị","2024-09-19T04:43:01.000Z","0"
"75CCX002_HU","Ugwij-kR56_y2OUulD14AaABAg","2:22","2024-09-18T13:20:17.000Z","0"
"75CCX002_HU","UgzZl6TaVF_bVHeJQNB4AaABAg","242","2024-09-18T13:19:44.000Z","0"
"75CCX002_HU","UgyET3Ou80Nq8qs-iAp4AaABAg","sẽ có một cơn bão nữa","2024-09-18T13:19:08.000Z","0"
"75CCX002_HU","Ugy5zru5amSo3LD4-9F4AaABAg","😮","2024-09-18T11:48:28.000Z","0"
"75CCX002_HU","UgwyKdyf1ljLKp4K99l4AaABAg","Tôi mới quyuên góp cho miền bắc nè","2024-09-18T06:27:37.000Z","0"
"75CCX002_HU","UgzrLSO6_hBttG-3hNF4AaABAg","🐉","2024-09-18T05:57:46.000Z","0"
"75CCX002_HU","UgxD4GgBtY8qZom3Lap4AaABAg","😢😢😢😢😭😭😭😭😭","2024-09-18T05:56:32.000Z","0"
"75CCX002_HU","Ugy1y-q2NAin105Lkap4AaABAg","EM TUOI GA MA EM AN THIT GA","2024-09-18T05:21:24.000Z","0"
"75CCX002_HU","UgyTieegPSa4CnaPr-J4AaABAg","em gặp mặt trăng máu tại kiêng giang","2024-09-18T04:39:46.000Z","0"
"75CCX002_HU","UgxLWYb3m6cMy7sUvDd4AaABAg","Đúng vậy sắp có thêm bảo số 4","2024-09-18T04:23:06.000Z","0"
"75CCX002_HU","UgxZVwY0FzohDzMjt6V4AaABAg","Thật sự đáng sợ luôn","2024-09-18T04:03:10.000Z","0"
"75CCX002_HU","UgyNs2oUbfqy74QwqXB4AaABAg","Wow ❤❤❤❤❤❤❤❤❤","2024-09-17T15:26:29.000Z","0"
"75CCX002_HU","Ugy8Xb-SSZnDxzZchNF4AaABAg","Sợ quá đi huhu!😰","2024-09-17T11:42:18.000Z","0"
"75CCX002_HU","Ugyjl8TgHadmkOVjapN4AaABAg","❤❤❤❤❤❤❤❤❤❤❤❤❤❤❤❤❤❤❤","2024-09-17T11:27:10.000Z","0"
"75CCX002_HU","UgxtBK7jXhuxsV7nW_V4AaABAg","❤❤❤❤❤❤❤❤❤❤❤❤❤❤❤❤❤❤❤","2024-09-17T11:26:55.000Z","0"
"75CCX002_HU","UgzybqMXOLD3dKix0-d4AaABAg","Siêu bão yagi ghê quá 😱😱😱😱","2024-09-17T10:45:12.000Z","0"
"75CCX002_HU","Ugx2gTs24JMYLRShpfl4AaABAg","Ninh Bình có bảo ko vậy chị","2024-09-17T10:02:54.000Z","0"
"75CCX002_HU","UgxzQ7OVsVEehtBQwZR4AaABAg","Chị nhanh trí ơi rốt cuộc cơn bão nào mạnh nhất","2024-09-17T09:58:35.000Z","1"
"75CCX002_HU","UgyGRCyO4Oa8mkggl6d4AaABAg","😂😂😂😂","2024-09-17T04:33:46.000Z","0"
"75CCX002_HU","UgxS1P0JpmqTAcQM4EJ4AaABAg","kính nhà em suýt bị vỡ😢😢😢","2024-09-17T04:02:43.000Z","0"
"75CCX002_HU","Ugz-vE-kasura5vgdTt4AaABAg",":( 1982LI weekend.Yeah , yeah , yeah , yeah , yeah , awakens , we don't do it , polka music videos","2024-09-16T15:23:37.000Z","0"
"75CCX002_HU","UgxTZ0njRVUU0fjoHYx4AaABAg","Valley york my non","2024-09-16T15:22:25.000Z","0"
"75CCX002_HU","UgyrNnP3fh2xXTfZ6mZ4AaABAg","Wonder go to google and","2024-09-16T15:21:43.000Z","0"
"75CCX002_HU","Ugwc2BPp41JN-8K1f3x4AaABAg","I need a tomato.
Idea to google it","2024-09-16T15:21:23.000Z","0"
"75CCX002_HU","UgyAeMHVe8XYi4h8xg54AaABAg","Ủa chị ơi thế hello tim của một miền Bắc có bị sao không","2024-09-16T14:50:42.000Z","0"
"75CCX002_HU","UgzHDnbeGdMRY8-pnEt4AaABAg","đang đói được mâm cơm","2024-09-16T14:27:30.000Z","0"
"75CCX002_HU","UgwH_oMwrnAb5SpP5y14AaABAg","Em định gửi cho chị video này","2024-09-16T14:16:15.000Z","0"
"75CCX002_HU","UgxJ-zKDSmFaDEyGnlF4AaABAg","Có","2024-09-16T13:38:19.000Z","0"
"75CCX002_HU","UgwxlgG7PUn2qm2AbEN4AaABAg","Bão yagi","2024-09-16T13:36:06.000Z","0"
"75CCX002_HU","UgxTth7ZWh93lqRolzt4AaABAg","co khi do bac ho ve  xem coi xem co giub cho xa hoi","2024-09-16T13:23:54.000Z","0"
"75CCX002_HU","UgwxsmQfQpUjx-Rc6Np4AaABAg","hên em ở miền nam😮😮❤❤❤","2024-09-16T12:48:07.000Z","0"
"75CCX002_HU","UgzIL59W3e1Zus9e3oB4AaABAg","hồi chiều em vừa gửi 20.000 nghìn để quyên góp tiền cho các bạn bị bão YAGI ảnh hưởng","2024-09-16T12:37:21.000Z","0"
"75CCX002_HU","UgzR-WoMJdEuaR6X0ep4AaABAg","Chị ơi chị làm về nhà được không ạ 😊","2024-09-16T11:44:30.000Z","0"
"75CCX002_HU","UgwfVsxdWFClE0LwbWV4AaABAg","😱😱😱😱😱😱","2024-09-16T05:55:41.000Z","0"
"75CCX002_HU","Ugwvo-kB7T1yChFkAgh4AaABAg","Các   bão mới
1 bão pulasan
2 bão wml
3 bão 95L
4 bão gordon
5 bão bebinca
6 bão genel
7 bão IIeana","2024-09-16T03:35:50.000Z","1"
"75CCX002_HU","Ugxk3jGno5e9iQ8APmZ4AaABAg","Bà ngoại của em ở miền Bắc🥲","2024-09-15T22:09:29.000Z","0"
"75CCX002_HU","Ugxq-UNZ83AKfzJZfgJ4AaABAg","It's YAGI thunderstorm?(tôi nói tiếng Anh)","2024-09-15T13:05:34.000Z","0"
"75CCX002_HU","UgwOTSA4228tgSpHt5F4AaABAg","Sure?🤨","2024-09-15T13:00:40.000Z","0"
"75CCX002_HU","UgywjK7ZhHKBBx4bhFR4AaABAg","Tên là yagi","2024-09-15T12:23:16.000Z","0"
"75CCX002_HU","UgzPL4QsLCmxYdDjQN94AaABAg","Ừm em chọn ảnh số 1 và số 3","2024-09-15T12:21:02.000Z","0"
"75CCX002_HU","UgwMWKsTg_UGveBE8Mh4AaABAg","bão yagi đáng sợ vậy sao 😮 vậy mà lớp em nó cứ đòi bảo đến ấy 🥲😅🤣😥","2024-09-15T10:32:22.000Z","0"
"75CCX002_HU","UgzE-W8VkQNracVRlQF4AaABAg","em trai toi sinh ra dung luc bao yagi toi thi co bi xui seo khong ??","2024-09-15T07:49:35.000Z","0"
"75CCX002_HU","Ugw-NQb_zyBA9sebo_B4AaABAg","1:31 plant vs zombie tên game","2024-09-15T07:36:42.000Z","1"
"75CCX002_HU","Ugxh8FYmmQDgodlNHNh4AaABAg","em ở hải phòng em được xem trực tiếp nó kinh lắm , nhà em bây gãy cây mái tôn hàng xóm bay trên bầu trời king quá","2024-09-15T07:36:30.000Z","4"
"75CCX002_HU","Ugx6gll1P8ETsGrsU0F4AaABAg","Ôi trời đáng sợ thật đấy 😰😰😰😰😰😰😰😰😰😰😰😰","2024-09-15T04:04:04.000Z","0"
"75CCX002_HU","UgyyNAZidOgyb5DX5QZ4AaABAg","Nhìn thấy ghê quá đi mất 😱😱😱😱","2024-09-14T12:14:51.000Z","0"
"75CCX002_HU","UgxJe7F7UeOpGvr9W_F4AaABAg","Quê em bão quá trời lun","2024-09-14T09:24:31.000Z","0"
"75CCX002_HU","UgzKw4gK7ci9Mmy2HCN4AaABAg","sợ quá","2024-09-14T06:07:07.000Z","0"
"75CCX002_HU","UgxluIvsZiCeSC4eE954AaABAg","❤❤❤","2024-09-14T04:24:55.000Z","0"
"75CCX002_HU","UgxkV7ta7Mv2CmO2Lk14AaABAg","Ghê quá chị ơi","2024-09-14T04:01:02.000Z","0"
"75CCX002_HU","UgzvdbcIXkkOoNqOGAx4AaABAg","Nhưng bây giờ là bão gacu mạnh hơn bão gayi","2024-09-14T03:37:53.000Z","0"
"75CCX002_HU","UgyxIP4G70nXYZyUvlx4AaABAg","Chị Nhanh Trí ơi nếu em đang khoan tường mà bố em kêu ""khoan"" là khoan hay không khoan ạ?","2024-09-14T03:07:07.000Z","0"
"75CCX002_HU","UgzXiP2hCIiU_tfMO_F4AaABAg","chij nhanh tris cute","2024-09-14T03:04:32.000Z","0"
"75CCX002_HU","UgxlXNCv1wVTCCuFqRB4AaABAg","Hôm thứ bảy 7/9 là sinh Nhật của em 😢😢😢😢😢","2024-09-14T03:02:19.000Z","0"
"75CCX002_HU","UgyywlEZTo3IDFZjV2J4AaABAg","Thì ra tại sao Việt Nam có nhiều rác như vậy","2024-09-14T03:02:03.000Z","0"
"75CCX002_HU","UgxlOjOxvSiCIEncJGF4AaABAg","bão yagi","2024-09-14T02:59:53.000Z","0"
"75CCX002_HU","Ugy31o4AO9Rq4z_O-O54AaABAg","Em ở hải phòng 😢","2024-09-14T02:49:44.000Z","0"
"75CCX002_HU","UgwDXqMFU3m66ah-pY54AaABAg","em là thần gió","2024-09-14T00:54:52.000Z","0"
"75CCX002_HU","UgyyJaCkFadsgLyLGjd4AaABAg","Hello chị Nhanh Trí","2024-09-13T15:19:05.000Z","0"
"75CCX002_HU","Ugz5ixvYntcA6AA_2j14AaABAg","Nhà em ở trong đê chứ ở ngoài đê thì chớt😂","2024-09-13T15:01:08.000Z","0"
"75CCX002_HU","UgynOrS077BGyC67_kl4AaABAg","Đáng sợ quá ikk","2024-09-13T14:38:29.000Z","1"
"75CCX002_HU","UgzofcX1SfkAkyF_VZR4AaABAg","chúc chị đạt nút kim cương đỏ nhe chị nhanh trí i love you","2024-09-13T14:00:38.000Z","0"
"75CCX002_HU","UgyMKdCcWuEvmmedTex4AaABAg","Nước em có mây sóng thần như vậy😢😢😢","2024-09-13T12:50:06.000Z","0"
"75CCX002_HU","Ugz99bCUaBk8G7NSwvl4AaABAg","Quê em ở Việt Nam có 1 lần bão nhưng mây đen trôi như sóng thần😢😢😢😢😢😢","2024-09-13T12:44:52.000Z","0"
"75CCX002_HU","Ugzpxtggv_3iIW0qux14AaABAg","sợ bão❌
ê bây ơi, mai có đc nghỉ học ko vậy✅","2024-09-13T12:40:45.000Z","0"
"75CCX002_HU","UgzrQewFx1lDXVXH6S14AaABAg","Phét","2024-09-13T12:22:54.000Z","0"
"75CCX002_HU","UgyPl7TIqNwCMMxlMER4AaABAg","1. hình 2 
2. bão yagi
3. không
4. mây sống thần
5. bầu trời tím
6. do sét đánh 
7. A - B
8. A-C
9. tất cả","2024-09-13T11:51:58.000Z","0"
"75CCX002_HU","UgwzPdnQE7QaMTJO-C14AaABAg","Nhìn sợ á chị 😿","2024-09-13T11:50:53.000Z","0"
"75CCX002_HU","UgxriR4hqT8_nAQ9GEh4AaABAg","ge qa","2024-09-13T10:52:45.000Z","0"
"75CCX002_HU","UgyAV2retvzK5pJwKA14AaABAg","hay quá nhanh trí o[i","2024-09-13T10:38:14.000Z","1"
"75CCX002_HU","Ugyv8m8NOaUQklHSyt94AaABAg","Có anh 2 em tuổi rồng nè chị Nhanh Trí","2024-09-13T10:25:29.000Z","0"
"75CCX002_HU","Ugw9VCpPlNEqt1ghMvl4AaABAg","Hi chị nha,thứ hai trường em tổ chức trung thu á chị❤😊","2024-09-13T10:22:44.000Z","0"
"75CCX002_HU","UgyN6RTJ7aLywIy7zu94AaABAg","Trung Quốc chọc tức Việt Nam","2024-09-13T09:48:11.000Z","0"
"75CCX002_HU","UgxNSvBQMz_wzOIgBSl4AaABAg","✔️⚫️🇻🇳🙏🏻🌪⚠️1=2","2024-09-13T08:56:17.000Z","0"
"75CCX002_HU","UgzQkopkL_9RpWjUqp94AaABAg","Em ở Đắk Lắk mà em cũng sợ","2024-09-13T08:51:14.000Z","0"
"75CCX002_HU","UgxWMUKFkMlTz4a8Yop4AaABAg","Mà em còn mạnh hơn mấy bạn ở trong lớp nữa chị heeee","2024-09-13T08:43:54.000Z","0"
"75CCX002_HU","Ugy4rsu1cenPHthFlux4AaABAg","Em đi học mà em sợ lắm heee","2024-09-13T08:43:13.000Z","0"
"75CCX002_HU","UgzM63RKATfJXUtaOap4AaABAg","lúc nào trước khi xem video em cũng phải tim và bl cho chị đó","2024-09-13T08:31:14.000Z","0"
"75CCX002_HU","UgxpuBjWXUdxNyOqwpR4AaABAg","Bão Yagi😲","2024-09-13T08:28:34.000Z","1"
"75CCX002_HU","UgxMVlYcpFRfQcGNErF4AaABAg","0:29 Cây số 2
1:47 Bão Yagi
4:37 Không
5:43 Mây sóng thần
7:18 Bầu trời chuyển sang màu tím
9:47 Do sét đánh
11:04 A và B
12:40 A và C
14:05 Cả 4","2024-09-13T08:08:15.000Z","1"
"75CCX002_HU","UgyVaLYmSQWeFDuYaBt4AaABAg","0:28 hình 2
1:46 bão Yagi
4:36 không
5:43 mây trên bầu trời
7:17 bầu trời màu tím
11:02 Cả 1,2 đều đúng
12:40 Do bão
14:04 cả 4","2024-09-13T06:59:13.000Z","0"
"75CCX002_HU","Ugw3mhuHizg8z5haCHN4AaABAg","thứ 6 ngày 13 là hồm nay","2024-09-13T06:48:26.000Z","0"
"75CCX002_HU","UgwV8jrehhO5fo7c8aV4AaABAg","cj nhanh trí ở tỉnh nào của miền bắc vậy cj","2024-09-13T06:42:53.000Z","0"
"75CCX002_HU","UgxEP_jTym6mhfDsgO14AaABAg","Chị ơi lời tiên đó em sinh nhật em 06 09 2015 ngày mai bảo .💀","2024-09-13T05:25:46.000Z","1"
"75CCX002_HU","UgyauSZL0XZKMYlgKVZ4AaABAg","huhu nhìn sợ quá","2024-09-13T05:16:55.000Z","2"
"75CCX002_HU","UgzaZYMH2oQXWIRc9Sl4AaABAg","Hi chị 😊😊😊❤❤❤❤","2024-09-13T05:06:47.000Z","2"
"75CCX002_HU","UgxNYekRq7oTFlx68CJ4AaABAg","Lúc bão số 4 thì chị làm video mới cho em biết nha","2024-09-13T05:04:00.000Z","1"
"75CCX002_HU","UgxuzS-IEGeEeP2fbY54AaABAg","Đáng sợ 😮","2024-09-13T04:59:18.000Z","1"
"75CCX002_HU","Ugx6Mjpa3fNaPChH8N94AaABAg","Chỗ chị có bị ngập ko ạ. Chỗ em Hà Nam ngập kinh quá","2024-09-13T04:45:58.000Z","10"
"75CCX002_HU","UgzTEIAGW4cFJ3EQreN4AaABAg","Chào chị 
Chị còn nhớ e ko 
Em đã xem chị từ rất lâu r❤❤❤
Em đã đổi avatar r e sợ chị sẽ ko nhận ra:(","2024-09-13T04:32:10.000Z","6"
"75CCX002_HU","UgzMPpbnjqgdTeftaMV4AaABAg","hello nhanh tri","2024-09-13T04:27:42.000Z","1"
"75CCX002_HU","UgxK9-CULZNgnlREEj14AaABAg","Hello cj, em mới đi học về nè❤","2024-09-13T04:27:28.000Z","3"
"75CCX002_HU","Ugx7NAmAjNA8ojgvjmB4AaABAg","ghê quá đi mất thôi😰😰😰😰😰😰😰😰😰","2024-09-13T04:23:11.000Z","21"
"75CCX002_HU","Ugw3ToXvWbI3UhF35r94AaABAg","Cùng nhau đi qua giông bão cuộc đời. Bình yên được chút, thì đừng rời bỏ nhau nhaaaaa mấy fen! 
chúc các bạn luôn vững vàng vui vẻ, an toàn ở mọi lúc mọi nơi","2024-09-13T04:19:07.000Z","25"
"75CCX002_HU","Ugy6G0vP-lATFTqwO7J4AaABAg","Cấp 3","2024-09-13T04:16:26.000Z","2"
"75CCX002_HU","Ugw231XeHi64fgVK27x4AaABAg","Yagi","2024-09-13T04:16:09.000Z","1"
"75CCX002_HU","UgwdKxU28YFWaxG6dWB4AaABAg","Em có xem một bài đăng của kênh youtube:""kính lúp tv"",cả thành phố Thái Nguyên đều biến thành Venice 😢😭","2024-09-13T04:15:35.000Z","0"
"75CCX002_HU","UgxF-bOOs000XRaLw_J4AaABAg","0:28 hình 2
1:46 bão Yagi
4:36 không
5:43 mây trên bầu trời
7:17 bầu trời màu tím
11:02 Cả 1,2 đều đúng
12:40 Do bão
14:04 cả 4","2024-09-13T04:13:15.000Z","5"
"75CCX002_HU","UgwukbmEPApH3W19sFF4AaABAg","Chỗ em hên là nắng mấy nay chị ạ 😊","2024-09-13T04:11:56.000Z","1"
"75CCX002_HU","UgztzqPybygsJaFOUSF4AaABAg","Sau bão yagi sẽ có cơn bão nữa chị ạ","2024-09-13T04:07:42.000Z","8"
"75CCX002_HU","UgxEb0WBQ9FzLko7hsB4AaABAg","bão ferdie vô có mạnh k chị","2024-09-13T04:06:04.000Z","2"
"75CCX002_HU","UgxOc7eYeqlmATsQA_Z4AaABAg","sợ quá trời 🥲","2024-09-13T04:05:07.000Z","10"
"75CCX002_HU","UgwTNYql769-swY8FKV4AaABAg","Bão sợ quá","2024-09-13T04:03:44.000Z","2"
"75CCX002_HU","UgxXRIQo7ehKP9pMNSx4AaABAg","Chị Nt ơi chỗ chị hết mưa chưa ? Chỗ em mặc dù có mưa nhưng ảnh hưởng nhẹ hoi ạ . Mà mưa xong ra ngoài mua đồ cái thấy nó ... ngập hết trơn gòi","2024-09-13T04:03:07.000Z","4"
"75CCX002_HU","UgxyoIWC16MC1D3ENkx4AaABAg","Hai","2024-09-13T04:01:16.000Z","2"
"75CCX002_HU","UgyLd8_Y1azR1RF2qOB4AaABAg","Đầu😂","2024-09-13T04:00:42.000Z","2"
"76Vb9JwfqP8","Ugzp2UPYXLeRTFospt14AaABAg","Khủng khiếp khi Mẹ Thiên Nhiên nổi giận . Thương lắm đồng bào ơi ! Ai xem cũng nghẹn ngào tuôn rơi nước mắt . Mọi người sẵn sàng chia sẻ dù ít dù nhiều  , để bà con vơi đi nỗi đau tột cùng này .","2024-09-27T11:29:03.000Z","7"
"76Vb9JwfqP8","Ugw2WDYhnAI0h4qG5554AaABAg","Bão yagi công nhận công phá mạnh thật😁😁😁😁😁😁😄😄😄😄😄","2024-09-25T07:21:24.000Z","5"
"kHp30SKWtIs","UgwMTzow8c1sBr-BIiJ4AaABAg","Ghim","2025-10-20T10:41:09.000Z","3"
"kHp30SKWtIs","UgwxPAIWsEYFUK5S_CJ4AaABAg","😢😢😢😢😢😢😢😢😢😢😢😢😢😢😢😢😢😢😢😢😢😢😢😢😢😢😢😢😢😢😢😢😢😢😢😢😢😢😢😢😢😢😢😢😢😢😢😢","2025-11-27T10:03:39.000Z","0"
"kHp30SKWtIs","UgzMxjr8lLzsAMmUhat4AaABAg","Edit hay😅","2025-11-10T05:16:14.000Z","0"
"kHp30SKWtIs","UgyBOXo8-lDt_y1UVuF4AaABAg","Quy nhơn chuẩn bị có siêu bão cấp gió tới 12,14 quét lớp sau tụi nó nói:""🗣🔥 12 giờ đêm đi săn bão sẵn găp tao ở cây xăng 🗿""","2025-11-05T06:48:56.000Z","2"
"kHp30SKWtIs","UgyvJEe4RDs4_SGzyUB4AaABAg","bão yagi là bão j ạ","2025-11-02T16:21:31.000Z","1"
"kHp30SKWtIs","Ugz6q0t_RSH0vZiWFJ54AaABAg","Tội việt Nam quá😢😢😢","2025-10-31T04:04:24.000Z","2"
"kHp30SKWtIs","UgwIXSyyVuhuRx0ep1x4AaABAg","yagi😢😢❤❤❤","2025-10-25T10:22:44.000Z","1"
"kHp30SKWtIs","Ugxlnv-P2GudVo9hu6B4AaABAg","Mạnh quá","2025-10-24T08:41:32.000Z","1"
"kHp30SKWtIs","Ugx5k9Hlx18rPRvF2MZ4AaABAg","😢","2025-10-24T08:41:14.000Z","1"
"kHp30SKWtIs","UgwmzURi0_gvf6lu93h4AaABAg","Ghim","2025-10-20T10:40:49.000Z","0"
"ED0ocTcI9C4","UgwIPI6wxwOE1U6WUXx4AaABAg","việc 1 cơn bão mới hình thành như này đạt 500km/h và mạnh như vậy gần như bất khả thi và tốc độ di chuyển của nó k thể nhanh v đc
siêu bão càng mạnh thì càng to nhưng cơn bão này vỏn vẹn dưới 6h nên quá hư cấu","2025-11-25T14:22:43.000Z","0"
"ED0ocTcI9C4","UgwfPZfInH3TGGJtUSZ4AaABAg","Tus chiu 250pmh ma","2025-11-20T14:24:10.000Z","0"
"ED0ocTcI9C4","UgwXX05GbKeAyj2NHLZ4AaABAg","Bao gia thôi mà lo cái j","2025-11-01T12:22:13.000Z","0"
"ED0ocTcI9C4","UgzJAci9t4YCK-_1mwV4AaABAg","Đúng","2025-11-01T12:20:50.000Z","0"
"ED0ocTcI9C4","UgwKN6dyQz4indaipyB4AaABAg","Bao gia mà","2025-11-01T12:20:31.000Z","0"
"ED0ocTcI9C4","Ugw2-pT_H-B--wCZnJJ4AaABAg","Cứ tưởng nhóm twister săn bão chứ :))","2025-10-30T13:02:27.000Z","0"
"ED0ocTcI9C4","UgyjETy9SbCmtKA0SSF4AaABAg","Bão Ragasa đó","2025-10-23T23:49:31.000Z","0"
"ED0ocTcI9C4","Ugzg7ZMGCcp1_G4JQTR4AaABAg","Cứ lác ấy tức quá😡😡😡😡😡😡😡😡😡😡😡😡😡😡😡😡","2025-10-11T04:51:33.000Z","0"
"ED0ocTcI9C4","UgwED_XjenqHaKX8Adh4AaABAg","xe săn bão titus","2025-10-10T10:02:24.000Z","0"
"ED0ocTcI9C4","UgyrXhsV9yfbZCMM8mt4AaABAg","Chúng ta sẽ không bao giờ gặp cơn bão này","2025-10-07T14:32:03.000Z","0"
"ED0ocTcI9C4","UgxUGjeBrEiRpMgUgO14AaABAg","Lốc xoáy mà?","2025-10-07T05:18:05.000Z","0"
"ED0ocTcI9C4","Ugx8xrwIIMAIRcoCaRp4AaABAg","Vãi cả 500km 😅","2025-10-06T03:49:45.000Z","0"
"ED0ocTcI9C4","UgyjZjDYxAF1NJX-gD94AaABAg","bão đéo j ko tên à chỉ là dàn dựng","2025-10-04T07:59:41.000Z","0"
"ED0ocTcI9C4","Ugw3yepnd4N5PAWXSU54AaABAg","bao cap ef5😂😂😂😂😂😂😂😂😂","2025-10-04T04:30:38.000Z","0"
"ED0ocTcI9C4","Ugz_LWSErBGvWJDSg054AaABAg","Nếu tính thì là mạnh gấp 100 lần bão Haiyan","2025-09-30T14:15:42.000Z","0"
"ED0ocTcI9C4","Ugxsgs4FL2MPxShPn_F4AaABAg","Bão này tên j vậy","2025-09-29T13:05:11.000Z","0"
"ED0ocTcI9C4","UgzbzXfiNLPiDlMJBoN4AaABAg","tụi nó máu liều(nói mấy đứa quay)","2025-09-28T02:41:45.000Z","0"
"ED0ocTcI9C4","Ugz9w3_m8OQEJZjgUSR4AaABAg","Đó là bão el reno nha mn có thật á nhưng ở đời thực nó mạnh hơn nhiều","2025-09-26T14:19:02.000Z","0"
"ED0ocTcI9C4","UgwNuhTu323dhFNAJ6h4AaABAg","chắc bão này giật cấp 60-100 cấp nhỉ😮😮😮","2025-09-25T09:52:20.000Z","0"
"ED0ocTcI9C4","Ugyy_fs5Nn3jRwCyrH14AaABAg","Phim hay quá chị ơi","2025-09-25T06:19:46.000Z","0"
"ED0ocTcI9C4","UgzNEyHrGozYbuCuo3R4AaABAg","í là xe tius","2025-09-06T14:33:16.000Z","0"
"ED0ocTcI9C4","UgxZzqyJvt9mq7UbTfR4AaABAg","Một hồ là biết mà","2025-09-06T14:31:29.000Z","0"
"ED0ocTcI9C4","Ugy570gfqRUGxhd0Z3B4AaABAg","Biết tius ko","2025-09-06T14:30:49.000Z","1"
"ED0ocTcI9C4","UgwKw1AEqODH3Pq7_Ax4AaABAg","Iôc xoáy chắc đổ bộ vào Việt Nam qua","2025-08-31T00:31:19.000Z","0"
"ED0ocTcI9C4","Ugw_bFr9pmz4DfM8i854AaABAg","Bão tip","2025-08-29T14:14:57.000Z","0"
"ED0ocTcI9C4","UgzosZyuPpCPbKk7AOx4AaABAg","tôi cũng gặp bão yago ở hải phòng","2025-08-28T08:34:43.000Z","0"
"ED0ocTcI9C4","UgwLUkANMGiPy0-mOLN4AaABAg","BÃO SÔ 1000🙀🙀🙀🙀","2025-08-28T04:51:19.000Z","0"
"ED0ocTcI9C4","UgxFiVTwOhYz_QZsH-J4AaABAg","nam mô a Di Đà phật","2025-08-10T12:15:43.000Z","0"
"ED0ocTcI9C4","UgyOgCkeaiPFKn8Idel4AaABAg","Tội ông peter quá","2025-08-06T01:10:40.000Z","0"
"ED0ocTcI9C4","UgxZi5w5WbM83nMNaP54AaABAg","Bão đấy tên gì vậy","2025-08-04T02:14:41.000Z","0"
"ED0ocTcI9C4","UgzroQs5mxjgV7Bvdxt4AaABAg","Bão bohola,bão tip bão hayan bão nina 3 cơn bão này cũng mạnh mà 😊😊😊😂😂😂❤❤❤🎉🎉🎉","2025-08-03T12:10:56.000Z","0"
"ED0ocTcI9C4","UgyzMJCp2Ka5GIEcvZR4AaABAg","Lốc xoáy 😢😢","2025-07-28T13:03:37.000Z","0"
"ED0ocTcI9C4","Ugxd1qnDByxtmm4I6cJ4AaABAg","thật là click bait","2025-07-21T12:15:19.000Z","0"
"ED0ocTcI9C4","Ugz7PWP980wz1oU0rhF4AaABAg","Bảo gì vậy","2025-06-15T09:07:27.000Z","0"
"ED0ocTcI9C4","Ugxk0fzq0DlH3dI9ohR4AaABAg","Bảo vệ😊","2025-06-15T09:07:14.000Z","0"
"ED0ocTcI9C4","UgzaXFqkL_GgMhFbY_h4AaABAg","Xe tiv2 kìa","2025-06-05T14:09:02.000Z","0"
"ED0ocTcI9C4","UgyYCqfZ4FI_0MSG21l4AaABAg","Pete😢😢 con c","2025-05-19T10:19:32.000Z","0"
"ED0ocTcI9C4","UgwGda97iZTCdRmkLtx4AaABAg","1:12  peter 😂","2025-05-12T14:15:04.000Z","9"
"ED0ocTcI9C4","UgwjS9HqBDyp7cPxYwd4AaABAg","Piter 😅😅","2025-05-04T12:40:30.000Z","0"
"ED0ocTcI9C4","UgwlomOp9FMFTrQ6KGZ4AaABAg","Peter 🌚","2025-05-02T13:24:57.000Z","0"
"ED0ocTcI9C4","Ugx00qsCUL-7B_NTOs14AaABAg","52***25---+++***","2025-04-24T19:19:38.000Z","0"
"ED0ocTcI9C4","Ugy_Wfz6QgWhkyNI15d4AaABAg","Cing hoa xa hoi chu nghia viet nam doc lap tu do hanh phuc ngay 5/5/200/ giay to ho so mat phim tai lieu lich su chien tranh thua Nuoc ni dong tien viet nam the gioi goc het am duong tren duoi trong ngoai chinh thuc hoang thi kha len dong tien nuoc ni luan viet nam the gioi het","2025-04-14T12:12:23.000Z","0"
"ED0ocTcI9C4","UgyZMEqzagFIlAXUzft4AaABAg","Đây là lốc thôi","2025-03-22T08:19:26.000Z","0"
"ED0ocTcI9C4","Ugzkp-SaYDBPEtaYCK54AaABAg","Đó là siêu lốc xoáy mà","2025-03-18T10:48:42.000Z","0"
"ED0ocTcI9C4","Ugz4KwICziIXCPYe8F54AaABAg","Mấy ông cháu nào mà quay được cảnh đó chắc là liều lắm🤣","2025-03-12T09:38:06.000Z","0"
"ED0ocTcI9C4","UgxNMoROtreOB8Ymdp14AaABAg","Nếu bạn có cuộc gọi nói là bên điện lực thì đừng có tải ứng dụng của bọn nó không là mất hết tiền trong tài khoản của bạn đấy","2025-03-10T00:23:09.000Z","0"
"ED0ocTcI9C4","UgzZEHFokAS_mhNluip4AaABAg","Ua may hong nou dom ngo tao lam u di","2025-03-09T07:37:42.000Z","0"
"ED0ocTcI9C4","UgyLla166tfplGavqc54AaABAg","Hay diễn vậy","2025-03-09T05:48:54.000Z","0"
"ED0ocTcI9C4","UgyXg0RdnWTn9sdR-fx4AaABAg","Bão thiệt hả mọi người","2025-03-09T05:48:47.000Z","0"
"ED0ocTcI9C4","UgyQ5pwmnvpl7_PaRbl4AaABAg","mạnh bằng bão mặt trời ko chị 😂","2025-03-07T09:54:44.000Z","0"
"ED0ocTcI9C4","UgwRA6ro7UNE4DhLL8V4AaABAg","NAM MÔ A Dİ ĐÀ PHÂṬ..................","2025-02-21T16:07:29.000Z","0"
"ED0ocTcI9C4","UgwBpjqhttdBJbMxM7N4AaABAg","Lốc xoáy thì đương nhiên mạnh hơn bão rồi có ko ef 4 cũng hơn 310km/h","2025-02-05T12:30:17.000Z","0"
"ED0ocTcI9C4","UgxVXGZnUqV35xeeS2h4AaABAg","Siêu bão đó tên gì, sao ko có thông tin gì về siêu bão nào mà mạnh hơn siêu bão Yagi hết ta.
BỊP RỒI =))","2025-01-26T06:34:05.000Z","2"
"ED0ocTcI9C4","UgxI0ern8H8etrIX6yB4AaABAg","Vẫn thua Mangkhut","2025-01-14T10:31:27.000Z","1"
"ED0ocTcI9C4","UgwYPfLAlexUbGIvr7x4AaABAg","600 km/h","2025-01-13T02:27:08.000Z","1"
"ED0ocTcI9C4","Ugw2Nfd-6ax0M6CBF8V4AaABAg","Bão gì v😮😮😮😮","2024-12-27T13:47:30.000Z","0"
"ED0ocTcI9C4","UgyX6zWBhI1kggqPItZ4AaABAg","Bão này chắc phải giật cấp 20-50 thậm chí đạt đến 100 chứ không chỉ hơn YAGI đâu HAIYAN mà đụng vào là tận ngay😂😂😂","2024-12-23T12:33:54.000Z","2"
"ED0ocTcI9C4","UgyZI-hrxRnQ9JPehNV4AaABAg","Vãi titus sao sống được trong ef 5","2024-12-22T05:21:36.000Z","0"
"ED0ocTcI9C4","UgwHlu3g7gRQx73_hc94AaABAg","Cơn bão trong phim mà có ngoài đời thật thì","2024-12-21T00:54:03.000Z","0"
"ED0ocTcI9C4","UgyNuIVr8qTesCjlZ1x4AaABAg","có cái lốc xoáy nào mạnh lên bão ko? có cái mắt bão nào như cái lốc xoáy ko?","2024-12-10T11:00:58.000Z","0"
"ED0ocTcI9C4","UgyOFlZw-oaCQvy3Y6t4AaABAg","nếu tính 500km/h thì x2 yagi hoặc x1.5 haiyan thôi phông bạt gấp 1k lần yagi à luisaga","2024-12-10T10:58:56.000Z","3"
"ED0ocTcI9C4","UgyCYLd67HIUihO_w3J4AaABAg","Mạnh hơn siêu bão yagi thiệ","2024-12-03T13:17:47.000Z","0"
"ED0ocTcI9C4","Ugw4doZLzlI-cMUgpYJ4AaABAg","Bão Yagi tốc độ gió gần 300km/h mà bão này hơn 500km/h mà bảo gấp một nghìn lần:)))","2024-11-25T11:02:35.000Z","0"
"ED0ocTcI9C4","UgzXd2X5bw9GqAAAMbp4AaABAg","cái bão j mà đi qua nhanh v😂😂","2024-11-25T04:49:45.000Z","0"
"ED0ocTcI9C4","Ugycd7vHlEqA4-33qep4AaABAg","Phim hay quá❤❤❤","2024-11-24T08:37:51.000Z","0"
"ED0ocTcI9C4","UgyVtR84G7DXHDfV8QN4AaABAg","hay quá anh em like cho chị đi mấy má chó","2024-11-20T14:16:44.000Z","0"
"ED0ocTcI9C4","UgyEAF8OhgGKxY15gW54AaABAg","Bảo hình hành ở đất liền đc hả 😮😮","2024-11-20T12:15:45.000Z","0"
"ED0ocTcI9C4","UgwKWvDvO1aF_w_fa6B4AaABAg","Vậy cơn bão đó có mạnh bằng vụ nổ mặt trời không?","2024-11-13T12:03:11.000Z","0"
"ED0ocTcI9C4","UgxU86Cqx5ZFnA9vZOh4AaABAg","báo này còn lớn hơn 31 tỷ lần","2024-11-13T11:44:17.000Z","0"
"ED0ocTcI9C4","UgyJWfWZiZyKJgHQbSh4AaABAg","báo Trà My","2024-11-13T11:44:00.000Z","0"
"ED0ocTcI9C4","UgxFtGc76IZ0IcaINPN4AaABAg","Đahết bao nhiêu mà đến bảo Trà","2024-11-13T11:43:31.000Z","0"
"ED0ocTcI9C4","Ugy5qe8btq5wudJ69UJ4AaABAg","Ai bảo bão Tip mới là mạnh nhất😊","2024-11-07T10:38:05.000Z","0"
"ED0ocTcI9C4","UgwjhAy2y1c_Wc6XM3F4AaABAg","Còn kém siêu bão lục giác trên sao thổ","2024-11-05T09:46:11.000Z","0"
"ED0ocTcI9C4","UgyKD0FQ23UAz0gF0TR4AaABAg","Bao tip","2024-11-03T02:53:52.000Z","0"
"ED0ocTcI9C4","UgxDfQOj3-genIxejF54AaABAg","Mạnh đó nhưng vẫn thua bão red spot”vết đỏ lớn trên sao mộc”","2024-11-02T00:48:28.000Z","0"
"ED0ocTcI9C4","Ugw70aXgtThcyALXuL14AaABAg","Nam mô a Di Đà Phật","2024-11-01T10:42:46.000Z","0"
"ED0ocTcI9C4","UgwneqIFhFHtz_8foIp4AaABAg","Miton chấp hết bão Haiyan và bão Hải Yến","2024-10-31T13:09:09.000Z","0"
"ED0ocTcI9C4","UgxkW7iyn7S0D67o-tV4AaABAg","bão militon đk","2024-10-29T11:18:57.000Z","0"
"ED0ocTcI9C4","UgwbIaYeS43hEfKQXSx4AaABAg","Vẫn thua cơn bão tip😂","2024-10-28T13:54:32.000Z","1"
"ED0ocTcI9C4","Ugxr9ytV-zkQmMGbZXp4AaABAg","Camera bất tử","2024-10-28T03:56:42.000Z","0"
"ED0ocTcI9C4","Ugz-65FhL1_wgpOFlOZ4AaABAg","Như bão milton","2024-10-27T23:43:13.000Z","1"
"ED0ocTcI9C4","Ugy9pAdbb0SJkLpSNFh4AaABAg","Cha ngọc hoàng  ơi  trấn gian chúng con  nho  bé quá đây  là nghiệp của  trấn gian  chúng con  con  cầu  mong  cha ngọc hoàng  mẹ thiên thiên thương  chúng con","2024-10-27T14:33:51.000Z","0"
"ED0ocTcI9C4","UgyyJZ_PUi71_yp2j5B4AaABAg","Vẫn thua bão milton và trami và kong-rey","2024-10-27T09:59:28.000Z","0"
"ED0ocTcI9C4","UgzzCE5cf7VmjJ1Ti3l4AaABAg","Thế cái này là thật hay là phím vậy","2024-10-26T11:26:48.000Z","0"
"ED0ocTcI9C4","UgzaHbar0-I0KRM24Ll4AaABAg","gọi bão sao mộc= cụ","2024-10-26T04:59:34.000Z","0"
"ED0ocTcI9C4","Ugz2IAO3RVGeLgE7y-94AaABAg","thằng nào không tặng hoa cho con trà mi để cho nó biến thành bão thằng nào.","2024-10-26T02:44:42.000Z","0"
"ED0ocTcI9C4","UgwVBzCazpPmTbiSM_x4AaABAg","ghê thật","2024-10-25T23:17:50.000Z","0"
"ED0ocTcI9C4","Ugy1bWaL9f9ZVttZ_gR4AaABAg","tornado 0:56","2024-10-24T15:03:51.000Z","0"
"ED0ocTcI9C4","UgwdGZriHgiFFEDL-gt4AaABAg","🎉❤❤😊😊","2024-10-23T15:44:55.000Z","0"
"ED0ocTcI9C4","UgwkQLTJH2m_5oHijpl4AaABAg","Có lần em còn bị lốc xoáy cuốn đấy chị ơiiiiiii","2024-10-19T11:09:14.000Z","0"
"ED0ocTcI9C4","UgxcYY2P0iYHFjtAEd54AaABAg","Sợ quá chị ơi","2024-10-19T11:06:01.000Z","1"
"ED0ocTcI9C4","Ugwy22Yp3X6WhXHMzoN4AaABAg","Chị ơi phim hay quá bởi vì còn mạnh Bão Yagi tiếp theo bão số 3 what the f***   thế nào","2024-10-19T10:56:22.000Z","0"
"ED0ocTcI9C4","Ugwj971MW73mdK4_gKh4AaABAg","Bão mạnh nhất á, mà nó mạnh thật😅😅","2024-10-19T03:33:32.000Z","0"
"ED0ocTcI9C4","UgxV3mdVX3H3s8RVVqx4AaABAg","Nam Mô A Di Đà Phật 
❤️❤️❤️🙏🙏🙏","2024-10-18T08:44:47.000Z","0"
"ED0ocTcI9C4","Ugwfjyw9RVNQRyxhqs54AaABAg","Siêu bão Patricia là bao mạnh nhất lịch sử nhân loại","2024-10-17T14:11:19.000Z","1"
"ED0ocTcI9C4","UgxbxolIHE6Sqc6N3h94AaABAg","看，龙卷风来这么厉害，里面一定有苍天作祟的因素，只是人类看不到而已。","2024-10-17T12:59:31.000Z","0"
"ED0ocTcI9C4","UgxTmoGPwwtdfpBjSfp4AaABAg","hơi sợ","2024-10-17T05:50:12.000Z","0"
"ED0ocTcI9C4","UgwXvFPeiIqArWkSPbJ4AaABAg","Nó còn chưa đủ đâu","2024-10-16T14:45:56.000Z","0"
"ED0ocTcI9C4","Ugyx2N6c9wrLy0jDlIN4AaABAg","Bão milton 20 cơn lốc xoáy","2024-10-16T04:15:08.000Z","0"
"ED0ocTcI9C4","UgzJ2ZeaYghrti-5Icd4AaABAg","Sóng thần lúc nào mới đến vn nhỉ","2024-10-14T14:27:18.000Z","1"
"ED0ocTcI9C4","UgyYv6J79etWc7RDrfh4AaABAg","Mạnh thế😂","2024-10-14T10:59:40.000Z","0"
"ED0ocTcI9C4","UgxiZ9RN7hDx39bqGWB4AaABAg","Còn thua bão milton","2024-10-14T09:52:25.000Z","1"
"ED0ocTcI9C4","Ugyz5Yj_r4HWzcBhJ7h4AaABAg","Bão milton vua gần Tạo ra 20 cơn lốc  xoáy","2024-10-14T04:28:25.000Z","1"
"ED0ocTcI9C4","UgzeELUiE0FyZ9ya5Z94AaABAg","😢😢😮😮😮😢","2024-10-13T18:22:36.000Z","0"
"ED0ocTcI9C4","Ugw8F8tQS_p59krYlSV4AaABAg","Bão trên phim thì có anh hùng mẽo ra tay trấn áp😂","2024-10-13T14:35:49.000Z","0"
"ED0ocTcI9C4","UgxAGzt2sAVluAXZlUF4AaABAg","Còn thua typhoon nhiều lắm","2024-10-13T10:41:30.000Z","0"
"ED0ocTcI9C4","Ugzd1gcMsvF5FXMBcVZ4AaABAg","Dậy đâu phải là bảo. À là lốc xáy bên mỹ do bện mỹ là nhiền mà lốic xáy mà","2024-10-12T13:42:47.000Z","0"
"ED0ocTcI9C4","UgxXFdtQr9X_DRugYz94AaABAg","Trái đất và bầu trời ngày càng Sinh ra nhiều con quái vật trái đất thì Sinh ra nhiều con súc vật diệt chủng loài người.","2024-10-11T13:23:24.000Z","0"
"ED0ocTcI9C4","UgznCv3PrRhUGAmN5Sp4AaABAg","Phim hay nhất năm nay là ngày cuối năm ngoái lại năm giáp ngọ năm","2024-10-10T13:11:35.000Z","0"
"ED0ocTcI9C4","UgzL3lN9A1y6qutesQR4AaABAg","Das haben wir alle gehabt . Und jetzt ist das Ende da für unsere Erde . Oder was sagt ihr dazu meine lieben Freunde . Übersetzung .","2024-10-10T12:22:46.000Z","0"
"ED0ocTcI9C4","UgzEYYoWvMV1jn9ibOB4AaABAg","Nam mô a Di Đà Phật giúp","2024-10-09T12:26:23.000Z","0"
"ED0ocTcI9C4","UgwfY5t9c1cjLpjuHkF4AaABAg","Chưa chắc","2024-10-08T22:47:56.000Z","0"
"ED0ocTcI9C4","UgwKrvj5zfp0PwQO3Ft4AaABAg","tip và amy","2024-10-08T06:03:14.000Z","0"
"ED0ocTcI9C4","UgzfDOxuBGaQXEE1--h4AaABAg","năm 2024 rồi","2024-10-07T13:42:09.000Z","0"
"ED0ocTcI9C4","Ugy_w4qsa3lt5RvCkNB4AaABAg","Vậy còn cái người bay xuyên qua tầng mây rơi xuống nghẻo","2024-10-07T10:06:22.000Z","0"
"ED0ocTcI9C4","UgzdUJm4Kvfd8xA72PV4AaABAg","Bão haiyan chỉ có 300 mấy thôi","2024-10-07T09:55:12.000Z","1"
"ED0ocTcI9C4","Ugz36V01CaYbIsL8i_B4AaABAg","ĐÂY là bão vòi rồng 1000 lần mà ,chứ ko phải bão gayi đâu,tui thấy xem ti vi mà bão sợ nhất chứ","2024-10-06T23:24:43.000Z","0"
"ED0ocTcI9C4","UgweL70QWqzUTNa4kbZ4AaABAg","Sao có lốc xoáy mà lại không có mưa","2024-10-06T13:42:18.000Z","0"
"ED0ocTcI9C4","UgxI-VxYodr5pUEGGQR4AaABAg","Xem 3 lân","2024-10-06T00:23:47.000Z","0"
"ED0ocTcI9C4","Ugwgm1kMV_towrfXrmh4AaABAg","Không bằng bão tip","2024-10-05T00:29:06.000Z","0"
"ED0ocTcI9C4","Ugy2UlLkUIJU-GRKIUp4AaABAg","Wer nur lugner  sei  lachen  mersie für film","2024-10-04T17:42:45.000Z","0"
"ED0ocTcI9C4","Ugw1doSzpatnWwEyEpB4AaABAg","Phim ảnh","2024-10-04T14:25:49.000Z","0"
"ED0ocTcI9C4","UgzwIZbsvnpIHlJi2f14AaABAg","Đây là phim tuổi thơ của em","2024-10-04T10:57:29.000Z","2"
"ED0ocTcI9C4","UgxhGcKnb0o3bX9dogh4AaABAg","video hay cho mk xin ten phim voi","2024-10-04T09:02:31.000Z","0"
"ED0ocTcI9C4","UgxpnQN_yFAyKQAzjJp4AaABAg","Cám ơn kênh nhìn thấy cảnh rợn tóc gáy thiên tsi  tai thật khủng khiếp😡😡😡😢😢😢😢","2024-10-04T04:48:10.000Z","7"
"ED0ocTcI9C4","UgwB6t2UxpMGnuX0eLF4AaABAg","Không tiêu diệt Việt Nam Campuchia sẽ bị hậu quả quả báo tổng hợp trong cuộc đời và kiếp sau vẫn biết truyền kiếp sau vẫn biết.. bởi trên 20 triệu thằng chó con chó công an đại diện Việt Nam Campuchia đã nghĩ và đang làm việc sống như suc vật phạm tội chồng chất láo toét mang đầy sự thủ đoạn ác độc hơn gấp bội giết người cướp của. Đến mức độ bị hiện tượng trời linh thiêng.. bị hiện tượng trời chu đất diệt . tuyệt đối nhất.. thể giới linh thiêng tổng khoa học luật pháp tổng hợp sách và ý nghĩ tâm hồn ý tưởng sự thật luật pháp.. luật và luật mà thiên thu.. không thể ngu dốt mãi.. phái hành động giết chết giã man chặt tay chân đam mù mắt bất sạch ra các nhà tù côn đảo tra tấn dã man cho ăn cơm không cho đến chết đổ at xít vô miệng thu hồi tịch thu sạch tổng hợp tương đương 6000. Tỷ đôla bất chính hơn 40 năm qua trả lại cho tất cả và xóa sổ ngôn danh Việt Nam Campuchia cai trị tuyệt đối nhất công lý để thoát khỏi tai họa lớn bài trừ tai họa để thoát khỏi hậu quả quả báo tổng hợp.. bởi sự thật về Tuấn lâu dài và đất trời linh thiêng ý nghĩ tâm hồn ý tưởng tổng khoa học luật pháp tổng hợp sách tổng sách trị tội.. sự thật luật pháp không bao giờ có luật nào buông tha.. luật và luật mà thiên thu.. trên toàn thế giới bất buộc phải hành động..... tàn sát lệnh...","2024-10-03T14:54:48.000Z","1"
"ED0ocTcI9C4","UgwRwT2x9uKKFiPBavx4AaABAg","Bão này chưa là gì.! Còn thua xa cơn bão của thế kỷ.! Trong thời mạt pháp nó sẽ lấy đi tất cả và hoại diệt tất cả xin cảm ơn chương trình","2024-10-03T04:39:02.000Z","0"
"ED0ocTcI9C4","UgyExCdziTmlmbhMAaZ4AaABAg","phim tên j v chị","2024-10-02T12:15:27.000Z","0"
"ED0ocTcI9C4","UgwbV_Qu6WuqP8Fefcd4AaABAg","Phim này có từ lâu rồi","2024-10-02T06:33:12.000Z","2"
"ED0ocTcI9C4","UgwBEgtzEBwf1eTcGmp4AaABAg","bão ở mỹ phải ko","2024-10-01T14:57:22.000Z","0"
"ED0ocTcI9C4","Ugw-a59MGm8_ytH0L8F4AaABAg","Siêu bão tip☠️","2024-10-01T14:54:08.000Z","0"
"ED0ocTcI9C4","Ugx0Jufn8nsuVJrIJO14AaABAg","ước gì được chứng kiến một lần trong đời","2024-10-01T14:19:10.000Z","0"
"ED0ocTcI9C4","UgyecnlvBL8hYCJsSQl4AaABAg","Bão này chỉ có ở trong phim khoa học viễn tưởng","2024-10-01T14:18:56.000Z","2"
"ED0ocTcI9C4","Ugz1ZXhKCdhKj1l6mo14AaABAg","Day  phai huy diet het nhung kelyu manh  tham lam loi dung  thi  bao loc xoay   cho   chet   me het   ke  tham lam va rung loi","2024-09-30T12:50:04.000Z","0"
"ED0ocTcI9C4","UgyXNc1megiCStbb-3F4AaABAg","NAMO AMITUOFO BUDDHA","2024-09-30T11:08:16.000Z","0"
"ED0ocTcI9C4","Ugwhc02BftL-SHBtfJN4AaABAg","NAMO OMITUOFO BUDDHA","2024-09-30T11:08:05.000Z","1"
"ED0ocTcI9C4","UgyTtw_1xV4e-h2kTKh4AaABAg","NAM MÔ A DI ĐÀ PHẬT","2024-09-30T11:07:58.000Z","0"
"ED0ocTcI9C4","UgwO7q5PVxHK8OqwtPx4AaABAg","OM MANI PADME HUM","2024-09-30T11:07:46.000Z","0"
"ED0ocTcI9C4","UgxqShQqtdholzFvKQh4AaABAg","SADHU SADHU SADHU","2024-09-30T11:07:39.000Z","0"
"ED0ocTcI9C4","Ugwc0GgDZlANhmuJSD14AaABAg","Thế thì nó có thể nuốt chửng vàitrái đất","2024-09-29T10:08:06.000Z","0"
"ED0ocTcI9C4","UgzQw-c2S6r1Li3zBHZ4AaABAg","Ơ, sức gió 500 km/h cơ mà?","2024-09-29T02:04:37.000Z","0"
"ED0ocTcI9C4","UgymdGum1oHQRQM-hgd4AaABAg","Bão số 1&2mới  là  mạnh","2024-09-28T09:35:36.000Z","0"
"ED0ocTcI9C4","Ugw32McWXyhWVmm87qV4AaABAg","NÓ KHÔNG PHẢI LOẠI BÃO NHƯ YAGI, YAGI LÀ BÃO NHIỆT ĐỚI CÒN ĐÂY LÀ LỐC XOÁY, TUY LỐC XOÁY ĐƯỢC SINH RA TRONG BÃO NHƯNG LÀ LOẠI BÃO KHÁC có tên là supercell, nó là một cơn giông bão đặc trưng bởi sự hiện diện của một mesocyclone, một bản nháp sâu, quay liên tục.  Do đó, những cơn bão này đôi khi được gọi là giông bão luân phiên Trong số bốn phân loại giông bão (supercell, squall line, multi-cell và single-cell), supercell là tổng thể ít phổ biến nhất và có khả năng nghiêm trọng nhất. Supercell thường bị cô lập khỏi các cơn giông bão khác và có thể thống trị thời tiết địa phương cách xa tới 32 km (20 dặm). Chúng có xu hướng kéo dài 2 giờ - 4 giờ. Supercell thường được đưa vào ba loại phân loại: cổ điển (mức mưa bình thường), lượng mưa thấp (LP) và lượng mưa cao (HP). Siêu tế bào LP thường được tìm thấy ở vùng khí hậu khô cằn hơn, chẳng hạn như vùng đồng bằng cao của Hoa Kỳ và siêu tế bào HP thường được tìm thấy ở vùng khí hậu ẩm ướt. Supercell có thể xuất hiện ở bất cứ đâu trên thế giới trong điều kiện thời tiết phù hợp từ trước, nhưng chúng phổ biến nhất ở Great Plains của Hoa Kỳ trong một khu vực được gọi là Tornado Alley. Một số lượng lớn các siêu tế bào được nhìn thấy ở nhiều nơi ở châu Âu cũng như trong khu vực lốc xoáy của Argentina, Uruguay và miền nam Brazil.","2024-09-28T08:25:31.000Z","0"
"ED0ocTcI9C4","UgxSsYP2jinFAjEYzMR4AaABAg","bão tip","2024-09-28T02:17:51.000Z","0"
"ED0ocTcI9C4","UgwwySeQ5__N3Mn3CRd4AaABAg","Bão tip☠️","2024-09-27T21:33:09.000Z","0"
"ED0ocTcI9C4","Ugz_xVDmLX3AJAkJ2mt4AaABAg","Thuyết minh hay hơn cả những gì đã nghe","2024-09-27T10:52:00.000Z","0"
"ED0ocTcI9C4","UgzqO_cxeDtKG_yo-eZ4AaABAg","Phim ảnh đó mà, xảo thuật điện ảnh 😂🎉","2024-09-27T10:37:16.000Z","0"
"ED0ocTcI9C4","UgzyMr9ZXO28R7y5vip4AaABAg","Bão yari là bão số 3","2024-09-27T09:56:06.000Z","1"
"ED0ocTcI9C4","UgxWHWpq_-4s3FiJt1x4AaABAg","Thua amy gấp chục lần","2024-09-26T07:35:49.000Z","0"
"ED0ocTcI9C4","Ugx4Vsbi43z8wSFJF1J4AaABAg","Giật tip thôi chẳng bão nào mạnh 1000 bão yagi đây lốc xoáy có phải bão đâu chứ","2024-09-25T21:04:08.000Z","0"
"ED0ocTcI9C4","UgxQQOaWrmIo_JN6HZF4AaABAg","Sao mà em gái áo tưởng vậy làm vì ma co con bão nhu vậy áo tưởng đó quá em ơi","2024-09-25T16:10:53.000Z","0"
"ED0ocTcI9C4","UgzMq-H_JPQQ6Y1EU_x4AaABAg","Bão số 3😮😢","2024-09-25T12:41:00.000Z","4"
"ED0ocTcI9C4","UgymAlZwh2c9ILTg0T14AaABAg","500 lần là nó có thể che cả Trung quốc đó","2024-09-25T06:22:14.000Z","0"
"ED0ocTcI9C4","UgxEdNnDKOlTFxXLYRB4AaABAg","Bão mặt quỷ năm 2016 mạnh nhất nha, bởi vì bão mặt quỷ top 1, top 1 là top lớn nhất và đã có 5650090 ngàn người ch* t😊😊😊😊","2024-09-25T04:14:27.000Z","1"
"ED0ocTcI9C4","UgxK9zhSw0kC6YsACs94AaABAg","Nhớ cái này tui xem 2 3 năm trc xem á","2024-09-24T23:27:43.000Z","0"
"ED0ocTcI9C4","Ugw6dBXaMY2Op1-eq9p4AaABAg","Gấp trăm ngàn lần mà sức gió chỉ 500km/h😅","2024-09-24T13:30:17.000Z","0"
"ED0ocTcI9C4","UgzpGK6dvjsA-bRiFi94AaABAg","Vc bão trong phim :))","2024-09-24T10:37:44.000Z","1"
"ED0ocTcI9C4","UgylhxvyxNIbypQaQlp4AaABAg","Haiyan sức gió thấp hơn patricia","2024-09-24T06:53:50.000Z","1"
"ED0ocTcI9C4","Ugxa75U_gydDYvR4U1V4AaABAg","mn cho mik hỏi bão yagi với bão noru bão nào mạnh hơn hả mn🤔🤔🤔🤔🤔🤔🤔🤔🤔🤔🤔🤔🤔🤔🤔🤔🤔🤔🤔🤔🤔🤔🤔🤔🤔🤔🤔🤔🤔🤔🤔🤔🤔🤔🤔🤔🤔🤔🤔🤔🤔🤔🤔🤔🤔🤔🤔🤔🤔🤔🤔🤔🤔🤔🤔🤔🤔🤔🤔🤔🤔🤔🤔🤔","2024-09-23T14:33:27.000Z","0"
"ED0ocTcI9C4","UgyHGi_08sLaGLYokR14AaABAg","Sao người nước ngoài 
Không có VN à","2024-09-23T13:54:42.000Z","0"
"ED0ocTcI9C4","UgzU4bdzRyfZcLSI6EF4AaABAg","Bão tip đó hả","2024-09-23T11:31:26.000Z","0"
"ED0ocTcI9C4","UgynxFxKh8owD9M-t-p4AaABAg","Bảo này có gì đâu mà sợ.","2024-09-23T11:10:03.000Z","0"
"ED0ocTcI9C4","UgwxYGNjHO16UKH4_LF4AaABAg","Dử lắm hả em .bự chà bá luôn hả cưng.","2024-09-23T07:44:54.000Z","0"
"ED0ocTcI9C4","UgyGK8XIYgdQuNhbVgB4AaABAg","Bão gấp 1000 lần bão yagi nhưng bão đó có thể là bão Red spot hoặc bão lớn nhất ở sao thổ","2024-09-23T05:11:11.000Z","0"
"ED0ocTcI9C4","Ugz1inrruXYTJM_8kVZ4AaABAg","Bạo này vẫn còn yếu lắm không mạnh bằng bão MồM 😂","2024-09-23T01:39:39.000Z","0"
"ED0ocTcI9C4","UgyOtDujt-z1qYkp-Eh4AaABAg","❤❤❤❤❤cũng dóc cho vui,vua nổ mà❤❤❤❤❤❤❤","2024-09-22T19:52:22.000Z","3"
"ED0ocTcI9C4","UgxJnB4lG8-ZwhmjWPt4AaABAg","bão tip và siêu bão lục giác to hơn nhiều","2024-09-22T13:17:37.000Z","0"
"ED0ocTcI9C4","UgxcYRgMaNpdOtHJAut4AaABAg","bão mặt trời thì sao","2024-09-22T12:38:20.000Z","0"
"ED0ocTcI9C4","UgzUyR5Wx9KBWHI75bF4AaABAg","Bão gia huy thì có 😂","2024-09-22T04:26:30.000Z","0"
"ED0ocTcI9C4","UgzLgl5DHfT3WWQqfo94AaABAg","Bão Hải yến ( haiyan) và  bão yari vẫn yếu hơn bão noru nhiều nhé mọi người à  bão Hải Yến ( haiyan) và bão yari vẫn còn ngon bà xanh lắm bão noru là mạnh nhất thế giới rồi 💀🪦","2024-09-21T23:40:09.000Z","16"
"ED0ocTcI9C4","Ugy-hfhODFSqTD2pu8h4AaABAg","Bão Yagi đã lấy đi quá nhiều thứ..........","2024-09-21T12:41:00.000Z","0"
"ED0ocTcI9C4","Ugwugfj21ZJFaewn_yN4AaABAg","Mẹ thiên nhiên ghê thật 
Méo bằng mẹ thiên hạ","2024-09-21T11:24:54.000Z","0"
"ED0ocTcI9C4","Ugxa0Wc0GVM5ldZtwUd4AaABAg","Haiyan mới mạnh","2024-09-21T09:09:04.000Z","1"
"ED0ocTcI9C4","Ugzy_o9vorXfJf7goyJ4AaABAg","Vẫn còn thua sức công phá của mẹ 🤣🤣🤣","2024-09-21T06:33:47.000Z","0"
"ED0ocTcI9C4","UgzIT39AOiWLvVUSCpV4AaABAg","Bão mạnh nhất lịch sử","2024-09-21T01:10:58.000Z","0"
"ED0ocTcI9C4","UgyJFbkwy5InOaha6FB4AaABAg","Bão tip với đường kính 2000km , to gần bằng 1 nửa nước mỹ , bão kia mà đấu với bão tip thì bão đó tuổi lồn :)","2024-09-20T16:13:41.000Z","0"
"ED0ocTcI9C4","UgxKpmaR_vBfhTw5deJ4AaABAg","Bão tip  vs siêu bão trên phim","2024-09-20T16:11:09.000Z","0"
"ED0ocTcI9C4","UgyVbtD5k0oH_eKgfMV4AaABAg","Phim hay quá chị ơi ❤❤❤❤❤❤","2024-09-20T13:40:49.000Z","7"
"ED0ocTcI9C4","UgxY0_9zjxUwOLF7KDd4AaABAg","Phim hay quá chị ơiiiiiiiiiiiiiiiii 😍😍😍","2024-09-20T13:26:35.000Z","12"
"ED0ocTcI9C4","UgyRDTRDWqcoc4x1t-54AaABAg","Gặp bão này chỉ có mà đăng xuất khỏi trái đất thôi chứ ko có ở đó mà trách nhau vì số phận được","2024-09-20T06:09:56.000Z","0"
"ED0ocTcI9C4","UgyhIBEkn1SuLolpbqx4AaABAg","bão típ","2024-09-20T04:36:55.000Z","0"
"ED0ocTcI9C4","UgzEpKRLI_Ov2pA10NN4AaABAg","EF5 500km","2024-09-20T02:58:34.000Z","0"
"ED0ocTcI9C4","UgwbnVM9jgggLt9iX3h4AaABAg","Chị có biết bão patricia có sức gió lên đến 346 kh/h","2024-09-19T23:14:05.000Z","0"
"ED0ocTcI9C4","Ugxxe-nrnj5FUG2zFZp4AaABAg","gấp 1000 lần yagi.thì tất cả thế giới chính thức tận thế.chắc nhà tần bất tử.còn đâu tất cả đi hết lên thiên đàng","2024-09-19T18:06:34.000Z","1"
"ED0ocTcI9C4","Ugz8DfRK8iuy0srDqvl4AaABAg","MẠNH BẰNG BÃO MẶT TRỜI VÀ ÃO SAO MỘC :)😅","2024-09-19T14:56:07.000Z","2"
"ED0ocTcI9C4","Ugy1kBhkV_HwO9lKu8h4AaABAg","Siêu bão tip☠️☠️☠️☠️","2024-09-19T14:53:24.000Z","0"
"ED0ocTcI9C4","UgyRSzs2gHmZ90D3IyV4AaABAg","bão này chắc chắn gió giật cấp 30","2024-09-19T12:47:10.000Z","0"
"ED0ocTcI9C4","UgziAlX4tZhjDUW1vkR4AaABAg","Hay nhoa 😊😊😊😊😊😊❤❤❤","2024-09-19T10:17:28.000Z","0"
"ED0ocTcI9C4","UgxJvNtBBy3O2COsKI54AaABAg","Với lại mình thấy những bộ phim về lốc xoáy gì quá dỡ tệ : Twinster 1995 , into the storm 2014 , Twisters 2024 , toàn là ghép 3d .😑😑😑😑😑 .","2024-09-19T06:52:41.000Z","1"
"ED0ocTcI9C4","UgyXoeoYpfiMgO3QuOZ4AaABAg","Ủa cái này là lốc xoáy mà . Bão nhiệt đới và lốc xoáy là hai thứ khác nhau . Bão nhiệt đới được hình thành ở biển còn lốc xoáy thì hình thành ở trên đất liền .","2024-09-19T06:45:08.000Z","6"
"ED0ocTcI9C4","Ugw5l89-O5qEH24bwpR4AaABAg","Bị ảo à đấy không phải là bão yagi đó là cơn bão lốc xoáy🤦🏼‍♀️🤦🏼‍♀️🤦🏼‍♀️🤦🏼‍♀️","2024-09-19T04:31:50.000Z","0"
"ED0ocTcI9C4","UgxA12skrSCL9OlnjBx4AaABAg","Xin tên phim","2024-09-18T16:59:31.000Z","0"
"ED0ocTcI9C4","Ugw3qhrvN1fmjqRgS3h4AaABAg","Gió thổi bay cả máy bay nhưng vẫn có nhiều cây đứng sừng sững ở đấy để hai thanh niên mắc vào 😂","2024-09-18T15:14:54.000Z","19"
"ED0ocTcI9C4","Ugx_49_g8rV-h9t6lCt4AaABAg","dựa trên những chỉ số về thời tiết + trí tuệ nhân tạo tính toán thì một số lãnh đạo cũng nắm được tình hình và chuồn chuồn dần rồi. Nên thông báo cho người dân biết chứ !","2024-09-18T14:33:52.000Z","1"
"ED0ocTcI9C4","UgxHXAHFrQv4KQ_eB754AaABAg","Ba cáo bao đại nhân thằng này nó hư dân 😂😂😂","2024-09-18T13:58:33.000Z","0"
"ED0ocTcI9C4","UgzFMJ8_Q_6ak7xSFHZ4AaABAg","Này bão giả trong phim thôi nha anhem","2024-09-18T12:46:22.000Z","8"
"ED0ocTcI9C4","UgxHhJlpUvf9Qyd_Pv94AaABAg","Còn thua siêu bão tip tốc độ gió cao hơn thôi","2024-09-18T11:02:25.000Z","1"
"ED0ocTcI9C4","Ugx-v_MXgE7_d_fFDkt4AaABAg","Phim này hay","2024-09-18T08:58:03.000Z","6"
"ED0ocTcI9C4","UgwHvW-QiKNdv13OnBh4AaABAg","Bão ya ua tuổi j 😅😊","2024-09-18T06:38:29.000Z","9"
"ED0ocTcI9C4","UgzaO8TZ64wfZyl37CV4AaABAg","Vẫn còn thua siêu bão Hải Yến (  Haiyan ) à em nói chơi thôi😅😅❤❤","2024-09-18T05:29:51.000Z","59"
"ED0ocTcI9C4","UgxV4LxfreBkmmm4KPh4AaABAg","hay","2024-09-18T04:38:09.000Z","2"
"ED0ocTcI9C4","UgztDZ8UDydflNFtOjJ4AaABAg","hay quá","2024-09-18T04:38:06.000Z","4"
"ED0ocTcI9C4","Ugxc30HX7yjiOEHYKSh4AaABAg","fan vua phim review","2024-09-18T04:31:22.000Z","5"
"ED0ocTcI9C4","UgwHgibQpzQ9DgmQzUR4AaABAg","đầu","2024-09-18T04:31:17.000Z","2"
"ED0ocTcI9C4","UgwlkLYIHUv9dDxzCb94AaABAg","Đầu 🎉","2024-09-18T04:30:50.000Z","2"
"ED0ocTcI9C4","UgyHR6F9fp1b4cd04294AaABAg","*_-Hù-_*","2024-09-18T04:30:41.000Z","2"
"ahpNdmW7BY4","UgzVr_xR-fV0bvWBK6p4AaABAg","Ok yếu 😢","2025-10-31T23:21:34.000Z","0"
"ahpNdmW7BY4","UgxaRYoFVh2No1h4Su94AaABAg","Siêu bão hạ long","2025-10-18T05:21:48.000Z","0"
"ahpNdmW7BY4","UgyEcqnPRFyPn7BkOlZ4AaABAg","Anh chắc bão Yagy yếu ko,?","2025-10-05T13:51:58.000Z","0"
"ahpNdmW7BY4","Ugzn8ciwo7pKpq9DMsx4AaABAg","trời ơi may em miền nay ko bị j cả","2025-10-02T12:28:37.000Z","0"
"ahpNdmW7BY4","UgyNhJBvOtucVBbi1W14AaABAg","Đạt ở Quảng Ninh à","2025-09-06T22:39:15.000Z","0"
"ahpNdmW7BY4","UgzBSi54QErSPT74IAp4AaABAg","Cái cây nhà ông nó thấp tè tè thế, xung quanh lại có nhà nó chắn. Yagi nó vào Việt Nam là nó giảm cấp rồi, cỡ nhà ông mà ở đảo Hải Nam thì nó quật đổ cả cây.","2025-08-24T13:38:58.000Z","0"
"ahpNdmW7BY4","UgwSZX55rLue2DUsbA14AaABAg","Ê mai có bão lớn rồi đó ở chỗ mình Hà Tĩnh","2025-08-24T09:15:14.000Z","0"
"ahpNdmW7BY4","Ugyb3PMezycdf5HWrxZ4AaABAg","Nhà tôi cũng thế kinh vãi rồ anh em còn bây giờ","2025-07-31T14:38:41.000Z","0"
"ahpNdmW7BY4","Ugze1u-gjzDKF_jLlDJ4AaABAg","Cho em cung vay ne gay cay trung ca","2025-07-21T12:47:42.000Z","0"
"ahpNdmW7BY4","Ugx89yyu-ugwvxSmPLR4AaABAg","giờ đã là 2025 rùi hiện tại đang chào đón bão số 3 wipha còn ai xem lại ko","2025-07-21T09:37:40.000Z","0"
"ahpNdmW7BY4","UgzCWPV84GsBcDMwAwx4AaABAg","có bão wipha rồi anh đạt ơi","2025-07-20T14:20:26.000Z","0"
"ahpNdmW7BY4","UgzxoSr6oeVr4G0If9V4AaABAg","Đây là bão yagi 2, bão yagi 3 là siêu bão!","2025-07-09T17:06:42.000Z","0"
"ahpNdmW7BY4","Ugw_cPWUV8q-pTiAqgN4AaABAg","Em ở Hà Nội","2025-07-08T14:01:37.000Z","0"
"ahpNdmW7BY4","Ugxm-maPBNDxXProWLV4AaABAg","Tôi ở Hải Phòng miền bắc thì siêu bão yagi nó đến thì tôi kiểu","2025-07-03T05:12:13.000Z","0"
"ahpNdmW7BY4","Ugx8AYyYdz7i1g-ZzA54AaABAg","phải ở hải phòng mới biết","2025-06-09T06:20:29.000Z","0"
"ahpNdmW7BY4","UgwkcQ8hoSehi2Y-XYZ4AaABAg","Nhà em ở Hà Nội","2025-06-01T06:10:25.000Z","0"
"ahpNdmW7BY4","UgyDne8xwYKdEDPvEYB4AaABAg","Chỗ em lá rụng hết","2025-05-26T08:37:43.000Z","0"
"ahpNdmW7BY4","Ugw9-dv_aUsiYA-Vn4l4AaABAg","Nếu như là người miền Nam chắc kiểu có có sầu riêng ăn😂😂😂😂","2025-05-22T14:02:13.000Z","0"
"ahpNdmW7BY4","UgzBMmCLoJRTbbZGpEh4AaABAg","Tôi là người Hà Nội","2025-05-18T02:21:14.000Z","0"
"ahpNdmW7BY4","UgzIRWtJJ1FlwTKIS-14AaABAg","Chỗ mình rất là mạnh vì tui là người miền bắc và nghiêng cây và đổ 10 cây chuối cây cứng chắc thì bị đổ","2025-05-18T02:12:53.000Z","0"
"ahpNdmW7BY4","UgwuZ18Psk3_CEhWMqB4AaABAg","Bro liều vãi","2025-05-16T17:33:00.000Z","0"
"ahpNdmW7BY4","UgyLaYRh6_ubimPJt814AaABAg","Hi","2025-05-12T04:21:08.000Z","0"
"ahpNdmW7BY4","Ugwmul_jU28_ayx8rD94AaABAg","🎉","2025-05-12T04:20:43.000Z","0"
"ahpNdmW7BY4","UgzDx3CrfduVuvpzXIl4AaABAg","Em ở chỗ đường Rạp Hát ở Bắc Ninh nên mưa to lắm có cả mất điện nữa mà em nhớ ở Hà Nội có hai người đi lúc có bão và cây đổ xuống và đè vào hai người đấy một người bị thương và một người tử vong😢😢😢😢","2025-05-10T05:03:35.000Z","0"
"ahpNdmW7BY4","UgzICcFFWrVv58dXU1F4AaABAg","Bão yagi thật mạnh 😮😮😮😮😮😮😮😮😮😮😮😮😮","2025-05-07T12:30:26.000Z","0"
"ahpNdmW7BY4","UgxSHYTa4bBKG-_fkOd4AaABAg","tôi ở Sơn Tây nên yếu vl:)","2025-05-04T15:21:45.000Z","0"
"ahpNdmW7BY4","Ugw0dSNap8IHj4hftAJ4AaABAg","Bình thường thôi","2025-04-26T13:56:54.000Z","0"
"ahpNdmW7BY4","Ugy0xIfl-tg8VqIA2NB4AaABAg","Mình ở miền Trung nên ko bị ảnh hưởng","2025-04-21T22:26:46.000Z","0"
"ahpNdmW7BY4","UgxK75g40ZejULj1LwB4AaABAg","Tận 12 quả bưởi hả anh","2025-03-12T11:05:51.000Z","0"
"ahpNdmW7BY4","UgxG1oRe0z0ki1cUFzh4AaABAg","Hải Phòng lãnh nhiều hơn","2025-03-10T09:52:24.000Z","0"
"ahpNdmW7BY4","Ugz5YlyY5vqcI4i-4TR4AaABAg","xố 5","2025-03-06T10:40:19.000Z","0"
"ahpNdmW7BY4","UgxHl0pJMeiTS5UD8NZ4AaABAg","❤❤❤❤❤❤","2025-03-05T13:35:21.000Z","0"
"ahpNdmW7BY4","Ugwp0qa2IhCVllhPvf54AaABAg","May tôi ơ miên băc","2025-03-02T05:00:17.000Z","0"
"ahpNdmW7BY4","UgxYAJaNnikfKfvsqDJ4AaABAg","Bão này là bão daxua chứ 😂😂😂","2025-02-28T14:22:10.000Z","0"
"ahpNdmW7BY4","UgxdMNzZcXR2AzS-sf54AaABAg","😅😅","2025-02-27T06:23:35.000Z","0"
"ahpNdmW7BY4","UgwbYjeRiTy2Z4ajh1V4AaABAg","Tôi ăn nguyên quả bão đổ cây ssapj nhà bếp sửa mệt vãi😅","2025-02-22T13:40:32.000Z","0"
"ahpNdmW7BY4","UgwlUJP5CH_QDYUJs8B4AaABAg","Em o quang ninh","2025-02-11T10:02:43.000Z","0"
"ahpNdmW7BY4","Ugx6a14FqY8Gu5JDwNh4AaABAg","Tôi ăn nguyên cái bảo đó một cái ở nhà hơn nữa","2025-01-29T05:21:47.000Z","0"
"ahpNdmW7BY4","UgwAlwvFnovkt72TTD94AaABAg","Chỗ tui bay nóc sập nhà may cho chỗ ông đó","2025-01-27T05:56:47.000Z","0"
"ahpNdmW7BY4","UgyYfx1lCrR7pKgBzzB4AaABAg","Em tìm thấy 5  qu ảbửơi","2025-01-27T04:00:53.000Z","0"
"ahpNdmW7BY4","Ugw0CgDSsfl72P8cA8J4AaABAg","Chúc anh bình an vô sự 🥶🥶🥶🥶🥶❤❤❤❤❤❤","2025-01-27T00:31:47.000Z","0"
"ahpNdmW7BY4","Ugzvi3YgdPCOlnYY0S54AaABAg","bay hết cây bàng trăm tuổi t","2025-01-26T16:03:52.000Z","0"
"ahpNdmW7BY4","UgyYBwF9TlMX_BUC0Ht4AaABAg","em miền bắc ☠️☠️☠️☠️","2025-01-26T16:03:20.000Z","0"
"ahpNdmW7BY4","UgwGnug5Smet15VbM7N4AaABAg","Ở hải phòng chỗ e còn có cái mái tôn bay giữa đường😂😂","2025-01-20T04:54:14.000Z","0"
"ahpNdmW7BY4","UgyYipexqsEVlzxpd_94AaABAg","13","2025-01-19T08:33:01.000Z","0"
"ahpNdmW7BY4","UgzjX4qZun6tw-UVsi54AaABAg","ko bt comment gì nên cho đại","2025-01-18T15:44:20.000Z","0"
"ahpNdmW7BY4","UgwtZd2vtSi1Hu5wrzJ4AaABAg","😂 vãi","2025-01-17T14:20:22.000Z","0"
"ahpNdmW7BY4","UgxXjP1GQ5Yl_LZQiZR4AaABAg","mik ở miền trung","2025-01-17T05:52:17.000Z","0"
"ahpNdmW7BY4","UgxNEBY0fVsiUJTprGN4AaABAg","Em ở An Giang ko có bão","2025-01-17T01:11:51.000Z","0"
"ahpNdmW7BY4","Ugxf5Va3khd1oRSrbH14AaABAg","Thái Thụy ,Thái Bình ...😅","2025-01-16T08:21:41.000Z","0"
"ahpNdmW7BY4","UgwwHWrQdpfeF_KDWM94AaABAg","em ở miền bắc chỗ em ngập luôn núi với nhà em 😢","2025-01-15T14:08:10.000Z","0"
"ahpNdmW7BY4","Ugw7bgtR8Oah8o_Hb8l4AaABAg","Nhà Em có cây bưởi, táo, xoài, cóc 
 Cây bưởi rụng: 5 quả 
 Cây táo: 7
  Cây xoài : 7 quả 
  Cây cóc: 8 quả","2025-01-15T12:55:13.000Z","0"
"ahpNdmW7BY4","Ugyq1MiVyH9sgk7KJwp4AaABAg","Sau bão Yagi 
Tôi:Chắc là 2 chục quả 
Đạt: 5 quả thôi","2025-01-14T14:09:06.000Z","0"
"ahpNdmW7BY4","Ugzq1y_YwswJT3QEqf94AaABAg","Bưởi nhà anh chưa chín nên khó dụng lắm","2025-01-14T13:43:11.000Z","0"
"ahpNdmW7BY4","Ugy1h7jKqpw-KnEyTPF4AaABAg","Sau bão Yagi quá là bất ổn 😂😂","2025-01-14T13:23:56.000Z","1"
"ahpNdmW7BY4","UgymZncrocCaZNTKCQF4AaABAg","Tôi ở miền Bắc bị bão ra đi giết gãy cả cành chuối","2025-01-12T13:14:23.000Z","0"
"ahpNdmW7BY4","Ugy2NTqelGNLpSjTYp94AaABAg","chỗ em là buổi sáng nó mới đến","2025-01-11T07:02:11.000Z","0"
"ahpNdmW7BY4","UgwzNtjUY55So0jRfst4AaABAg","120N","2025-01-10T13:48:59.000Z","0"
"ahpNdmW7BY4","Ugxuv8_mEA4dQtoLtiJ4AaABAg","Nhà em sắp bay nóc","2025-01-06T14:34:59.000Z","0"
"ahpNdmW7BY4","Ugy8uSTp4zk_Nm2q45l4AaABAg","Người gặp Bão yagi 
1 Đỗ Đạt:)","2025-01-04T05:56:46.000Z","0"
"ahpNdmW7BY4","UgzRwX57EP9mBKFzEOd4AaABAg","Nhưng mà Hạ Long chỗ cháu là một tỉnh đẹp nhất lúc bão qua thì…","2025-01-02T16:24:40.000Z","0"
"ahpNdmW7BY4","UgyXUfQFyJieDFmx6BF4AaABAg","Mình cũng ở Hà Nam bão cũng khá to nhưng so với các tỉnh như Quảng Ninh thì còn sướng chán","2025-01-01T10:55:24.000Z","0"
"ahpNdmW7BY4","UgxxXvWmDq5V7jHaxbt4AaABAg","❤❤","2025-01-01T06:34:52.000Z","0"
"ahpNdmW7BY4","UgwIzb3JPUXiyRLuVON4AaABAg","Còn Cây Của em nó bay rồi","2025-01-01T04:21:12.000Z","0"
"ahpNdmW7BY4","Ugwp3zZ-6DcWU0-6rix4AaABAg","Còn nhà em bị đổ cây mít và cây ổi sau bảo yagi😢😢😢😢","2024-12-30T14:51:28.000Z","0"
"ahpNdmW7BY4","Ugzvccqv3cOBtw-yNkt4AaABAg","Nhà em thì bị đổ cây sau nhà","2024-12-29T13:08:49.000Z","0"
"ahpNdmW7BY4","UgzbZYt0BjxZhCqQ92d4AaABAg","@h","2024-12-29T07:34:15.000Z","0"
"ahpNdmW7BY4","UgwD_VpDb-hCgFQNFMp4AaABAg","tôi ở băcx","2024-12-29T01:07:35.000Z","0"
"ahpNdmW7BY4","UgysfPZXEDnbLy-1Kdt4AaABAg","chỗ mạnh là bay luôn cây bưởi 😂😂😂😂😂","2024-12-28T08:17:08.000Z","0"
"ahpNdmW7BY4","UgzGtSbu969A4oRfn0R4AaABAg","Anh không biết nhà em như thế nào đâu lúc nhà em bị ngập vết em toàn phải ra bà thôi lúc đấy em buồn lắm nhà em cao thế mà nó cũng ngập được lên nhà Mai là nhà em chỉ gặp đến một nửa sàn thôi nên bố mẹ em còn không có thức ăn ấy","2024-12-28T02:07:11.000Z","0"
"ahpNdmW7BY4","Ugwg8Vbz2DMzejwmfmh4AaABAg","Anh ở đâu vậy","2024-12-27T13:48:37.000Z","1"
"ahpNdmW7BY4","UgyxrBCZQxaI48Guh0F4AaABAg","quảng ninh lãnh đủ","2024-12-26T13:42:31.000Z","0"
"ahpNdmW7BY4","UgygEflDJF8rqMa_No14AaABAg","Ben hưng yiên đô cây đô nhà sâp nóc","2024-12-26T13:19:38.000Z","0"
"ahpNdmW7BY4","UgweYmfKQ81QYuqRkMJ4AaABAg","Anh ko sợ ốm à","2024-12-22T14:44:45.000Z","0"
"ahpNdmW7BY4","UgytL8pPLJIrWnGKrF54AaABAg","Chỗ em đổ cây gạo 32 năm bà em kể vậy","2024-12-22T04:24:32.000Z","0"
"ahpNdmW7BY4","Ugyyz7okUBH9wq-31e14AaABAg","Ở chỗ em đổ cả cây cổ thụ 129  năm tuổi đó","2024-12-21T11:56:18.000Z","0"
"ahpNdmW7BY4","UgzTpgDYRUzy-fASGzd4AaABAg","Em là người miền bắc lên trời mưa to to một chút thôi❤❤❤","2024-12-20T11:07:49.000Z","0"
"ahpNdmW7BY4","Ugxlde7sB5-BSNbo_EJ4AaABAg","Tô màu tắc kè hoa","2024-12-18T04:21:53.000Z","0"
"ahpNdmW7BY4","UgxRnvcooGeRkGHEiud4AaABAg","Em thấy giống bảo Trà My hơn","2024-12-16T13:08:46.000Z","0"
"ahpNdmW7BY4","UgziV1THPUO16N8hd9p4AaABAg","Buổi 💀☠️","2024-12-16T12:43:55.000Z","0"
"ahpNdmW7BY4","UgzB3YEqbqovcC7ZiaF4AaABAg","Anh ơi chỗ em rơi hơn chịc cây á chứ ko phải quả đâu","2024-12-15T16:50:32.000Z","0"
"ahpNdmW7BY4","Ugy1Mb691D0iH-_JYVh4AaABAg","Ở Bắc em tận 4 ngày cơ ạ ,mạnh lắm làng đổ mất bao nhiêu cây cổ thụ ấy ạ .😢","2024-12-15T06:50:27.000Z","0"
"ahpNdmW7BY4","UgzyjwRWSgIsio7uN514AaABAg","Lạng Sơn….…………………………","2024-12-14T16:00:21.000Z","0"
"ahpNdmW7BY4","UgwWiilnGg4eI6YbIQh4AaABAg","anh đỗ đạt ơi ở chỗ em bão ra ghi bay cả cây","2024-12-14T13:06:17.000Z","0"
"ahpNdmW7BY4","Ugy8-DpCEPWF6_2G0SF4AaABAg","9 quả","2024-12-14T04:18:43.000Z","0"
"ahpNdmW7BY4","Ugz7kYBkqQ4YnuK-0tZ4AaABAg","mình ở Thái Bình lãnh cũng gần hết :)","2024-12-13T13:08:36.000Z","0"
"ahpNdmW7BY4","UgyjPty2_iH4ukGu5Sl4AaABAg","hmm nhà tui mat 16 qua co :(","2024-12-11T12:52:24.000Z","0"
"ahpNdmW7BY4","UgxFyTiDekP9zGLIEg54AaABAg","Mik ở Hải Phòng nên bão cũng to thiệt hại 1 cây cau :))))","2024-12-11T12:05:04.000Z","0"
"ahpNdmW7BY4","Ugz3kp1MeIcBghO946R4AaABAg","Ba ở nhà có một người con","2024-12-10T14:27:01.000Z","0"
"ahpNdmW7BY4","UgwmoSOcNQljAlZE9kB4AaABAg","5 quả bưởi","2024-12-10T11:59:57.000Z","0"
"ahpNdmW7BY4","UgzztqbPGIneBotLawJ4AaABAg","Anh cho em một con bò với tắc kè","2024-12-10T11:57:53.000Z","0"
"ahpNdmW7BY4","UgwB4xrVGA7mWawtZCR4AaABAg","cảm ơn anh ❤❤","2024-12-10T05:06:49.000Z","0"
"ahpNdmW7BY4","UgyXkrUuGeQXumRlwCx4AaABAg","em ở tỉnh Lào Cai không có bão đâu😊😊😊😊😊😊😊😊","2024-12-09T15:25:39.000Z","0"
"ahpNdmW7BY4","UgzoxKZpEAXxT_aP9KF4AaABAg","14❤","2024-12-09T13:55:11.000Z","0"
"ahpNdmW7BY4","Ugz_jycGBtKezXh7nfN4AaABAg","❤❤","2024-12-09T10:32:39.000Z","0"
"ahpNdmW7BY4","UgwLNAPSDF_nam3IjY54AaABAg","Ai quay hộ anh vậy","2024-12-08T12:32:18.000Z","0"
"ahpNdmW7BY4","UgxHS5Otd3i4j8_eBHl4AaABAg","huhu tui phải xây nhà vì cơn bão","2024-12-08T11:06:31.000Z","0"
"ahpNdmW7BY4","UgyvK9UtH_bpWajHxVl4AaABAg","Yagi ở quảng ninh hơn 200 km/h cơ kính vỡ, mái tôn và bể nước bay như lá, người người bị thương, anh đạt còn rất sướng mọi người ạ","2024-12-07T13:25:25.000Z","0"
"ahpNdmW7BY4","UgwMRwfv9Cy_wvZow_h4AaABAg","Mưa đó ko bằng mưa bình thường của miến tây tụi tuii","2024-12-06T12:46:54.000Z","0"
"ahpNdmW7BY4","UgzInaJhVeSYg1mHNzF4AaABAg","Tôi miền Bắc bị bão yagi đến nhưng ko sao ko ai died","2024-12-04T14:47:54.000Z","0"
"ahpNdmW7BY4","UgyYUu_cf-TjFTivNk14AaABAg","Tui o quang ninh mà manh vãi","2024-12-04T14:43:21.000Z","0"
"ahpNdmW7BY4","Ugx6urA97mSnzZirGrt4AaABAg","Em hà nam gẫy cây chuối nhà bị rơi nước trong nhà yêu anh","2024-12-04T14:03:04.000Z","0"
"ahpNdmW7BY4","UgzVvY8WbOQ1P_mRF_N4AaABAg","Chỗ em bay mất  san cầu long và bay mai tôn","2024-12-03T15:09:09.000Z","0"
"ahpNdmW7BY4","Ugwy2uolQKaETM2u2JF4AaABAg","Nhà mình tâm bão rụng sạch mấy cây bưởi","2024-12-02T05:10:44.000Z","0"
"ahpNdmW7BY4","UgxShqcHWsLU9rqJ_g94AaABAg","coi cái này xong tự nhiên mưa lun","2024-12-01T14:55:02.000Z","0"
"ahpNdmW7BY4","UgzCQPas6aYZbBnn25d4AaABAg","Nhà mình gay ca cay ma","2024-12-01T13:53:22.000Z","0"
"ahpNdmW7BY4","UgzgbBFm1e3N93ww9g54AaABAg","Nhưng tằt lắk làm gì có","2024-12-01T13:39:51.000Z","0"
"ahpNdmW7BY4","UgyWaqvTojUoCvfDB7V4AaABAg","bưởi nhà anh là bưởi gì","2024-12-01T12:41:04.000Z","0"
"ahpNdmW7BY4","UgxDabvODR3DVlFoIL54AaABAg","Mình ở Thái Bình miền Bắc 
Chỗ mình 16 người mất mạng 😢","2024-12-01T06:10:57.000Z","0"
"ahpNdmW7BY4","UgwjvM9RyTIr032OZWJ4AaABAg","Jack","2024-12-01T01:01:35.000Z","0"
"ahpNdmW7BY4","UgxFeIoP3Fxko6ntCd94AaABAg","Mình ở hải phòng😢😢","2024-11-29T13:59:50.000Z","0"
"ahpNdmW7BY4","UgwLnrk69jnKxNmapp94AaABAg","Em o mien bac  gio to lam anh a lat het mai ngoi nha em😢","2024-11-28T13:48:56.000Z","0"
"ahpNdmW7BY4","Ugy5fXBW2ABFnIBpvtB4AaABAg","😂😢","2024-11-28T13:28:33.000Z","0"
"ahpNdmW7BY4","UgyHyYQ-kHHlgDU6whN4AaABAg","Em ở Phú Thọ lúc có một cái tấm bạc gì đâu rơi xuống quốc blah bố mẹ em đóng cửa rồi đi ngủ để đỡ ồn bão yagi","2024-11-27T13:37:00.000Z","0"
"ahpNdmW7BY4","UgyiLVBtMYTgOVc9h_54AaABAg","Em cũng rơi hẳn một câyxoan","2024-11-26T04:54:20.000Z","0"
"ahpNdmW7BY4","Ugw7e3bFxZnPqOQXMlZ4AaABAg","wow!!'lạc quan 👍👍👍👍🌪️🌪️🔥🔥","2024-11-24T03:47:26.000Z","0"
"ahpNdmW7BY4","Ugxd82wlG5iIchbHTYF4AaABAg","Nhà em bay nóc luôn, bác em can đảm chèo lên nóc sửa 🎉","2024-11-23T06:20:24.000Z","0"
"ahpNdmW7BY4","Ugwl74lLm6qsmvCQVad4AaABAg","Anh ơi anh đang ở tiền giang hay anh ở chỗ khác hay vậy để em sinh chữ kí","2024-11-21T13:08:36.000Z","0"
"ahpNdmW7BY4","UgykHsF9zqRAtsYPZm94AaABAg","Ở ngoài bắc chúng tôi, buổi chiều thì bão sẽ dần dần to hơn nhưng ở trên Hà Nội bão Yagi sẽ ngập mong mọi người đều bình an vô sự ❤❤❤❤❤❤❤❤❤❤❤❤❤❤❤❤❤❤❤❤❤❤❤❤❤❤❤❤❤❤❤❤❤❤❤❤❤❤❤❤❤❤❤❤❤❤❤❤❤❤❤❤❤❤❤❤❤❤❤❤❤❤❤❤❤❤❤❤❤❤❤❤❤❤❤❤❤❤❤❤❤❤❤❤❤❤❤❤❤❤❤❤❤❤❤❤❤❤❤❤❤❤❤❤❤❤❤❤❤❤❤❤❤❤❤❤❤❤❤❤❤❤❤❤❤❤❤❤❤❤❤❤❤❤❤❤❤❤❤❤❤❤❤❤❤❤❤❤❤❤❤❤❤","2024-11-19T23:11:01.000Z","0"
"ahpNdmW7BY4","UgzcN2DuYEt1v6BnH9p4AaABAg","Sáng em chuẩn bị đi học thì tự nhiên bố em vào nhà và bảo hôm nay cô cho nghỉ là một lúc sau bố em đi làm, ba chị em em phải ở nhà một mình rồi tự nấu cơm ăn luôn, xong là bố mẹ vừa kịp về, đang ngủ đến chiều tầm 4 giờ em dậy là thấy nhà ngập nước, em cho một con thả cá vào luôn","2024-11-19T15:03:39.000Z","0"
"ahpNdmW7BY4","UgwAyKt2W8LNoeRFD8t4AaABAg","Nhà em lột hết luôn, chắc em bơi luôn còn được❤❤❤","2024-11-19T15:01:47.000Z","0"
"ahpNdmW7BY4","UgyjCrZ1qdxiz8QI8QR4AaABAg","Yaki","2024-11-17T14:29:35.000Z","0"
"ahpNdmW7BY4","UgxId2is8r1sVtJbAvl4AaABAg","Nhà anh ở đâu vậy","2024-11-17T03:26:30.000Z","0"
"ahpNdmW7BY4","Ugy-ETwN7YhypXCW1_h4AaABAg","Mình cũng thế","2024-11-15T07:16:22.000Z","0"
"ahpNdmW7BY4","UgwJ-hB1V4R_5Qg8vGZ4AaABAg","𝙺𝚑𝚞 𝚟𝚞̛̣𝚌 𝚌𝚑𝚘̂̃ 𝚝𝚘̂𝚒 𝚖𝚊̣𝚗𝚑 𝚕𝚊̆́𝚖","2024-11-14T07:04:20.000Z","0"
"ahpNdmW7BY4","UgxbsdW7-5id-ocstmB4AaABAg","❤❤","2024-11-14T06:00:19.000Z","0"
"ahpNdmW7BY4","UgzU-9s7fMhJV0BdmsV4AaABAg","Hương yên","2024-11-14T05:00:54.000Z","0"
"ahpNdmW7BY4","UgyPR2j_QFUK8xLdZfV4AaABAg","Thêm bao tra mi","2024-11-13T15:13:09.000Z","0"
"ahpNdmW7BY4","UgzM0dA8Pfa17eIviZt4AaABAg","Nhà em ko sao nhưng cây nhà hàng xóm đổ lủng mẹ tường","2024-11-13T13:15:22.000Z","0"
"ahpNdmW7BY4","UgwBvUz4jEc-VAyzUB14AaABAg","Cam on","2024-11-13T11:05:08.000Z","0"
"ahpNdmW7BY4","UgwuskoRQD-JtAWtsUJ4AaABAg","Em ở thái nguyên Vẫn bị ngập","2024-11-13T05:48:05.000Z","0"
"ahpNdmW7BY4","UgwvgjKRWm0J_-QEJER4AaABAg","Hahahahahaha😂😂😂😂😂","2024-11-13T04:35:28.000Z","0"
"ahpNdmW7BY4","Ugz3ve-MdThH3B9eXzx4AaABAg","Nó vẫn chưa tan đâu nó đang ở ấn Độ đấy","2024-11-13T04:17:20.000Z","0"
"ahpNdmW7BY4","UgwaARijFjcqGPIBKDp4AaABAg","May mắn em là người miền trung","2024-11-13T02:19:27.000Z","0"
"ahpNdmW7BY4","Ugwy8FZHnMoqkHL_UpZ4AaABAg","Hi","2024-11-12T14:39:08.000Z","0"
"ahpNdmW7BY4","UgyoeIK2Oz9LKZLuQ7l4AaABAg","Tôi cũng ở Hải phòng thì chúng tôi đã một cơn bão Yagi","2024-11-12T11:43:04.000Z","0"
"ahpNdmW7BY4","Ugwd2U_2aERcdM3EBw54AaABAg","Em mất nó rồi","2024-11-12T05:53:14.000Z","0"
"ahpNdmW7BY4","UgzU7TCxFAe9WSN6fUJ4AaABAg","Cứa em","2024-11-12T05:52:29.000Z","0"
"ahpNdmW7BY4","UgxaMiogSRSmPuVJJ1V4AaABAg","Ơ đây Quá nhẹ","2024-11-11T14:43:28.000Z","0"
"ahpNdmW7BY4","UgzKCIjCJCvlhK_L2iZ4AaABAg","Ừ yếu ngập đến tận nóc😅😅","2024-11-11T14:15:22.000Z","0"
"ahpNdmW7BY4","UgzFISo50IaVwjElBCh4AaABAg","Khu vực của e bão Yagi còn ko đến","2024-11-11T13:32:08.000Z","0"
"ahpNdmW7BY4","UgyArPOksxmtnm0eyrl4AaABAg","Bão trà mi :))))","2024-11-11T12:18:17.000Z","0"
"ahpNdmW7BY4","UgyvPnZWbk8K2NjKTqp4AaABAg","😀 em ở Đắk Lắk thuộc vùng Tây Nguyên nên khum sợ đou :))","2024-11-11T05:43:57.000Z","0"
"ahpNdmW7BY4","Ugwwy4jj-vLFadxzq-94AaABAg","Đồ hơn chục cây.Huhu😢😢😢😢😢","2024-11-10T13:28:15.000Z","0"
"ahpNdmW7BY4","UgwbPZbvSYRHkhpC1MF4AaABAg","Anh, ơi","2024-11-10T12:37:52.000Z","0"
"ahpNdmW7BY4","Ugz6ehWyDKoXwyJjpNh4AaABAg","Hải phòng ra ngoài đường gió thổi bay người nói gì 5 quả bưởi","2024-11-10T07:38:41.000Z","0"
"ahpNdmW7BY4","UgwqgSPISXyiLS7iG_d4AaABAg","giờ xong bão jagi thì lại thêm con trà mi nũa","2024-11-09T14:43:19.000Z","0"
"ahpNdmW7BY4","UgxJpSyyutBhlCMG8DR4AaABAg","Anh_nam12","2024-11-09T10:14:46.000Z","0"
"ahpNdmW7BY4","UgyEjGBN5iV17M9LKex4AaABAg","Em ở miền Bắc thảm hoạ quá anh 
Nhà em đổ cây mít và đổ cây xung❤","2024-11-09T06:42:54.000Z","0"
"ahpNdmW7BY4","UgzOBUWJ_ybmyucmj0B4AaABAg","Tôi là người miền bắc 😢","2024-11-09T05:48:04.000Z","0"
"ahpNdmW7BY4","Ugzd4oNB_hhlE8XPXAB4AaABAg","😅😅","2024-11-09T00:18:24.000Z","0"
"ahpNdmW7BY4","UgzKTvZ7SSKwQJEnycR4AaABAg","Toi la gia lai ko mua","2024-11-08T23:44:39.000Z","0"
"ahpNdmW7BY4","UgyRfD7BIeHkug-ATuJ4AaABAg","Đây là lần thứ hai của tôi😂","2024-11-08T11:26:03.000Z","0"
"ahpNdmW7BY4","UgzT88E9yPimvNXvW254AaABAg","Nghỉ hè tuần trước còn chưa đi học mà bão nó phá nha","2024-11-08T07:38:21.000Z","0"
"ahpNdmW7BY4","UgxeuoN-tlpH7FFVmRl4AaABAg","Có bão trà mi nữa
Đang ờ miền nam cẩn thận","2024-11-08T05:57:42.000Z","0"
"ahpNdmW7BY4","UgzSGEXolu2vVljKIoZ4AaABAg","Miền bắc là tui nè","2024-11-07T16:23:56.000Z","0"
"ahpNdmW7BY4","UgwyHuunMiCfchMbKBF4AaABAg","Bão số 1 thì có đó anh😂😂😂😂😂","2024-11-07T15:28:59.000Z","0"
"ahpNdmW7BY4","Ugz_NxM6UPg_OUVfA_l4AaABAg","chỗ mình bão dữ lắm","2024-11-07T14:27:51.000Z","0"
"ahpNdmW7BY4","UgydEfcA8feps8-uy5Z4AaABAg","E bị mất một cây mít vì bị bão yagi","2024-11-07T14:04:16.000Z","0"
"ahpNdmW7BY4","UgxBGxWQ6nIAgOrQsbF4AaABAg","Em ở Quảng Ninh thì cơn bão ra khi rất mạnh?😢","2024-11-07T14:01:37.000Z","0"
"ahpNdmW7BY4","UgyQlPS0VeFLEOg60Ul4AaABAg","5 puả😂😂😂","2024-11-07T13:29:21.000Z","0"
"ahpNdmW7BY4","UgzwdMqDrNCAZfkdgpd4AaABAg","Bão trà mi có ko anh","2024-11-07T12:57:08.000Z","0"
"ahpNdmW7BY4","UgwL-TQZuR-8_2nvjNF4AaABAg","Em thiệt hại lớn nắm","2024-11-06T15:37:51.000Z","0"
"ahpNdmW7BY4","UgzPM0vFHRCoszpK-Vp4AaABAg","Fc","2024-11-06T09:49:40.000Z","0"
"ahpNdmW7BY4","UgxDduqWZvIq1s7HDSV4AaABAg","bảo nhỏ à","2024-11-06T04:07:21.000Z","0"
"ahpNdmW7BY4","UgzQ5t5Lpbls33JH0-J4AaABAg","Bão yagi mạnh đến mức nhà tôi cũng có cây bưởi","2024-11-05T11:24:07.000Z","0"
"ahpNdmW7BY4","UgwxEQJ1oMOqnG-62Qt4AaABAg","Bão Trà Mi chứ anh","2024-11-04T15:29:55.000Z","0"
"ahpNdmW7BY4","UgzIXIl_07clVYaY9194AaABAg","Cầu mong anh đạt bình an nhé 😊😊😊","2024-11-04T14:05:04.000Z","0"
"ahpNdmW7BY4","Ugzuaw5shMPEDwbbbDN4AaABAg","Tôi là người miền Bắc ta ở miền Bắc tôi đã thiệt hại hơn 3 người gia đình tôi thì bị mái tôn nhà người khác bay vào gần nữa gia đình tôi rơi vào tay của thần chết","2024-11-04T10:26:06.000Z","0"
"ahpNdmW7BY4","UgxDJyJ-abbPf2qC-eh4AaABAg","yeu cai dau cha may","2024-11-04T05:53:28.000Z","0"
"ahpNdmW7BY4","UgxCZ_A0HartT1YXIx14AaABAg","Hà Nội bốc hơi","2024-11-04T01:24:22.000Z","0"
"ahpNdmW7BY4","Ugzwh7oUNGnf6NCQuJp4AaABAg","Bão yaki vcl tht","2024-11-04T01:23:22.000Z","0"
"ahpNdmW7BY4","UgzZHSTxziVPpm-hgwJ4AaABAg","Bình t ❤❤","2024-11-03T12:28:25.000Z","0"
"ahpNdmW7BY4","UgyZbcRMXgSRZCWJj654AaABAg","Em ở Nghệ An nên là chỉ mưa bình thường thôi 😌","2024-11-03T12:21:33.000Z","0"
"ahpNdmW7BY4","Ugzn3vSFjyknMncTD_x4AaABAg","toi o hai duong ne","2024-11-03T08:26:07.000Z","0"
"ahpNdmW7BY4","UgwdnlvbKrJYMhzwbxZ4AaABAg","Lúc bão em ở trung tâm của bão và sau bão nhà em mất luôn nóc :)😅","2024-11-03T08:17:44.000Z","0"
"ahpNdmW7BY4","UgyV85szARKAFYnBDN94AaABAg","Ở Phú Thọ trả bị gì đâu các bạn ạ","2024-11-03T01:09:03.000Z","0"
"ahpNdmW7BY4","Ugyhw9aF9Uqmlyv1lth4AaABAg","10","2024-11-02T15:16:14.000Z","0"
"ahpNdmW7BY4","UgysbQxZlQ-rKjAbOp94AaABAg","Bảo yagi tôi nghe bảo trà my=))","2024-11-02T14:59:59.000Z","0"
"ahpNdmW7BY4","Ugzu8n5rxC8BjfhRg8B4AaABAg","Bão nagi à ah","2024-11-02T14:37:41.000Z","0"
"ahpNdmW7BY4","UgxBBufq-nGx6dIPdyR4AaABAg","Bản em là bản ban chỗ em không có bão","2024-11-02T14:22:52.000Z","0"
"ahpNdmW7BY4","UgyXmVYgbs6PL2IJR5N4AaABAg","Nhà Bn em bị rơi 2 cục gạch 😂😂😂😂😂","2024-11-02T14:19:39.000Z","0"
"ahpNdmW7BY4","UgzwCz2qVvC1r4OVFR14AaABAg","Anh ơi còn bão trà my nửa anh","2024-11-02T11:13:11.000Z","0"
"ahpNdmW7BY4","UgzHQ9vcvo2c0f1Us-V4AaABAg","Nhà em bất tận mất tập 80 quả bưởi","2024-11-02T08:42:17.000Z","0"
"ahpNdmW7BY4","UgxRIfTlO4vBcmHXgAB4AaABAg","Nhà em bất tận mất tập 80 quả bưởi","2024-11-02T08:42:17.000Z","0"
"ahpNdmW7BY4","UgygqMDkXkp0y0WTemd4AaABAg","Anh ơi có cả báo Trà My với báo gia Huy đấy ạ","2024-11-02T06:49:54.000Z","0"
"ahpNdmW7BY4","UgzeBCffUdUNRJMiorh4AaABAg","Bay luôn cái nóc luôn rồi","2024-11-02T05:53:55.000Z","0"
"ahpNdmW7BY4","UgyEu1gPlyLlY3IFoYB4AaABAg","Nhà em ở quảng ninh gió thổi ghê lắm đổ nhiều cây","2024-11-02T04:46:06.000Z","0"
"ahpNdmW7BY4","UgzrvwPsX7ZzpPDYsqJ4AaABAg","Anh đừng lo cho bọn em tự em bình an lắm nha anh","2024-11-02T04:15:17.000Z","0"
"ahpNdmW7BY4","Ugy0kVwz0C_N2zzfXfJ4AaABAg","Em là người miền Trung 😠","2024-11-02T03:01:01.000Z","0"
"ahpNdmW7BY4","UgxKJvT9yuzLMqiZYpR4AaABAg","ANH LÀ NGƯỜI TỈNH NÀO VẬY","2024-11-02T02:54:36.000Z","0"
"ahpNdmW7BY4","UgyN9kDZnkImj1BqtpF4AaABAg","Ở Quảng Ninh gió to mưa to đổ hết cây","2024-11-02T01:53:10.000Z","0"
"ahpNdmW7BY4","Ugxqec4N5QB-i22LLx54AaABAg","Chỗ em rớt 20 quả cơ anh ạ😢","2024-11-02T00:44:08.000Z","0"
"ahpNdmW7BY4","UgzKJkcI91zX75-S9gV4AaABAg","Nhà em chỉ bị ảnh hưởng nhẹ🎉🎉","2024-11-02T00:22:09.000Z","0"
"ahpNdmW7BY4","UgzSIkFvj8o-C3U-mix4AaABAg","Ở chỗ em thì mất sạch hết cây ăn quả trồng được gần 10 năm r mà sau sb yagi thì mất hết😢😢😢","2024-11-01T22:57:54.000Z","0"
"ahpNdmW7BY4","Ugz7mVZuf39b6uQmTIx4AaABAg","5","2024-11-01T15:45:31.000Z","0"
"ahpNdmW7BY4","Ugyuoozb4WCazf3oUbN4AaABAg","5ạ❤❤❤❤","2024-11-01T14:35:51.000Z","0"
"ahpNdmW7BY4","Ugw3273FVQk16gkGNax4AaABAg","Em ở Hải Phòng to nhất top 2","2024-11-01T12:27:15.000Z","0"
"ahpNdmW7BY4","Ugwr2y0khPfgkR1kZGl4AaABAg","Cơn bão yagi Thật là kinh khủng","2024-11-01T12:18:54.000Z","0"
"ahpNdmW7BY4","Ugxod9uQfb3VoHeN8DN4AaABAg","Tôi","2024-11-01T11:13:55.000Z","0"
"ahpNdmW7BY4","Ugy5W6c175Y9pMJDfu14AaABAg","Anh bít như vậy bão Yagi tổn thương không😂","2024-11-01T10:36:56.000Z","0"
"ahpNdmW7BY4","UgxxOhzqTDyUjgpyEpZ4AaABAg","Haha em ở hạ long tuần châu và nó rất yếu😈🤭","2024-11-01T08:56:48.000Z","0"
"ahpNdmW7BY4","UgzUqPCZnS1KhFC0_Xd4AaABAg","Bỏ đi mà làm người","2024-10-31T23:57:59.000Z","0"
"ahpNdmW7BY4","UgxAGVt5Ykcg43XdEJ14AaABAg","Bão xong thì em thả diều đứt bay mất không tìm thấy","2024-10-31T15:25:42.000Z","0"
"ahpNdmW7BY4","UgyPIHMbY-60L24apud4AaABAg","hu hu tui ở miền bắc","2024-10-31T14:28:22.000Z","0"
"ahpNdmW7BY4","UgyzxGXIIWDxmYEVZ_R4AaABAg","Cảm ơn nhé anh Dat","2024-10-31T14:06:43.000Z","0"
"ahpNdmW7BY4","Ugy9TFp3Y1_DHoG7YU14AaABAg","tôi ở miền Nam nhưng nhà tôi sập đất ngập","2024-10-31T13:24:39.000Z","0"
"ahpNdmW7BY4","Ugzr5fGO8kLeprWDV814AaABAg","Nhà tui bị gãy cây cau cao nhất trong  nhà","2024-10-31T13:02:32.000Z","0"
"ahpNdmW7BY4","Ugz-EwThOkukSsN4mn54AaABAg","Cũng ko may mình ở miền bắc 😅 nhưng chỗ mình yếu hơn chỗ đấy😊cũng rất may","2024-10-31T11:18:03.000Z","0"
"ahpNdmW7BY4","UgxgpBNsOxEvzHFu76J4AaABAg","-)","2024-10-31T04:54:41.000Z","0"
"ahpNdmW7BY4","UgwdkfT5FO5mIi0PjWd4AaABAg","ở,đay,,có","2024-10-31T04:38:10.000Z","0"
"ahpNdmW7BY4","UgxS610Nxznwm2CEMcZ4AaABAg","cho em bay nha mai ton cay","2024-10-30T15:29:47.000Z","0"
"ahpNdmW7BY4","UgysucDLQfckAl_STfJ4AaABAg","❤❤❤","2024-10-30T14:42:40.000Z","0"
"ahpNdmW7BY4","UgyqC5nfPvzKOwyJWxx4AaABAg","Tôi ở Hà Nội cơn bão xa cơn","2024-10-30T14:34:59.000Z","0"
"ahpNdmW7BY4","Ugw5pySVnWMoDpdzc7x4AaABAg","Miền bắc bão gygi rất yếu","2024-10-30T14:09:59.000Z","0"
"ahpNdmW7BY4","Ugwsl0SW2Cli_4mb4Bx4AaABAg","chỗ em. 10 quả","2024-10-30T12:24:45.000Z","0"
"ahpNdmW7BY4","UgxnvpBwfmml1p_T4M14AaABAg","Bảo yagi mệt quá đi mất thôi anh ơi em mệt quá😢😢😢😢","2024-10-30T09:41:02.000Z","0"
"ahpNdmW7BY4","UgzocVO-MRuHgnQuucB4AaABAg","Chỗ em lăng cô nó bay tôn với gãy cây đầy luôn nhà em bay 4 tấm tôn gãy một nhánh cây bàng to","2024-10-30T09:17:59.000Z","0"
"ahpNdmW7BY4","UgxB90hX5SqnRPL07bl4AaABAg","Ở hậu giang nên không bị bão","2024-10-30T08:46:28.000Z","0"
"ahpNdmW7BY4","UgwHmuGnujJQXfh6viR4AaABAg","chỗ em bão bế luôn cả mái nhà công ty đi đâu ko biết","2024-10-30T06:16:11.000Z","0"
"ahpNdmW7BY4","UgweBXmjl9cPrTbWC_Z4AaABAg","ha ha ha ha ha ha ha ha ha ha ha ha ha ha ha ha ha ha ha ha ha ha ha ha ha ha ha ha ha ha ha ha ha ha ha ha ha ha ha ha ha ha ha ha ha ha ha ha ha ha ha ha ha ha ha ha ha ha ha ha ha ha ha ha ha ha ha ha ha ha ha ha","2024-10-30T05:54:59.000Z","0"
"ahpNdmW7BY4","UgzZfa_hwk58eOJm45t4AaABAg","Nhìn trái bưởi rụng mà đau lòng😢❤","2024-10-30T04:27:32.000Z","0"
"ahpNdmW7BY4","UgwJS4Jh0LUGQAfpwMl4AaABAg","Chỗ em không sao cả Bảo rất nhẹ ❤❤❤❤❤❤❤","2024-10-29T16:33:22.000Z","0"
"ahpNdmW7BY4","UgwcohyarscgvhHHKmN4AaABAg","Miền Trung thứ 5 là bão trà mi","2024-10-29T15:47:02.000Z","1"
"ahpNdmW7BY4","Ugxo4N5qLLCj3t4IbJh4AaABAg","Tao ở Quảng Ninh 💀💀","2024-10-29T15:03:21.000Z","0"
"ahpNdmW7BY4","UgxLHFpdvxA1uapCpPt4AaABAg","Anh ơi trong trường em bảo tới rớt cái bản thông báo đi chậm rồi giờ trường của em thành hồ bơi luôn rồi nó","2024-10-29T14:22:55.000Z","0"
"ahpNdmW7BY4","UgxCs656EPqtDf-o86N4AaABAg","Em thì ngỉ học cả tuần hay là hơn tuần lại còn là ngày đầu đi học","2024-10-29T12:38:20.000Z","0"
"ahpNdmW7BY4","UgyWkZpe7Hg-4_6i05x4AaABAg","Anh ở tỉnh nào vậy","2024-10-29T12:31:41.000Z","0"
"ahpNdmW7BY4","Ugw-8n5Pdy1Crcw9guR4AaABAg","nhà mình trụi cả cây bưởi 45 năm tuổi","2024-10-29T11:43:35.000Z","0"
"ahpNdmW7BY4","Ugxh_YE7zLEG_5QsX6B4AaABAg","Chô em không có bão yagi mà có bão trà mi","2024-10-29T10:15:18.000Z","0"
"ahpNdmW7BY4","UgzKPparnl9kGv61D5B4AaABAg","Nhà em bay nóc","2024-10-29T06:42:49.000Z","0"
"ahpNdmW7BY4","UgzGHajuX2DjuVqc1xV4AaABAg","Anh ở đây là bão trà my","2024-10-29T05:02:36.000Z","0"
"ahpNdmW7BY4","UgyovQrffkV1LPF34Bh4AaABAg","Yacu😊","2024-10-28T14:55:02.000Z","0"
"ahpNdmW7BY4","Ugw9D4c4b8jqzBfVuGh4AaABAg","em ở việt Nam","2024-10-28T14:35:52.000Z","0"
"ahpNdmW7BY4","UgywXiwtmoCTJNyVgax4AaABAg","Em người  hải  phòng","2024-10-28T14:30:58.000Z","0"
"ahpNdmW7BY4","UgzPHjyevZqND6accfp4AaABAg","Quê em bị ngập siêu cao lun =( 😢","2024-10-28T09:25:35.000Z","0"
"ahpNdmW7BY4","UgxAP4h7oAoDA9fiffh4AaABAg","Anh ơi anh ở miền Trung à","2024-10-28T07:29:02.000Z","0"
"ahpNdmW7BY4","Ugz5Ikyr0pRGgH9Bmal4AaABAg","Làng nủ 😢😢😢","2024-10-28T05:45:29.000Z","0"
"ahpNdmW7BY4","UgzxveSNPBgx2V9JHfJ4AaABAg","😊😊😊😊❤❤❤❤","2024-10-28T05:43:05.000Z","0"
"ahpNdmW7BY4","UgwERjIRyy2VVBJ9Ti94AaABAg","bão trà mi chuổn bị đến rùi😢","2024-10-27T14:36:09.000Z","0"
"ahpNdmW7BY4","UgwjkO2_pGNsjer83lh4AaABAg","Yagi","2024-10-27T12:12:00.000Z","0"
"ahpNdmW7BY4","UgylwUflhDLJ75_6dYt4AaABAg","Anh phùong gì vay","2024-10-27T10:24:54.000Z","0"
"ahpNdmW7BY4","UgzFW2ff05OAbHDDGKh4AaABAg","bố mẹ em mất rồi😢😢😢😢😢😢😢😢😢","2024-10-27T08:32:31.000Z","0"
"ahpNdmW7BY4","UgxEsVS3uEfFKEvyEEp4AaABAg","𝓬𝓸̀𝓷 𝓫𝓪̃𝓸 𝓽𝓻𝓪̀ 𝓶𝓲","2024-10-27T06:08:39.000Z","0"
"ahpNdmW7BY4","UgyJocOEcvzM5lnJJ0R4AaABAg","Chuẩn bị mất con cái mái nhà mà","2024-10-27T04:00:39.000Z","0"
"ahpNdmW7BY4","Ugxq6nLSLCwIlOyk3Qt4AaABAg","Năm quả bưởi","2024-10-27T00:56:30.000Z","0"
"ahpNdmW7BY4","UgxILEJldhDi6DdTiyx4AaABAg","Chỗ em thì chỉ bị ảnh hưởng thôi ạ","2024-10-26T14:58:26.000Z","0"
"ahpNdmW7BY4","UgykHRRkEai8gr5TSzl4AaABAg","Con ở Tam Kỳ nên ko bị nhưng mà ngày mai là bị 😢😢😢","2024-10-26T13:32:03.000Z","0"
"ahpNdmW7BY4","UgyFbe6Dl94RdMNjH_54AaABAg","🎉❤❤❤❤😊","2024-10-26T11:57:21.000Z","0"
"ahpNdmW7BY4","Ugzek0nioskA7B5sU9R4AaABAg","Sập nhà","2024-10-26T11:49:35.000Z","0"
"ahpNdmW7BY4","Ugyl1YCHPaoaeEyEBq54AaABAg","❤❤❤❤❤❤❤","2024-10-26T11:48:52.000Z","0"
"ahpNdmW7BY4","UgwG6U5sL4EM9Y1YmmN4AaABAg","Sắp chết đến nơi rồi 😂😂","2024-10-26T11:23:54.000Z","0"
"ahpNdmW7BY4","UgwaVUfqehB4FFFOw9R4AaABAg","em o hai dương","2024-10-26T10:54:37.000Z","0"
"ahpNdmW7BY4","Ugzr-kY3Bmm-me-ApoR4AaABAg","Cẳm ơn anh Đạt nha qua bão yagi rồi em không sao Miền Bắc ơi có lên❤❤❤❤❤❤❤ người Miền Bắc 🇻🇳🇻🇳🇻🇳🇻🇳🇻🇳🇻🇳🇻🇳❤❤❤❤❤❤❤🎉🎉🎉🎉🎉🇻🇳🇻🇳🇻🇳","2024-10-26T04:27:19.000Z","0"
"ahpNdmW7BY4","UgwixPP6LdLiYBxg5f54AaABAg","em ở Hải Dương sập cả nhà 🎉😮😢❤😅😊🎉😂","2024-10-26T02:31:16.000Z","0"
"ahpNdmW7BY4","UgxzKqhbZtjY6oCWmjd4AaABAg","Em ở miền Nam bình thuận không có bão","2024-10-25T23:38:41.000Z","0"
"ahpNdmW7BY4","UgzqINmW6ZnTEl39fOl4AaABAg","Sao cô không nghỉ luôn để học sinh đỡ phải đi học bài😂😂😂😂😂😂😂😂","2024-10-25T12:13:58.000Z","0"
"ahpNdmW7BY4","Ugy7x5kpa1zFU_j0AZN4AaABAg","Em thấy còn một quả nữa trong góc cơ","2024-10-25T05:19:32.000Z","0"
"ahpNdmW7BY4","Ugyy0ukIKxeUSRpAALp4AaABAg","🍓🍓🍓🍓🍓🍓🍓🍓🍓🍓🍓🍓🍓🍓🍓🍓🍓🍓🍓🍓🍓🍓🍓🍓🍓🍓🍓🍓🍓🍓🍓🍓🍓🍓🍓🍓🍓🍓🍓🍓🍓🍓🍓🍓🍓🍓🍓🍓🍓🍓🍓🍓🍓🍓🍓🍓🍓🍓🍓🍓🍓🍓🍓🍓🍓🍓🍓🍓🍓🍓🍓🍓🍓🍓🍓🍓🍓🍓🍓🍓🍓🍓🍓🍓🍓🍓🍓🍓🍓🍓🍓🍓🍓🍓🍓🍓🍓🍓🍓🍓🍓🍓🍓🍌🍓🍓🍓🍓🍓🍓🍓🍓🍓🍓🍓🍓🍓🍓🍓🍓🍓🍓🍓🍓🍓🍒🍒🍓🍓🍓🍓🍓🍓🍓🍓🍓🍓🍓🍓🍓🍓🍓🍓🍓🍓🍓🍓🍓🍓🍓🍓🍒🍓🍓🍒🍒","2024-10-24T13:55:18.000Z","0"
"ahpNdmW7BY4","UgxigGXR6Kr9DZhHDrF4AaABAg","000000000p","2024-10-24T13:54:16.000Z","0"
"ahpNdmW7BY4","UgzTSrcXiS34XrxSm4R4AaABAg","Ư","2024-10-24T13:53:45.000Z","0"
"ahpNdmW7BY4","UgxJTPJLI2b_s6AC2E54AaABAg","o mình câq 12","2024-10-23T12:29:25.000Z","0"
"ahpNdmW7BY4","UgwdkBER_zp7BbNvMch4AaABAg","Tôi ở Thái Nguyên gió rất chi là to và đủ mọi thứ","2024-10-23T08:15:13.000Z","0"
"ahpNdmW7BY4","UgyJtJMT1yToeLZcMkx4AaABAg","Tôi ở hà nội đây bão mạnh lắm","2024-10-22T13:50:59.000Z","0"
"ahpNdmW7BY4","UgyzDHcQ4tHc2nMTIqZ4AaABAg","tui ở cao bằng nên chả bị sao bị mỗi mưa mưa còn bé nữa đc cái mưa mấy tuần đi","2024-10-22T09:53:03.000Z","0"
"ahpNdmW7BY4","UgwxX-6uzYXNPkC1Ih54AaABAg","Có ai biết anh phong cận ko anh phong cận có nuôi một con chó tên là đậu mà đỗ đạt cũng có con gái cũng tên là đậu","2024-10-22T04:40:18.000Z","1"
"ahpNdmW7BY4","UgxBo9VwLmIz2y8bP8B4AaABAg","😊❤❤❤❤❤❤❤","2024-10-22T02:13:52.000Z","0"
"ahpNdmW7BY4","UgwO9KJwKCz1wwO2Oi94AaABAg","Em người miền bắc nhưng em ở hồ chí minh","2024-10-21T15:02:33.000Z","0"
"ahpNdmW7BY4","UgwyvcRgnuz87F41dY54AaABAg","Tui miền bắc mà bay cả nóc nhà ở thành phố hà nội nè","2024-10-19T12:58:18.000Z","0"
"ahpNdmW7BY4","UgxO4PdN-FIb-ME1cwB4AaABAg","Em ở Hải Phong gió giật kinh lắm","2024-10-19T05:25:55.000Z","0"
"ahpNdmW7BY4","Ugx8CP3qYBLklSiY-id4AaABAg","Ah oi em bay cái dép r😂😂😂😂","2024-10-19T04:12:25.000Z","0"
"ahpNdmW7BY4","UgwfgReNafYuBI61esl4AaABAg","Bão như vậy anh ra ngoài anh ko sợ bị cây đổ và tôn bay đè vào người à","2024-10-16T15:52:08.000Z","0"
"ahpNdmW7BY4","UgxAvYGuKnQ9-2ohlb54AaABAg","Đố các bạn làm được như này bắt đầu (123456)","2024-10-15T05:06:20.000Z","0"
"ahpNdmW7BY4","Ugz0W8ZLJwC2arS_24x4AaABAg","Anh ổn chứ bên em thì không","2024-10-13T13:15:37.000Z","0"
"ahpNdmW7BY4","Ugx7okLtElGPdNqbLNx4AaABAg","Nhà em bị cuốn hết rồi😢","2024-10-12T10:40:46.000Z","0"
"ahpNdmW7BY4","UgzxfVSg4DryXGLZnft4AaABAg","Cứu e với e ở miền bắc bão yagi 😭😭😭😭😭😭😭😭😭😭😭😭😭😭😭😭😭😭😭😭😭😭😭😭😭😭😭😭😭😭😭😭😭😭😭😭😭😭😭😞😞😞😞😞😞😞😞😞😞😞😞😞😞😞😞😞😓😓😓😓😔😥😥😥","2024-10-11T13:25:46.000Z","0"
"ahpNdmW7BY4","UgxLwMG3hQVZ4k7Yj154AaABAg","Anh ơi nhà em bị ngập rồi chúc anh thật bình yên nhé ❤","2024-10-11T12:29:48.000Z","0"
"ahpNdmW7BY4","UgwcDktoNkpcdvT3rit4AaABAg","Em 😢  tan nát nhà ( ×,×)😭","2024-10-09T14:16:08.000Z","0"
"ahpNdmW7BY4","UgxJvw3ET1hAQWHjCvV4AaABAg","Tôi ở Quảng Ninh bay hết nóc nhà","2024-10-08T04:35:19.000Z","0"
"ahpNdmW7BY4","UgwZanV7r4dLo8yZwhd4AaABAg","Tôi bị bay lóc nhà luôn báo yagi :< tôi gần hải phòng","2024-10-06T03:28:55.000Z","0"
"ahpNdmW7BY4","Ugx7FkMqaVCjKFZW77p4AaABAg","Anh ở đâu vậy","2024-10-06T01:32:59.000Z","0"
"ahpNdmW7BY4","Ugz3o4xi377r07s3ScN4AaABAg","chỗ đó yếu chứ chỗ e gần hồ Bạch Đằng gãy cây nhiều và khó đi","2024-10-05T09:42:22.000Z","0"
"ahpNdmW7BY4","UgwF6JrWNgePB9Xa8iR4AaABAg","😔","2024-10-03T13:33:36.000Z","0"
"ahpNdmW7BY4","Ugy1O4DZr8atndOodVt4AaABAg","cho em thì mạnh gấp đôi cho anh nhé😢","2024-10-02T15:03:49.000Z","0"
"ahpNdmW7BY4","UgzK7k-Z3xTgv9exzzB4AaABAg","Tôi ở nghệ An ❤❤","2024-10-02T07:25:37.000Z","0"
"ahpNdmW7BY4","Ugz98hj5lmWmqw9zicB4AaABAg","Ngoài em bão da kì to lắm","2024-10-01T10:08:48.000Z","0"
"ahpNdmW7BY4","Ugw9xpCyP3SRhFlpFNx4AaABAg","Chỗ em bị bay mái tôn","2024-09-29T10:54:58.000Z","0"
"ahpNdmW7BY4","Ugy5aH8E_NPlQQCToX54AaABAg","em Bị gẫy cây vì cưn bão yagi","2024-09-29T05:31:06.000Z","0"
"ahpNdmW7BY4","Ugx0KY4tbu-PPbWiPBl4AaABAg","Anh ơi nhà em bay mất cái tủ quần áo với bật cửa sổ đấy","2024-09-29T00:07:47.000Z","0"
"ahpNdmW7BY4","Ugzr6gn38jJ_wkggd3B4AaABAg","Chỗ em bay mái Thái Bình","2024-09-28T23:36:17.000Z","0"
"ahpNdmW7BY4","UgxmkLPhdLzgOvHTBcp4AaABAg","₫; được sự quan tâm tới các bạn nhé nhưng không có nguy cơ 😂😢","2024-09-28T22:54:18.000Z","0"
"ahpNdmW7BY4","UgziRpzBpoJ5v6DYlZx4AaABAg","Vâng yếu đổ có QN đổ có hơn 2000 cái cột điện cây cối đổ hết , mất điện chỗ lâu nhất 2 tuần , tổng thiệt hại Quảng Ninh 28k tỉ , tổng thiệt hại bão miền bắc 40k tỉ 😃","2024-09-28T15:18:51.000Z","0"
"ahpNdmW7BY4","UgwZDIdhT8qgcAuM4iR4AaABAg","v","2024-09-28T08:16:50.000Z","0"
"ahpNdmW7BY4","UgzG_1yIhGjrRJDMJ5l4AaABAg","Lào cai mạnh nhất","2024-09-28T07:08:22.000Z","0"
"ahpNdmW7BY4","Ugx-DImL2O4e8UVK_0t4AaABAg","Báo yaki mạnh thế mà anh Đạt còn ra ngoài anh liều thật ❤❤❤❤❤😊😊😊😊","2024-09-28T05:28:15.000Z","0"
"ahpNdmW7BY4","UgybbyoG6teFgYywcsd4AaABAg","Hải Dương bão mạnh lắm 😅","2024-09-28T05:06:34.000Z","0"
"ahpNdmW7BY4","UgwvHu_Ts2GZQZBuoph4AaABAg","chỉ  muốn bế đậu về nuôi","2024-09-28T04:19:40.000Z","0"
"ahpNdmW7BY4","Ugyuu6SmpJ64AN1T_U14AaABAg","Chúc anh qua khỏi","2024-09-28T03:44:03.000Z","0"
"ahpNdmW7BY4","UgxKL7HiDW_UUk03_pV4AaABAg","Nhà em bay tôn","2024-09-28T03:13:37.000Z","0"
"ahpNdmW7BY4","UgzBYstXeAru09wtQ8N4AaABAg","tui ở quảng ninh mưa to vãi nội","2024-09-27T14:55:44.000Z","0"
"F-8gB4cHO2w","UgyEC1sssiMzfEMor8h4AaABAg","Rợn người cảnh 2 hồ chứa “khổng lồ” vỡ toác gây thảm kịch càn quét thôn làng ở Lâm Đồng 
https://youtu.be/0_BLDPaXrys","2025-11-03T12:57:21.000Z","3"
"F-8gB4cHO2w","UgxQ33DIGqMy5LeIiNZ4AaABAg","Giảm rồi em,đúng có mạnh hiện gió đo là 97km/h","2025-11-03T20:48:24.000Z","0"
"F-8gB4cHO2w","Ugysvl0buE10u9PPgmB4AaABAg","Không khí lạnh đang về bão sẽ tan","2025-11-03T20:46:34.000Z","2"
"HpZtpm4jUW0","UgzVRJhi2iW6P1SW4gF4AaABAg","Em tên thái Bình","2025-11-27T11:34:17.000Z","0"
"HpZtpm4jUW0","UgyMgwLu90-944prZFZ4AaABAg","Haiyan vào philip thì oh my god","2025-11-26T08:27:49.000Z","0"
"HpZtpm4jUW0","UgywWppclbi3dAEsS8h4AaABAg","Linda thì sao","2025-11-21T14:35:14.000Z","0"
"HpZtpm4jUW0","UgwCIxgGKTA69N0GEhJ4AaABAg","Haiyan nó giảm đi rồi,nếu vẫn dữ cấp 5 thì việt nam phải sợ ròi","2025-11-06T05:43:12.000Z","0"
"HpZtpm4jUW0","UgxH5MjqjYbK-Lh8mxt4AaABAg","Linda 
Haiyan
Witip
Mạnh hơn yagi+wipha luôn","2025-11-06T05:19:56.000Z","0"
"HpZtpm4jUW0","UgyTYAkKJV2CUz0BkTp4AaABAg","Yagi nó ở cấp 16,17 giật trên cấp 17 là 18","2025-10-30T09:44:56.000Z","0"
"HpZtpm4jUW0","UgxamRBQnpdJoltIKX14AaABAg","Yagi bây giờ hình như bị xoã sổ rồi","2025-10-18T02:45:15.000Z","1"
"HpZtpm4jUW0","UgznNOz5XGbPHeeOlD94AaABAg","Bão Mắt mờ rất nhẹ, nhưng cả miền Bắc phải bơi😂","2025-10-11T02:43:03.000Z","1"
"HpZtpm4jUW0","UgxRzO8LVY7lULVKUZx4AaABAg","Haiyan vô Philippines 315km/h còn yagi thì 245km/h
Yagi còn non lắm","2025-10-10T14:29:10.000Z","3"
"HpZtpm4jUW0","UgzfB0QJ_zW1xyWvi614AaABAg","Thực ra Haiyan gió giật 315 Km mà yagi chỉ 280 Km thôi nhưnghaiyan dã giảm khi đến đất liền còn250 km","2025-10-07T06:00:36.000Z","1"
"HpZtpm4jUW0","Ugzp1fTOC1OokdswckB4AaABAg","Bualoi ☠️","2025-10-07T00:43:56.000Z","1"
"HpZtpm4jUW0","Ugx1djWnlGkS8mZeze14AaABAg","Yagi ko bằng một 1/10 của tip🤓","2025-10-06T11:32:17.000Z","1"
"HpZtpm4jUW0","Ugx0LCcq7y-rnVifJTh4AaABAg","Líc đầu haiyan cấp 17 cơ
Như yagi thì nói chấp 100","2025-10-06T10:31:53.000Z","1"
"HpZtpm4jUW0","UgysIMwnOBghFrN3gfR4AaABAg","Bão bualoi mạnh hơn ragasa","2025-10-02T14:37:18.000Z","1"
"HpZtpm4jUW0","UgzvVSNu-ApDAvAspLF4AaABAg","bão ragasa đã vượt qua yagi và trở thành cơn bão mạnh nhất của Việt Nam trong 30 năm nay.","2025-09-30T13:51:00.000Z","2"
"HpZtpm4jUW0","Ugzg7TMCs_x194Q0JWB4AaABAg","Haiyan suy yếu rồi","2025-09-30T11:13:12.000Z","1"
"HpZtpm4jUW0","UgzqWZ9djiV-2Yk2AZp4AaABAg","Haiyan vào đất liền là suy yếu r, còn yagi vào đất liền mới tăng cấp","2025-09-29T18:07:42.000Z","2"
"HpZtpm4jUW0","Ugwh-wyGtZaS04SauFN4AaABAg","Bão ragasa 💀","2025-09-28T13:30:22.000Z","2"
"HpZtpm4jUW0","UgwHqsrkP6S1tqSGafN4AaABAg","Bãonhiệt đới haiyan mạnh hơn bạn nghĩ đấy vào Philippines gió 345 km/h","2025-09-26T14:33:45.000Z","1"
"HpZtpm4jUW0","Ugx8PEc87PUbjMzAh6x4AaABAg","Bãi Linda ☠️","2025-09-26T13:45:04.000Z","5"
"HpZtpm4jUW0","Ugx9qKnQCPBq6IAUh1V4AaABAg","Haiyan ở Philippines thì nó chấp 10 yagi, vô biển đâu quét qua nước ta thì nó mới yếu xuống thôi","2025-09-24T01:06:46.000Z","10"
"HpZtpm4jUW0","UgztJQLZS3vnvzzkW414AaABAg","Cơn bão số 9 mạnh hơn","2025-09-22T12:14:35.000Z","0"
"HpZtpm4jUW0","UgxrJOW5PdWB-VsphMd4AaABAg","haiyan năm 2013 nó mạnh như nào","2025-08-30T14:43:02.000Z","4"
"HpZtpm4jUW0","UgxpwI96ncGHnJCF33J4AaABAg","THANG YAGI TUOI LON","2025-08-25T12:11:30.000Z","0"
"HpZtpm4jUW0","UgzapjG2nOVxQDSg-SV4AaABAg","HAIYAN MANH HON PHILIPIN","2025-08-25T12:10:17.000Z","1"
"HpZtpm4jUW0","UgycK9rXP_C6i4CC4Tt4AaABAg","So sánh kiểu gì khập khiễng v","2025-08-17T09:13:21.000Z","1"
"HpZtpm4jUW0","UgyVeA14XKxVR9KPEFN4AaABAg","@viethungne nếu ra ngào biển đông bão yagi thua đậm,cứ nhìn guiuan và tacloban 2013 xem là biết","2025-08-07T07:02:27.000Z","0"
"HpZtpm4jUW0","UgxzmqNrEdooHBta8Mp4AaABAg","may mắn nó suy yếu đấy ko thì","2025-08-07T07:01:07.000Z","1"
"HpZtpm4jUW0","Ugzn1-2H6KViyhz6Vcd4AaABAg","Ngoài biển đông yagi tuổi luôn","2025-07-24T02:29:09.000Z","2"
"HpZtpm4jUW0","Ugzy7vTFjyibyY5pBNF4AaABAg","ĐÓ LÀ VIỆT NAM THÔI CHỨ NÓI VỀ HAIYAN THÌ SO VỚI PHILIPINES THÌ YAGI K CÓ TUỔI SO VỚI VIETNAM","2025-07-23T07:19:12.000Z","8"
"NFfeCE0iLbA","UgyywITsXMJWz2wWH194AaABAg","Mấy ko hiểu.Tại sao người ta nói ngày mùng 6 tháng 8 và ngày mùng 4 tháng 8","2025-10-18T05:49:07.000Z","1"
"NFfeCE0iLbA","UgyE1Et7sKBnM5JVYY14AaABAg","😢 thấy bóng Rồng","2025-09-25T13:42:52.000Z","0"
"NFfeCE0iLbA","UgxgIew5BSfIaQVAYR54AaABAg","Yên tâm đi bạn còn bão nữa bão số 10 ngày 26 tháng 9 bão số 10 tới nha","2025-09-25T04:56:25.000Z","0"
"NFfeCE0iLbA","UgwgmVZ_buAiOgWwQnR4AaABAg","Adidaphat","2025-09-24T20:28:02.000Z","0"
"NFfeCE0iLbA","UgykQGam6Gv1Rh04nCF4AaABAg","Cầu xin mẹ thiên nhiên giảm nhẹ cho các con được bình yên ❤❤❤❤❤❤❤❤❤❤","2025-09-23T14:58:38.000Z","0"
"NFfeCE0iLbA","UgxrfBhcc7EXnmJkthl4AaABAg","Mong mẹ Quân âm cứu dân nghèo 😢😢😢😢","2025-09-23T14:37:27.000Z","0"
"NFfeCE0iLbA","UgxWnq0yqWz9Iy0Afu14AaABAg","Nam mô quan Thế Âm bồ tát","2025-09-23T14:27:51.000Z","0"
"NFfeCE0iLbA","Ugw_zn-giCSuW1Up9tZ4AaABAg","Nam mô a Di Đà Phật,","2025-09-23T13:14:25.000Z","0"
"NFfeCE0iLbA","Ugz_2x3A8YpwlfS--O14AaABAg","A Di Đà Phật...","2025-09-23T13:02:52.000Z","0"
"NFfeCE0iLbA","UgwsBJ9PYuqevUsVTlF4AaABAg","Nam mô Đại từ Đại Bi cứu khổ cứu nạn quan thể âm bồ tát","2025-09-23T12:33:49.000Z","0"
"NFfeCE0iLbA","Ugw1y6yQB9ErPtIA7MN4AaABAg","Con câu nguyên ơn trên Con xin mẹ thiên nhien bớt giận giữ cho bà con miền bắc được bình an dược pua khó khăn nam mo a di đà phật","2025-09-23T12:31:33.000Z","0"
"NFfeCE0iLbA","UgzFmxAdickj7PlqYJ54AaABAg","Đây là trùng hợp có tính toán và chủ kỳ của trái đất duy tâm theo lịch âm lại là năm nhuận 2 tháng 6 tại .. tại sao lại kỳ lạ như vậy và vừa rồi nhật thực ( trăng máu. . )😂😂😂😂😂😂😂😂😂","2025-09-23T11:58:51.000Z","0"
"NFfeCE0iLbA","Ugw8Eh2lXtYTDuKwW5t4AaABAg","NAM MÔ ĐẠI TỪ ĐẠI BI CỨU KHỔ CỨU NẠN CẢM ỨNG CHỨNG MINH QUÁN THẾ ÂM BỒ TÁT MA HA TÁT .","2025-09-23T11:54:43.000Z","0"
"NFfeCE0iLbA","Ugzy3xq_dDQZWy8OIN14AaABAg","năm nay nhuận hai tháng 6 âm lịch mà làm sao trùng đc bó tay","2025-09-23T11:46:22.000Z","0"
"NFfeCE0iLbA","UgyoFeJocx7VvdMPIpd4AaABAg","Nam mô Đại Bi quán thế âm bồ-tát 
Xin mẹ dang tay cứu giúp đưa bảo ra biển khơi","2025-09-23T11:37:23.000Z","0"
"NFfeCE0iLbA","UgzPLPR2i5Po6Jj6xKt4AaABAg","Nam mô a đại từ đại bi cứu khổ cứu nạn Quán Thế âm Bồ tát Ma ha tát adidaphat","2025-09-23T09:47:29.000Z","0"
"NFfeCE0iLbA","UgyqIwAlGpFS08aPiu94AaABAg","A đi da phât","2025-09-23T08:49:56.000Z","0"
"NFfeCE0iLbA","UgyFBUw4KZ0EVNO9wht4AaABAg","Nam mo a di da phat --","2025-09-23T08:19:34.000Z","0"
"NFfeCE0iLbA","UgxKSZ2LjyI9t0H6Xbx4AaABAg","Thượng đế đang trừng phạt và thanh lọc loài người .không có ngẫu nhiên gì hết .","2025-09-23T07:24:44.000Z","0"
"NFfeCE0iLbA","UgylDxMD0dG8MYLkB6l4AaABAg","Năm mô a Di đà phật. Câu xin mời người bình an  trong mùa mưa bão.","2025-09-23T05:57:25.000Z","0"
"NFfeCE0iLbA","UgzKPnT-3LJsv6EWr2N4AaABAg","Còn nhiều cơn như sâu. Cứ vịnh bắc bộ mà quần","2025-09-23T05:54:01.000Z","0"
"NFfeCE0iLbA","UgyAhgkwwPv05xbkKAN4AaABAg","Con nam mô a di đà phật","2025-09-23T05:26:11.000Z","1"
"NFfeCE0iLbA","UgwTuCLxoozorgGFUJd4AaABAg","Nam Mô A Di Đà Phật .Cầu cho mưa thuạn gió hoà Quốc thái dân an mọi người HO nhà nhà An vui .Nam Mô A Di Đà Phật -Nam Mô A Di Đà Phật -Nam Mô A Di Đà Phật","2025-09-23T05:04:51.000Z","2"
"NFfeCE0iLbA","UgwIh_i3JH7lFU_9hrV4AaABAg","Nam mô a di đa phât con thạnh tâm câu nguyên bao tiêu đưa ra biên tan dân cưu dân","2025-09-23T05:03:40.000Z","1"
"NFfeCE0iLbA","UgzCEJJnLG-qviWhxbB4AaABAg","😢😢😢.","2025-09-23T04:40:04.000Z","2"
"NFfeCE0iLbA","UgwFTK3SzVucIoqSj8R4AaABAg","Nam mô a Di Đà Phật 🙏🙏🙏🙏","2025-09-23T04:36:08.000Z","1"
"NFfeCE0iLbA","Ugy4dSs9h_hgW5G5mkV4AaABAg","Sợ  quá😮😮😮😮😢😢😢😢😢","2025-09-23T04:27:03.000Z","1"
"NFfeCE0iLbA","UgwiexMdPSD_u_XGftJ4AaABAg","Hải phòng  chúng tôi sẵn sàng đón bão ,ko sao ,ko vấn đề ,chúng tôi chỉ lo bão vào miền trung khổ bà con miền trung thôi , hải phòng chúng tôi sẵn sàng gánh bão rồi ,ko sợ ,ko lo ,ko vấn đề ,,😮😮😮","2025-09-23T04:10:18.000Z","6"
"NFfeCE0iLbA","UgxSE5cDDq6f9o5BWoR4AaABAg","Sạo quá chưa tới ngày 4/8 nhe","2025-09-23T03:11:53.000Z","0"
"NFfeCE0iLbA","UgweugsM5G49g2QPrYd4AaABAg","Muốn biết Thì hỏi khoa học của thằng Mỹ nó phá bầu khí quyển gây ra thay đổi khí hậu và gây ra gì ở trong Trái Đất này. Còn muốn biết cái tội của khoa học của thằng Mỹ thì Trực tiếp gặp Ta đi Ta nói cho nghe","2025-09-23T02:50:06.000Z","1"
"NFfeCE0iLbA","UgwmoqYDPxmaR4lRx7p4AaABAg","Đúng ngày giỗ bố chồng tui luôn.năm trước cũng ngày 7/8 cả nhà đội mưa bão về quê làm giỗ cho ông năm nay cũng đang sắp có bão","2025-09-23T01:17:06.000Z","1"
"NFfeCE0iLbA","UgxWdzjlT1qkaKOCXMt4AaABAg","Nam mô đại từ đại bi cứu khổ cứu nạn linh cảm ứng quán thế âm bồ tát ma ha tát","2025-09-23T00:07:45.000Z","1"
"NFfeCE0iLbA","UgyBKO3OSla8sstCN4F4AaABAg","Nam mô bổn sư thích ca mô ni Phật 
Nam mô bổn sư thích ca mô ni Phật 
Nam mô bổn sư thích ca mô ni Phật","2025-09-22T23:50:01.000Z","1"
"NFfeCE0iLbA","Ugyc6Z_5vlVRVtVgwEZ4AaABAg","Nam mô Đại từ Đại Bi quán thế âm bồ-tát phụ ho cho gd chúng con bình an hạnh phúc","2025-09-22T23:42:05.000Z","1"
"NFfeCE0iLbA","UgzyKNflgedHwTJs11Z4AaABAg","Nam Mô A Di Đà Phật . câu mong bao tan dần ngoài biển khơi và không vào đất liền. câu mong cho mọi người đều bình an .","2025-09-22T23:31:13.000Z","2"
"NFfeCE0iLbA","UgxrojLUhuakUuwWCo94AaABAg","Con Cầu Xin Cha Trời Mẹ Đất.. Các Đắng Tối Thượng Tối Cao.. Mẹ Quán THẾ ÂM,
  Ngăn chặn Cơn bảo Sagara đùng vào đất liền..
  Nam Mô Các Đắng Tối Cao Tối Thượng Che chớ..","2025-09-22T23:19:42.000Z","1"
"NFfeCE0iLbA","UgxUJjSBiAEYEHglQOl4AaABAg","Xin bà con có bác nghe. Lời tôi. Có một cái mẹo là . Lấy 3 đôi đũa bằng tre cấm vào trong 1 tô gạo, cấm 3 góc đều hình tam giác, đầu ăn đưa lên trời rồi khấn nguyện xin mẹ Quan Thế Âm Bồ Tát giúp sức cho 3 ông Thần đũa và thần Gạo ngăn chặn ông Thần bão đừng đi vào đất liền cứu khổ cứu nạn cho bá tánh vạn dân . Cầu nguyện lạy 3 lần với lòng thành tâm cầu xin . Hãy làm thử xem","2025-09-22T22:29:54.000Z","13"
"NFfeCE0iLbA","UgzfKjXPcYtqljBz7o54AaABAg","Đây là con cháu của bão yagi","2025-09-22T16:19:53.000Z","1"
"NFfeCE0iLbA","UgwDRcp9ermIPTIKi2B4AaABAg","Đúng vậy?... Chẳng hiểu sao 
Bây giờ khí hậu khó lường 
Bảo chồng bão thật đáng sợ 
Mong sao cơn bão số 9 vào Nước Việt Nam 🇻🇳 ... Cầu mong cho mọi người đc bình an...Nam Mô A Di Đà Phật","2025-09-22T14:26:20.000Z","3"
"NFfeCE0iLbA","Ugxs_qeegPj_n7b1HGh4AaABAg","Con lạy trời lạy phật bảo rút đi thôi bão đừng qua Việt Nam chúng con cũng như là trên toàn thế giới này đừng trên trời đừng gây bão gió nữa làm cho mọi người khổ lắm nhà cửa Tang hoang dân làng đau khổ mong cho cả một thế giới này trời yên biển lặng Nam Mô A Di Đà Phật","2025-09-22T13:36:21.000Z","10"
"NFfeCE0iLbA","Ugz9jRC6Ml5XlsqEd8N4AaABAg","Rất đáng sợ cầu mong bão giảm cấp khi vào bờ","2025-09-22T12:55:35.000Z","3"
"NFfeCE0iLbA","UgyCTXCHYygFcevb7ap4AaABAg","Ồ đòi là nhân quả nếu con người làm cho mẹ thiên nhiên hài hả thì dù có bão giông  mẹ thiên nhiên chỉ khuấy đảo ngoài biển nhưng nay tấn công đất liền  con người lại sai sót điều gì  nên bị dính trưởng (miền bắc bao năm bình yên nay lai giông tố là sao ?","2025-09-22T12:22:10.000Z","1"
"NFfeCE0iLbA","Ugz-eug4EPFwNVKczrJ4AaABAg","Nam mo a di da phat","2025-09-22T12:21:22.000Z","1"
"NFfeCE0iLbA","UgwnHWht8UaBcpG3VId4AaABAg","Nam mô a Di Đà Phật nam mô quan thế âm bồ tát cứu khổ cứu nạn cả 3 miền bắc miền Trung miền Nam của chúng con con kính lạy ông trời phù hộ độ trì cho tất cả nhân dân mô phật","2025-09-22T12:16:59.000Z","5"
"NFfeCE0iLbA","UgzHyPyVoI50QxpYAnl4AaABAg","Mong baox ko anh hương đến nc ta nam mô a dy đà phật","2025-09-22T12:14:55.000Z","1"
"NFfeCE0iLbA","UgztfUoOoR_shhFHZql4AaABAg","Đặc Sản Miền Trung là bão, lũ nên quen rùi . Miền Bắc ít bão nhưng chỉ 1 con thôi là...😢. Địa hình vùng Bắc Bộ vốn là vùng trũng rộng lớn, nước trên dãy Hoàng Liên Sơn đổ về thoát ra biển không kịp ...Nên góp ý nữa không hè 😮. Thôi , sợ bị Miền Bắc chụp mũ lắm 😢. Mong mọi người bình an .","2025-09-22T11:49:02.000Z","2"
"NFfeCE0iLbA","UgyPR_k-1eQwb7ETTMt4AaABAg","Nam mô A Di Đà Phật .
Nam mô Quán Thế Âm Bồ Tát 
Nam mô Địa  Tạng Vương Bồ Tát","2025-09-22T11:42:42.000Z","1"
"NFfeCE0iLbA","UgxVBTxIpcTTFcwjjnV4AaABAg","Năm trước bão yagi và năm sau bão ragasa vv sự kiện này trùng hợp vào tháng tám âm lịch nên các cơ quan chức năng cùng người dân phải có phương án tránh bão để an toàn","2025-09-22T11:38:50.000Z","1"
"NFfeCE0iLbA","Ugxel3nKrT66GQlzr7t4AaABAg","Người làm sai thánh thần nổi giận 😢😢😢😢","2025-09-22T11:35:58.000Z","1"
"NFfeCE0iLbA","UgwCjjM7Go3TbMnnRid4AaABAg","😂😂😂","2025-09-22T11:27:41.000Z","1"
"NFfeCE0iLbA","Ugz8-3dwVXE1AXW9sI54AaABAg","Ôi sợ quá 😢😢😢😢😢😢😢","2025-09-22T11:08:26.000Z","2"
"NFfeCE0iLbA","UgxpKjuJVaqzl5FY1mJ4AaABAg","Lại chết quảng ninh Hải phòng rồi.năm ngoái đã nổi da gà rồi .năm nay chắc còn cái nịt😢😢😢","2025-09-22T10:28:27.000Z","21"
"NFfeCE0iLbA","UgzzO30LocQ3DiXAJMJ4AaABAg","😢😢😢","2025-09-22T09:58:41.000Z","1"
"ECqbLpvrz7E","UgyaRvb2ssxifJbYT1R4AaABAg","Để t gọi a khá ra múa quạt thổi bão đi cho ☝️🤓🥀","2025-10-08T12:21:28.000Z","1"
"ECqbLpvrz7E","UgzQEiOTZzPTbFzCaCt4AaABAg","Yagi kiểu : chờ tí tao gọi họ hàng ra để t báo thù nè cẩn thận t lại gọi áp thấp cấp 20 hình thành bão thì cấp 500 😂😂😂😂😂😂😂","2025-10-05T07:47:17.000Z","0"
"ECqbLpvrz7E","Ugxkr8Oz_TKwzMHV3zN4AaABAg","Lại chuẩn bị thêm bão mặt mỡ","2025-10-05T01:36:36.000Z","0"
"ECqbLpvrz7E","Ugx3ENCDiBwHMbShOWV4AaABAg","Thủy tinh đánh zai thế","2025-10-04T15:25:54.000Z","0"
"ECqbLpvrz7E","Ugwg9UlsMuJMSJ3HYnB4AaABAg","Phải j ạ","2025-10-04T05:29:21.000Z","0"
"ECqbLpvrz7E","Ugz4F-aaTH3q88I1KmN4AaABAg","Yagi gọi cả lm cả nhà nó ra rồi","2025-10-03T01:33:48.000Z","0"
"ECqbLpvrz7E","UgyIxO_6LeVd0qbfFgZ4AaABAg","Bualoi gội anh em số 11 tới rồi anh em miền Bắc miền Trung ơi chuẩn bị thôi 😅😅😅","2025-10-02T16:40:02.000Z","1"
"ECqbLpvrz7E","UgyCANI_fJVd_doOgGp4AaABAg","me lon :)","2025-10-02T12:21:47.000Z","0"
"ECqbLpvrz7E","Ugw9aZoLCCp-RoU9eUh4AaABAg","Hiếm khi nghe được tin có bão còn gọi ae được luôn á :))","2025-10-01T11:42:11.000Z","0"
"ECqbLpvrz7E","UgyRNuzNcBnKs-ZketV4AaABAg","Yagi:tuy tao ko bằng con người nhưng tụ tao đông>:)
Bualoi:đang gọi thêm mấy thằng đệ...","2025-09-30T13:53:21.000Z","3"
"ECqbLpvrz7E","UgxqyKPUhxOEBcYePB94AaABAg","Bùa Lôi 🗿","2025-09-29T16:12:51.000Z","0"
"ECqbLpvrz7E","UgwNFaqpr5W2wVYeQEl4AaABAg","Có qua hà nội không","2025-09-29T13:01:51.000Z","0"
"ECqbLpvrz7E","UgxUs4H_K7TYmYRAQlN4AaABAg","Yagi: Tụi bay đợi tới năm 2026 đi đã biết à","2025-09-29T13:01:10.000Z","0"
"ECqbLpvrz7E","UgzmwMbBqw4vXwkooex4AaABAg","🤣🤣","2025-09-29T08:20:11.000Z","0"
"ECqbLpvrz7E","UgxFCRJsHrQwVZYMRMl4AaABAg","có khi nào chiến tranh thời tiết do các cường quốc không","2025-09-29T07:55:21.000Z","1"
"ECqbLpvrz7E","Ugx8NLqi9f38aAxbOS54AaABAg","Cũng tại dân mình hết ai kiểu chiêu chọc bảo giá yagi hết giờ nó kéo anh em họ hàng của nó tới ngồi đó còn chieu trọc nữa không 😂","2025-09-29T07:12:02.000Z","0"
"ECqbLpvrz7E","UgzeMu5ogZv19Mb4zPB4AaABAg","Ragasa t đọc thành Agasa trong Conan =))))))))))))))))))))))","2025-09-29T06:18:15.000Z","0"
"ECqbLpvrz7E","Ugz1hKRKiVG_z1DuPy54AaABAg","Bão năm nay có thêm Bùa Lợi thì mạnh là phải rồi 😓","2025-09-28T14:21:48.000Z","1"
"ECqbLpvrz7E","UgwlR9_YOO6VzlIYpDl4AaABAg","Hết cứu","2025-09-28T13:58:45.000Z","1"
"ECqbLpvrz7E","Ugw0G5Lgq8BnsLupMNd4AaABAg","Invinsibão war","2025-09-28T12:11:29.000Z","1"
"ECqbLpvrz7E","Ugy5B-bO6n-Dd3ktK1B4AaABAg","Duy mạnh:🗣️🔥im the storm that is approaching","2025-09-28T11:27:45.000Z","1"
"ECqbLpvrz7E","UgzRChaRKKB5z4zZzWl4AaABAg","Bualoi manh nhât","2025-09-28T11:13:11.000Z","0"
"ECqbLpvrz7E","Ugx-PsQSnkO-TafW1UJ4AaABAg","bao sô 10 manh lam","2025-09-28T10:45:14.000Z","0"
"ECqbLpvrz7E","UgxnddEyCAkxhNuEYBJ4AaABAg","bA","2025-09-28T10:44:16.000Z","0"
"ECqbLpvrz7E","UgwAUenEq5k5AQh1Boh4AaABAg","Bão: "" thần la thiên chinh""😂","2025-09-28T10:24:02.000Z","0"
"ECqbLpvrz7E","Ugw1cx66ymEG_eUkvyF4AaABAg","Lại khổ cho philipin","2025-09-28T08:20:29.000Z","0"
"ECqbLpvrz7E","UgzNINg7TFLBFsT463d4AaABAg","Lại có tận thế mất🤣🤣🤣🤣🤣🤣","2025-09-28T07:55:55.000Z","0"
"ECqbLpvrz7E","UgxXIa4RpIiDUc-zD1t4AaABAg","Tổ sư ơi thu lại thần Thông đi","2025-09-28T07:40:14.000Z","0"
"ECqbLpvrz7E","Ugw0jmVU-gNCa3brSdF4AaABAg","Người miền Bắc:💀
Người miền Nam: ✋😎✋","2025-09-28T07:04:20.000Z","0"
"ECqbLpvrz7E","Ugz60wzFO8e9R2dTb5V4AaABAg","Bây h bên ĐTD có bão Humberto cấp 5 luôn r","2025-09-28T06:56:18.000Z","0"
"ECqbLpvrz7E","Ugw7ua1D6GmmiFHvpLZ4AaABAg","Yagi gọi ah em","2025-09-28T04:40:36.000Z","0"
"ECqbLpvrz7E","Ugye-1OIu6YZtKZAIyl4AaABAg","Bão như này thiệt hại quá","2025-09-28T04:37:16.000Z","0"
"ECqbLpvrz7E","UgxqXsWe1KDRskjbkNx4AaABAg","yagi: năm trước bố bị m hành năm nay t gọi cả 5 ae cho bọn m ăn hành như cái cách bọn m hành t =)))","2025-09-28T04:28:48.000Z","4"
"ECqbLpvrz7E","Ugz-z9s7FymS8YStihJ4AaABAg","Bão tip: các cháu của ta đc đó","2025-09-28T02:28:32.000Z","0"
"ECqbLpvrz7E","UgyavhLw93-R0T700fZ4AaABAg","Yagi trùng sinh và quyết trả thù và cái kết","2025-09-28T01:29:28.000Z","0"
"ECqbLpvrz7E","UgxKyAZGmwjaOfTEhzF4AaABAg","Ôi VN tôi bảo mà sao vậy","2025-09-28T01:28:42.000Z","1"
"ECqbLpvrz7E","UgxxbJV_JUbEdFuVqL14AaABAg","Bà yaga đã từng nói","2025-09-28T01:28:10.000Z","0"
"ECqbLpvrz7E","UgzBMpGsSRniqBe4qYZ4AaABAg","Có lẽ đây là dấu hiệu của tận thế thiên tai , ae chuẩn bị mà tích trữ vật tư đi 🗣️🥀","2025-09-28T01:05:20.000Z","2"
"ECqbLpvrz7E","Ugzy2tHZsZMKB8Vl1594AaABAg","Thôi anh ơi em xin lỗi","2025-09-28T00:14:25.000Z","0"
"ECqbLpvrz7E","UgybJdqLDgLH6_xJReZ4AaABAg","vietnam kiểu:ê nha sợ nha tao sợ mày gòi đó YAGI:))
YAGI:bố mày''kéo cả lò''","2025-09-27T16:02:21.000Z","0"
"ECqbLpvrz7E","UgxVoIwQctrJnv-7n754AaABAg","Thuỷ Tinh: Thằng Sơn Tinh kia!!!!","2025-09-27T14:13:10.000Z","0"
"ECqbLpvrz7E","UgyTw-O-8wWJPJTUDMd4AaABAg","Úi yagi nhục quá về báo ae tới à","2025-09-27T14:01:17.000Z","0"
"ECqbLpvrz7E","UgyBjPON2X_bJPo4iiZ4AaABAg","Tổn thương nên anh gọi cả họ kéo tới trả thù","2025-09-27T11:29:10.000Z","1"
"ECqbLpvrz7E","UgzJu9lKgoTPXdA5DfZ4AaABAg","Bão YaGi nói : Anh em ơi hãy bay và quẫy banh nóc! 😅","2025-09-27T11:17:42.000Z","0"
"ECqbLpvrz7E","Ugz4ALuZUsPerXfDSph4AaABAg","Biến đổi khí hậu, ai không?... Không? Ok 👌
500 cơn bão :)","2025-09-27T10:04:34.000Z","0"
"ECqbLpvrz7E","UgwvrghpjoH0ubOh5Np4AaABAg","haiyan: các con của ta manh động quá!","2025-09-27T07:34:38.000Z","13"
"ECqbLpvrz7E","Ugyvw9QlBobtkR7wITh4AaABAg","Yagi nổi nóng lên gọi 5 anh bão ra","2025-09-27T03:47:25.000Z","0"
"ECqbLpvrz7E","UgygGM38W2vwuVDYwUJ4AaABAg","Việc của chúng ta là xem dòng họ noa làm dc mẹ j :)","2025-09-27T01:35:44.000Z","0"
"ECqbLpvrz7E","UgwTAdpn79r9f-yLa454AaABAg","Yagi truyền kiếp đó mọi người","2025-09-27T01:28:51.000Z","0"
"ECqbLpvrz7E","Ugy09N0kgiRIYGE6VOB4AaABAg","thủy tinh: lần này phải thắng được sơn tinh mới được","2025-09-27T01:22:32.000Z","8"
"ECqbLpvrz7E","UgwiF3fYN2MZLSvk8wJ4AaABAg","yagi đi kiêu 5 cơn Bão đến vì yagi cay vì bị chọc 😂😂😂","2025-09-27T01:03:40.000Z","3"
"ECqbLpvrz7E","UgwguIHuIztXccFYvHJ4AaABAg","Thế là hết cíu rồi, yagi còn gọi thêm họ hàng nữa thì chắc trái đất nổ luôn😭","2025-09-27T00:46:00.000Z","3"
"ECqbLpvrz7E","UgxXQItZeGu8rOuKFaF4AaABAg","Kêu mấy đứa thích xuyên không thì cứ nhảy vào bão mà xuyên không về thời kỳ phong kiến, mà làm vua và hoàng hậu 😂😂😂😂😂","2025-09-26T18:15:14.000Z","0"
"ECqbLpvrz7E","UgzRc7IquWipMupg3qx4AaABAg","🌪️","2025-09-26T16:00:57.000Z","0"
"ECqbLpvrz7E","UgzY93sV9zhm_D-kQO14AaABAg","Yagi kiểu : bữa trước bọn bay khinh tao thì bây giờ thì tao kéo họ hàng qua đây tính sổ với bọn mày","2025-09-26T15:41:57.000Z","0"
"ECqbLpvrz7E","UgxvfvRx9Z8YpZApkHF4AaABAg","Bua loi tấn công vào việt nam chiến này bualoi kinh lắm á nó thẳng vào miền trung ragasa giảm rồi khiếp như ngày tận thế😂","2025-09-26T15:06:31.000Z","1"
"ECqbLpvrz7E","UgwSnirABGEhYz52nIF4AaABAg","Chịu thật bố yagi ơi sợ 😂😂😂","2025-09-26T15:05:13.000Z","5"
"ECqbLpvrz7E","UgzjdRGtv13aTIsnMOl4AaABAg","Bão kiểu từ sáng thế tới giờ tao mới chơi vui vl.","2025-09-26T14:46:20.000Z","0"
"ECqbLpvrz7E","UgznqH5xx6aE3pUhz6l4AaABAg","oi gioi oi","2025-09-26T14:45:45.000Z","0"
"ECqbLpvrz7E","UgxBp2Rp9ZHInZVDZp54AaABAg","Yagi kiểu bố mày sợ mày quá cơ 🤣🤣🤣","2025-09-26T14:45:18.000Z","0"
"ECqbLpvrz7E","UgzNyKJo_RFx1nlUqmF4AaABAg","5 cơn bão xuất hiện thi nhau đập hội đồng rã vụn Đông Nam Á 🤣🤣kèo này thua rồi anh em ơi😵💀","2025-09-26T14:35:05.000Z","1"
"ECqbLpvrz7E","Ugz3dWYJ5C7LUp6a99B4AaABAg","Yagi anh e t đó","2025-09-26T14:21:26.000Z","0"
"ECqbLpvrz7E","Ugx2S7JL-1nLG6JRJd54AaABAg","Hên qus mị ở miền nam=))chúc may mắn lần sau nhé huhhaaaahaha","2025-09-26T14:17:35.000Z","0"
"ECqbLpvrz7E","UgyxBzSXTNqcgviBPJ14AaABAg","Yagi: đợi t gọi thêm ae cho nó vui","2025-09-26T13:41:09.000Z","65"
"ECqbLpvrz7E","UgyyoRQiOXSTKq6_IYF4AaABAg","Ragasa tan rồi","2025-09-26T13:33:09.000Z","1"
"ECqbLpvrz7E","UgzxWjIA2Pw7VKBl4DJ4AaABAg","yagi cay nên gọi thêm họ hàng ","2025-09-26T13:28:57.000Z","0"
"ECqbLpvrz7E","UgzFwYwlXjgn-YZLCxR4AaABAg","yagi dập ko lại đành kêu thêm người🐧","2025-09-26T13:25:16.000Z","0"
"ECqbLpvrz7E","Ugy0CRALtdYe7uvEP4Z4AaABAg","Yagi đã chúng sinh trong thân xác của Ragasa
Nhưng lúc vào Việt Nam bị giảm sức mạnh còn đúng cái áp thấp =)","2025-09-26T13:20:07.000Z","12"
"ECqbLpvrz7E","UgwTIrw_VJkls-q6C9V4AaABAg","R.I.P","2025-09-26T13:15:59.000Z","0"
"ECqbLpvrz7E","UgyKU02_e_1tJPqizMF4AaABAg","pha này hetcuu rồi🤣🤣🤣🤣","2025-09-26T12:55:42.000Z","3"
"ECqbLpvrz7E","UgzmsYUrN4u1PQGWqdV4AaABAg","Thôi toang rồi😂😂😂","2025-09-26T12:49:22.000Z","9"
"X4LVHA10Xuc","UgwpP1pvlF_Ainn4O554AaABAg","Vietnam airlines 474:tui có nghe lời mày đâu :)))","2025-11-15T13:03:03.000Z","0"
"X4LVHA10Xuc","UgyhqnpOcLgbs53wdlt4AaABAg","Nhìn những học sinh TQ chơi vui thiệt 
Bên t chả thấy bão j, toàn tgấy ngập thôi☺","2025-07-06T05:47:20.000Z","0"
"X4LVHA10Xuc","UgzUBe9vg2qpTCflpA54AaABAg","Nhà em có điện mà chơi năng lượng mặt trời mà nị","2025-01-24T06:59:23.000Z","0"
"X4LVHA10Xuc","UgxwssafRYUuLb7kEWd4AaABAg","Đi bão Việt Nam bao giờ chưa","2025-01-17T11:59:36.000Z","0"
"X4LVHA10Xuc","Ugyg4a5Psan2JCswslt4AaABAg","Ban đầu tưởng đón bão Việt Nam thắng thái




Ai ngờ....








Bão Gagi","2025-01-15T11:38:42.000Z","0"
"X4LVHA10Xuc","UgyPK6FILno9o-ERb3V4AaABAg","Tao vẫn ra ngoài","2025-01-05T05:39:48.000Z","0"
"X4LVHA10Xuc","Ugw8iNNQTGr1YudDGEh4AaABAg","YAGI:😂😂😂😂NGU CHUA","2025-01-02T13:17:18.000Z","0"
"X4LVHA10Xuc","Ugz1sIXSHKOtYbik1Hl4AaABAg","Gần đến bão số 10 rồi","2024-12-28T10:39:27.000Z","0"
"X4LVHA10Xuc","Ugwk9VLkvwks07_joz14AaABAg","Cưn báo yagi nó còn làm đổ được cây cổ thụ chứ cơn bão số 3 chỉ lật đổ được chiếc xe tải thôi à","2024-12-25T18:07:58.000Z","0"
"X4LVHA10Xuc","UgzW--YbMovAVCIyEXt4AaABAg","Rồi có lật được cá nhà táng ko","2024-12-24T13:45:52.000Z","0"
"X4LVHA10Xuc","UgxzyCObgh2XxODxIJJ4AaABAg","mình ở miền Bắc sợ vãi cả 😄😄😄😄😄","2024-12-20T09:22:18.000Z","0"
"X4LVHA10Xuc","Ugx__pkTw3HlrUHsqJx4AaABAg","Lật xe Công an luôn","2024-12-19T12:26:23.000Z","0"
"X4LVHA10Xuc","UgwxA7DJ4IWoOXR4kcd4AaABAg","Mong mọi người vẫn ổn 😟","2024-12-16T12:36:45.000Z","0"
"X4LVHA10Xuc","Ugyf75yWZh8KvUHc90B4AaABAg","Em ở Lai Châu","2024-12-16T12:36:14.000Z","0"
"X4LVHA10Xuc","UgzBgFWIdRzQvycvpZR4AaABAg","Bên trung ma bên chung mà","2024-12-16T11:21:44.000Z","0"
"X4LVHA10Xuc","UgyBw_nwbaM92-imLD94AaABAg","Lần đầu tôi thấy nó thú vị quá nhưng cũng sợ","2024-12-14T16:06:23.000Z","0"
"X4LVHA10Xuc","Ugxcc9DyPiJNxC3PrWd4AaABAg","Miền trung mình đang chịu mưa","2024-12-14T14:55:10.000Z","0"
"X4LVHA10Xuc","UgxYLk8wU6wmykUtEyB4AaABAg","Nói chung là của TQ đảo hải nam","2024-12-14T10:00:59.000Z","0"
"X4LVHA10Xuc","Ugx-MJC7zhFPjQra2XN4AaABAg","Tội nghiệp mới ăn chay rất quần áo hết luôn rồi","2024-12-14T07:44:59.000Z","0"
"X4LVHA10Xuc","Ugyo7fJ60jVofBOn2FV4AaABAg","Jv","2024-12-13T14:43:48.000Z","0"
"X4LVHA10Xuc","UgwUzW9qIYxGhHEQyNp4AaABAg","Sư tử","2024-12-13T14:43:10.000Z","0"
"X4LVHA10Xuc","Ugw9vrtic0g_hYVrRf54AaABAg","Mình nhớ có bảo là gia ghi số năm rồi đó","2024-12-13T13:32:53.000Z","0"
"X4LVHA10Xuc","Ugw0v2jmcGCvddcG9YZ4AaABAg","Ủa ủa có gì sai sai bão yagi có category 3-4 thôi mà sao mạnh dữv","2024-12-12T14:12:59.000Z","0"
"X4LVHA10Xuc","UgyblkbfVLNiv7VM5cx4AaABAg","Chỗ tôi không có một bảo này nha bình an vô sự nè","2024-12-12T05:37:29.000Z","0"
"X4LVHA10Xuc","UgyPQa_9_iV1y-QiOI54AaABAg","Ở trung mà","2024-12-08T09:53:36.000Z","0"
"X4LVHA10Xuc","UgwIUyXT3k-ALTGRPsh4AaABAg","Má bão  đi  😂   nóc  nhà bay  tứ tung","2024-12-06T15:12:58.000Z","0"
"X4LVHA10Xuc","Ugwxe9vZ7JQueJUROT54AaABAg","Mình bão vẫn đi nấu trứng ngoài tròi 😊😊😊😊","2024-12-06T12:50:00.000Z","0"
"X4LVHA10Xuc","Ugw0-wBVfJq7fMzosJJ4AaABAg","Bên china đúng ko","2024-12-06T10:43:04.000Z","0"
"X4LVHA10Xuc","UgyqpOxNa0NZhwSzzfp4AaABAg","có","2024-12-05T10:46:33.000Z","0"
"X4LVHA10Xuc","UgyX1Grr8KUVOZpq8Ah4AaABAg","chỉ là một con kiến ấy mà
đối với người vn","2024-12-05T09:54:49.000Z","0"
"X4LVHA10Xuc","Ugzo7Ax8HwDzkvQEJtd4AaABAg","Sợ quá","2024-12-05T06:56:33.000Z","0"
"X4LVHA10Xuc","UgzzYNNOW3NXF_4CUp54AaABAg","Mạnh vải 😱😱😱😱😱😱😱😱😱😱😱","2024-12-03T14:52:29.000Z","0"
"X4LVHA10Xuc","UgyXayxAu7Qxc6ikMe14AaABAg","Chỗ mình nhẹ lắm","2024-12-02T10:44:01.000Z","0"
"X4LVHA10Xuc","UgxL1_Tod9Rd_-CcyuR4AaABAg","Mong mọi ngươi an toàn nha mà ở chỗi tôi là toàn báo thủ ở đấy mà hóng mát 😅😅😅😅😅😅😅😅😅😅","2024-12-01T12:18:51.000Z","0"
"X4LVHA10Xuc","UgxSceFQN3QPg-rbdR94AaABAg","Ở đó Trung Quốc và Việt Nam cũng có","2024-11-29T22:32:16.000Z","0"
"X4LVHA10Xuc","UgyN-0YUVitesPFXeDF4AaABAg","Ở miền Bắc không gió có mạnh lắm 🎉🎉🎉🎉😂","2024-11-29T15:38:36.000Z","0"
"X4LVHA10Xuc","UgzKmjUtog8le_uVhvl4AaABAg","Mình cũng là nguời miền bắc nè nhưng mình thấy bão bình thường vì ở chỗ mình bị giảm mấy cấp cho nên hk có thiệt hại nhiều","2024-11-28T15:00:29.000Z","0"
"X4LVHA10Xuc","UgzTqHg3Bf8wFZ7vWSx4AaABAg","Người dân miền Bắc đã 
an toàn","2024-11-27T11:39:43.000Z","0"
"X4LVHA10Xuc","Ugzm9YomE8hndGNBW9V4AaABAg","Không có cửa sổ","2024-11-26T00:02:21.000Z","0"
"X4LVHA10Xuc","Ugzjd0vmAEZq7ssAnjF4AaABAg","Quê","2024-11-25T16:28:28.000Z","1"
"X4LVHA10Xuc","UgyREurOBWkOPBUapEt4AaABAg","Cơn bão YAGI số 3 mạnh vaizz","2024-11-25T15:10:35.000Z","0"
"X4LVHA10Xuc","Ugwrn_Em-vaymmlXnOB4AaABAg","đúng là trận mưa quá đỉnh đủ sức một đủ nguồn một xe tải nặng chắc khoảng 100 kg","2024-11-24T04:44:15.000Z","0"
"X4LVHA10Xuc","Ugw7IZVZYCAMP0kB-Tt4AaABAg","😮😮😮😮🥶🥶","2024-11-23T06:06:32.000Z","0"
"X4LVHA10Xuc","UgyFzQ8sBd-lpD0K5Nd4AaABAg","Yagi ko sợ nha chổ tui mới bão yagi xong nhà chả sao","2024-11-21T06:39:39.000Z","0"
"X4LVHA10Xuc","Ugw-GOOkYR5p2x28qch4AaABAg","người quay vẫn sống sót luôn 😅😅😅😅😅😅😅😂😂😂😂😂😂","2024-11-20T22:51:29.000Z","0"
"X4LVHA10Xuc","UgyQG5ML7rFmYMtxQ9t4AaABAg","I got a tough gait.What about you?I don't need to talk to you now.Young right away cook Siri.I don't want to do anything that I don't know why","2024-11-20T14:08:55.000Z","0"
"X4LVHA10Xuc","UgyViFEuNhIuSfKRGH94AaABAg","Tôi ko nghĩ là nó mạnh như thế","2024-11-20T07:23:29.000Z","0"
"X4LVHA10Xuc","Ugy09MmCfYijcH_eHzJ4AaABAg","😊😅😅😅😅😅😅😅","2024-11-19T14:21:10.000Z","0"
"X4LVHA10Xuc","Ugw8KQJT8nS7IbT6M4t4AaABAg","🍀🍀🍀🍀🍀🍀🍀🍀🍀🍀🍀🍀🍀🍀
——————————————————————
(🎉 cỏ may mắn chúc bạn an nhàn 🎉)","2024-11-19T00:01:35.000Z","1"
"X4LVHA10Xuc","UgxlBxbvVkHtcXczZaJ4AaABAg","Cuối năm còn có cơn bão uyagi","2024-11-18T14:11:06.000Z","0"
"X4LVHA10Xuc","UgzO7Za8vZLqfK7ihhJ4AaABAg","Qua từ lâu rồi","2024-11-18T09:39:28.000Z","0"
"X4LVHA10Xuc","UgxtHuG4w6lFJr6r5L94AaABAg","Nhưng chưa bằng người Việt Nam☠️☠️","2024-11-17T00:55:01.000Z","0"
"X4LVHA10Xuc","UgxOniXCBzS4_iLPsQ54AaABAg","Tự nhiên lấy video trung quốc đăng lại như đúng rồi","2024-11-16T11:46:13.000Z","0"
"X4LVHA10Xuc","UgwL19jI6ZUn2bcLZ9d4AaABAg","I told you it was terrible, now it's Tran My's turn.","2024-11-16T02:40:16.000Z","0"
"X4LVHA10Xuc","UgzGAL9w5mxzkmzm9OJ4AaABAg","Ghê","2024-11-15T15:14:12.000Z","1"
"X4LVHA10Xuc","Ugw5a1TLYDg06396O-B4AaABAg","Gió mạnh nhất là 285 km trên h hay j ấy là hỉu r😂😂😂","2024-11-15T09:17:27.000Z","0"
"X4LVHA10Xuc","UgxBmXi3XXpomdeC9At4AaABAg","Duma bão yagi mạnh thiệt 🗿👍","2024-11-15T04:21:11.000Z","0"
"X4LVHA10Xuc","UgytHXGpL7vwXzkvPZN4AaABAg","miền bắc giàu hơn miền nam mà sao dễ bão thế","2024-11-15T00:33:35.000Z","0"
"X4LVHA10Xuc","Ugx1Dpm-g3WwCCknRGF4AaABAg","Lấy mấy video bên Trung rồi lại bày đặt nhắc nhở ng ta. Ghét >:(","2024-11-14T11:16:17.000Z","0"
"X4LVHA10Xuc","UgxlUFXvfc0hhqAOnil4AaABAg","Tôi là người miền bắc mà bão yagi yếu púa","2024-11-13T07:43:53.000Z","0"
"X4LVHA10Xuc","Ugx05ddTYbtztaz4vOB4AaABAg","Bây giờ là bão Trà Mi rồi không phải","2024-11-12T13:58:09.000Z","0"
"X4LVHA10Xuc","UgwYn324AHDaj3mltSR4AaABAg","Nam mô a di đà phật","2024-11-12T13:15:29.000Z","0"
"X4LVHA10Xuc","Ugx0UeenAkWujeYAFht4AaABAg","Hơn quá tôi ở tây ninh","2024-11-12T06:00:33.000Z","0"
"X4LVHA10Xuc","UgwNDsg5p44150fH-y14AaABAg","Yagi xong rồi tôi yinxinh😊","2024-11-11T13:48:22.000Z","0"
"X4LVHA10Xuc","Ugx3_piNijNC8cF_lRt4AaABAg","Cjvdyjbccfj","2024-11-11T10:39:01.000Z","0"
"X4LVHA10Xuc","UgxWcVHp5yuWUyhHZDR4AaABAg","M","2024-11-11T10:38:53.000Z","0"
"X4LVHA10Xuc","Ugxg2OEtPgzF8ANmmlp4AaABAg","Gió ơi xin đừng lấy em đi","2024-11-10T03:13:17.000Z","0"
"X4LVHA10Xuc","UgxvUHT1fvhnKyIQeEt4AaABAg","Yagi qua Việt Nam cảm thấy mình bị xúc phạm","2024-11-06T14:14:21.000Z","0"
"X4LVHA10Xuc","UgzOMfcNx8hq0ua72cN4AaABAg","Bão Trami rồi😅😅","2024-11-06T11:24:39.000Z","0"
"X4LVHA10Xuc","UgwD6NSfjEU2P_JScHp4AaABAg","Bão trà my mạnh hơn","2024-11-05T04:22:51.000Z","0"
"X4LVHA10Xuc","Ugwdd_xnsVmHOq_QpUx4AaABAg","Mn yên tâm đi sắp tới có 2 bão mới nữa  đáy hôm tr bay luôn  nóc nhà luôn  mà  đang ở  hải phòng nữa thì 😢😢😢","2024-11-02T06:53:41.000Z","0"
"X4LVHA10Xuc","UgzRKy6Uy8LGfFRQr514AaABAg",":)))) bên mỹ có khung thép chống bão dùng gắn vào cửa kính","2024-11-02T05:57:56.000Z","0"
"X4LVHA10Xuc","UgwioQ8NSQUQFhyLYwZ4AaABAg","mình YAGI đủ rồi giờ thêm con Trà My nx","2024-11-01T13:59:53.000Z","0"
"X4LVHA10Xuc","UgyVEYgNtgEbpEjEUKp4AaABAg","Bảo trà mi","2024-10-31T11:36:13.000Z","0"
"X4LVHA10Xuc","Ugz9t2NGREmmf3UAZ_V4AaABAg","Trà Mi🥵🥵🥵🥵","2024-10-31T03:59:54.000Z","0"
"X4LVHA10Xuc","UgyWUsYa783Cs95scRN4AaABAg","Cái này ở trung hay sao ý","2024-10-30T08:44:56.000Z","0"
"X4LVHA10Xuc","UgyFnTg2Rf_K6GBIW-N4AaABAg","Trà mi","2024-10-27T06:33:59.000Z","0"
"X4LVHA10Xuc","UgxCw8_ULnG9fSysET14AaABAg","Có bão trà mi nữa nha bão số 6 lun gió giựt cấp 9","2024-10-27T02:18:19.000Z","0"
"X4LVHA10Xuc","Ugw2i-u50f13qZk6v_F4AaABAg","Chỗ tôi bão cấp số 6","2024-10-26T09:31:45.000Z","0"
"X4LVHA10Xuc","UgwT8r0fsdQVQds3XFJ4AaABAg","Trà mi ơi là trà mi","2024-10-26T05:19:44.000Z","0"
"X4LVHA10Xuc","Ugyfc6MADqxVXcXJV0l4AaABAg","Tôi thề luôn bão mà tới mà tôi đc nghỉ học là tôi kiểu:
Anh yagi đẹp trai quá!!!!","2024-10-26T00:57:49.000Z","0"
"X4LVHA10Xuc","UgwdZmlEYiEETU4VvkR4AaABAg","may quá bão YAGI tan rồi 😢😢😢","2024-10-24T13:54:07.000Z","0"
"X4LVHA10Xuc","UgzhYzyPVYUGBoE-bdZ4AaABAg","Cơn bão số 3 nằm ở miền bắc mà","2024-10-17T15:41:35.000Z","0"
"X4LVHA10Xuc","Ugxy4u5AdegN3fzfANR4AaABAg","What the","2024-10-17T10:15:24.000Z","0"
"X4LVHA10Xuc","UgwVC65okQq8dA5gIat4AaABAg","1 chiếc xe tải không có nặng đâu hơn 3 tấn thôi hà:)))))","2024-10-16T05:01:48.000Z","0"
"X4LVHA10Xuc","Ugy6DvTcyOWsgN_q1kV4AaABAg","trẻ con ở ngoài là hết cú😂😂😂","2024-10-14T05:02:27.000Z","1"
"X4LVHA10Xuc","UgxGEgarERTQBM99Dmp4AaABAg","Vx quay đc-)))","2024-10-14T04:24:33.000Z","0"
"X4LVHA10Xuc","UgyZ1fp_qOxLVh-GIHd4AaABAg","Trung Quốc bão số 3 giri","2024-10-13T01:13:53.000Z","0"
"X4LVHA10Xuc","UgyMtjK4o8UoyQSGWrt4AaABAg","Ừ vậy mà có vài đứa đòi có bão yagi để nghỉ học mà đâu có bt thiệt hại nó gây ra đâu 🤡","2024-10-12T02:14:25.000Z","0"
"X4LVHA10Xuc","UgwLoGPg-Wm9CSJMzyd4AaABAg","mình không biết có đủ để lật xe lamborghini không","2024-10-11T23:00:50.000Z","0"
"X4LVHA10Xuc","UgxNCzi39LSGvt2pZzN4AaABAg","Tui miền Bắc nhưng hên bão chỗ này cx ko đến mức đấy vs toàn cửa kính chắc nên cx ko sao bị cái lụt phải vác đồ lên lầu cả đêm","2024-10-11T08:05:48.000Z","0"
"X4LVHA10Xuc","Ugxxhw1THO-DE16NTYZ4AaABAg","Mái tôn còn được","2024-10-11T04:52:25.000Z","0"
"X4LVHA10Xuc","UgxS7yn6Opg05XvKYDx4AaABAg","Mình ở miền Bắc nên không có báo yagi","2024-10-10T11:40:19.000Z","0"
"X4LVHA10Xuc","Ugx1Q3DqsIUuS1Ibqw14AaABAg","Chỗ tui bão nhẹ nhất chỉ bị đổ cửa nhà văn hoá thôi","2024-10-10T05:09:23.000Z","0"
"X4LVHA10Xuc","Ugxxwn5IGaTVj1klMax4AaABAg","Cái này là bắn tùm lum á 😅","2024-10-09T14:43:28.000Z","0"
"X4LVHA10Xuc","Ugzy6HTkuY5EqM2qiX94AaABAg","dù má ghê vy","2024-10-09T14:10:44.000Z","0"
"X4LVHA10Xuc","UgxCL87HFA5sj1bsvFt4AaABAg","nãy giờ nhìn mấy cửa kính với xe bay khứa em bên cạnh cứ bay bay đê :)))","2024-10-09T14:04:06.000Z","0"
"X4LVHA10Xuc","Ugz7kO_uK4pcH4TClJl4AaABAg","Ko mạnh lắm đâu bay cây bay luôn cái nóc nhà mà ng ko bay đc","2024-10-09T12:42:16.000Z","0"
"X4LVHA10Xuc","UgyfOq98-LW2isMYzOh4AaABAg","éo sợ 😂😂😂😂😂😂😂😂😂😂","2024-10-09T11:53:32.000Z","1"
"X4LVHA10Xuc","UgxDMUd5q9A8_eHIehN4AaABAg","Bão Yaji mà tới việt nam là tắt điện liền😂😂😂😂😂😂😂 việt nam kiểu ez bão Yaji","2024-10-09T11:50:51.000Z","0"
"X4LVHA10Xuc","Ugyb306hwenbfki9_pJ4AaABAg","Nhà mik ở miền baqsc bị bão yagi tốc mái :(((","2024-10-08T15:54:50.000Z","0"
"X4LVHA10Xuc","UgzMXdhgwM4lDovvwfx4AaABAg","Tôi ở Bắc Giang gió ko khác j gió thả diều dó bé lắm","2024-10-08T04:55:10.000Z","0"
"X4LVHA10Xuc","UgzDI2HAyGY_DODTZpp4AaABAg","Oh no","2024-10-07T14:59:23.000Z","0"
"X4LVHA10Xuc","UgxkDiKL5B7vde6MlFB4AaABAg","Người TQ họ không biết chống bão chả thế=)","2024-10-06T08:35:18.000Z","0"
"X4LVHA10Xuc","UgzkXP888PYbQBHXPHB4AaABAg","😂😂😂","2024-10-01T09:20:48.000Z","0"
"X4LVHA10Xuc","UgwUe0_pC0I-Z3_UnjJ4AaABAg","70 năm từ khi mới sinh ra lần đầu em gặp được cơn bão này khổ thân dân ta quá ❤❤❤😢😢😢","2024-09-30T15:09:28.000Z","1"
"X4LVHA10Xuc","Ugw0DB_HSu3mOQlmHid4AaABAg","Đi học rất là vui đó😊","2024-09-23T13:39:35.000Z","0"
"X4LVHA10Xuc","Ugxcjxk9VXiA9o1uFaZ4AaABAg","Bão nên quét hết bọn tham ô ,","2024-09-23T12:19:36.000Z","0"
"X4LVHA10Xuc","UgxkgLydwOOpXGuRyfh4AaABAg","Kẽ ác nên từ thiện giúp người nghèo để trời ko ...? Kẽ ngàn tỷ biệt thự,kẽ nhà trọ,kẽ ko nhà,vay tiền góp nặng lải  ,ép người nghèo quá","2024-09-23T12:18:44.000Z","0"
"X4LVHA10Xuc","Ugy6yQheLV4R6YgExy54AaABAg","Bão giúp người nghèo  lượm ve chai heo,gà chó mèo anh,loài thú hiếm ,tiền bạc   máy móc trôi  Lượm thôi   ok.các bác ve chai  có vô mánh ?","2024-09-23T12:13:31.000Z","0"
"X4LVHA10Xuc","UgyyXdCA1FyUseY5qzl4AaABAg","Xe tải ko biết đậu đầu xe hướng về bão, ngược lại có tơơnh cãn","2024-09-23T12:08:59.000Z","0"
"X4LVHA10Xuc","UgwFcBCILPSWoVCv4yZ4AaABAg","Bão jagi mát mẽ lắm ,tôi thich quả báo","2024-09-23T12:06:09.000Z","0"
"X4LVHA10Xuc","UgzM4LvDWkU74x0KMbl4AaABAg","ghép this way vô là ổn thôi :-)","2024-09-23T09:17:46.000Z","0"
"X4LVHA10Xuc","UgznokLcJ0tlMEWuXFt4AaABAg","Mấy đứa trong miền nam:🌞🌝","2024-09-22T22:14:14.000Z","1"
"X4LVHA10Xuc","UgyWap2gybQCw00U_yl4AaABAg","Ở trường tui tui cũng cầu bảo dagi để được nghỉ học😂😂","2024-09-22T14:08:07.000Z","0"
"X4LVHA10Xuc","UgxtJwIEbKkip2LEYZ94AaABAg","Chơi kéo co với mẹ thiên nhiên nào anh em oi vui lém😂😂😂😂😂","2024-09-22T12:31:55.000Z","0"
"X4LVHA10Xuc","UgyZCT4tBQ1X-AvJINZ4AaABAg","Cái nhày bão tôi ra ngoài tôi thử nhảy lên thì bão nó cho tôi té luôn😂😂😂😂","2024-09-22T07:30:09.000Z","0"
"X4LVHA10Xuc","UgwbKzJUn2m-tbpIg2N4AaABAg","Yagi","2024-09-22T04:37:54.000Z","0"
"X4LVHA10Xuc","Ugw7fZONbfBHciowO7V4AaABAg","❤❤❤❤❤❤❤❤❤😢😢😮😮😅😢😂🎉😮😅😅","2024-09-21T01:38:22.000Z","0"
"X4LVHA10Xuc","UgwCmeq9Bl91dmtLjOB4AaABAg","bữa mới thấy hàng xóm cầm vợt các thứ ra bão làm gì á","2024-09-21T00:35:52.000Z","0"
"X4LVHA10Xuc","UgwHbF3hL0MTSpQcDP94AaABAg","Bạn ơi bạn làm vid bão yagi của Việt Nam thì bạn lấy đúng vid của Việt Nam dùm mình nha","2024-09-20T14:44:56.000Z","0"
"X4LVHA10Xuc","UgyKyN8claXgn8_EDit4AaABAg","tao còn bị thổi bay xuống ruộng luôn","2024-09-20T13:06:38.000Z","0"
"X4LVHA10Xuc","UgxaCBrMnHlLRDSlpH94AaABAg","Có vui nhưng mà có cái nịt","2024-09-20T12:34:28.000Z","0"
"X4LVHA10Xuc","UgxdTLbH8lDMxNp1nOJ4AaABAg","Sắp bão số 4 rồi huhu 😢","2024-09-20T12:15:01.000Z","0"
"X4LVHA10Xuc","UgxyLLpT_nYLgGrc1594AaABAg","bửa tui ra coi tâm bão cở nào ai ngờ đứng đó mát thật sự gió mạnh như dúng im ko bị j tấm mưa đã","2024-09-19T12:23:25.000Z","0"
"X4LVHA10Xuc","UgyHn3l1064qOF8oRk14AaABAg","Anh ơi ở Việt Nam có bão yagi ko vậy 😢😢😢","2024-09-19T09:52:45.000Z","0"
"X4LVHA10Xuc","UgzQU3967I8-0hvhnRF4AaABAg","wtf","2024-09-19T02:54:39.000Z","0"
"X4LVHA10Xuc","UgwNHM966Sx3tdl9sgh4AaABAg","Đừng nghĩ về với mấy mẹ thiên hạ đứng như chơi đi mua đồ như đúng rồi xong rồi thấy người ta chạy tứ tung mấy mẹ thiên hạ không nghĩ gì nhiều bước đi về như đúng rồi😂😂😂😂","2024-09-18T14:58:15.000Z","0"
"X4LVHA10Xuc","UgzQzS4_32X7ym3uE014AaABAg","Bão kinh thế😰","2024-09-18T13:48:37.000Z","0"
"X4LVHA10Xuc","UgyRHMO8AAZT03uaAY94AaABAg","Camera man là bất tử 👍👍","2024-09-18T10:41:38.000Z","0"
"X4LVHA10Xuc","UgxUYHYNdtnxOfC94Nt4AaABAg","Tui còn ổn nha","2024-09-18T05:55:35.000Z","0"
"X4LVHA10Xuc","Ugx_5lcVzXv8zGYy4Uh4AaABAg","O mai god","2024-09-18T04:17:31.000Z","0"
"X4LVHA10Xuc","UgzpvtcxqGiJisMhX4B4AaABAg","Tui miền Nam","2024-09-17T22:50:54.000Z","0"
"X4LVHA10Xuc","UgyTZqw6G2l2gSBX7k14AaABAg","Nhà ngoại tôi có cây cau 30-40 năm bao nhiêu mưa bão chưa đổ kể cả bị gãy
Bão lần này nó bật cả gốc lên luôn chứ chẳng gãy","2024-09-17T15:42:12.000Z","0"
"X4LVHA10Xuc","UgztxkZKbaDFg1rUvAF4AaABAg","yagi","2024-09-17T11:03:56.000Z","0"
"X4LVHA10Xuc","UgwE0McjQHRYOiwbENV4AaABAg","Bão bình thường mà 😂😂😂","2024-09-17T05:55:51.000Z","0"
"X4LVHA10Xuc","Ugx51Li4_fXNQj2-DIR4AaABAg","Tui còn thấy cái thùng container bay luôn mà 😂","2024-09-17T05:43:39.000Z","0"
"X4LVHA10Xuc","UgxZQfsmDVbgS0SfVfJ4AaABAg","Có bảo số 4 nữa mà trời tên là gener còn mạnh hơn báo số yagi nữa","2024-09-16T15:19:37.000Z","0"
"X4LVHA10Xuc","UgyU2NhLM3zluIXjsV54AaABAg","mọi người ơi tránh xa nó ra còn 18 18 17 là tới 18 là bảo rồi đó các bạn bạn đừng Ra ngoài tránh nguy hiểm❤❤","2024-09-16T13:18:08.000Z","0"
"X4LVHA10Xuc","UgzixaWsV7nZpvJEKwV4AaABAg","Bão 2017 ở Việt Nam kiểu 🗿🗿🗿🗿🗿🗿","2024-09-16T12:55:10.000Z","0"
"X4LVHA10Xuc","UgzxE4rzFpJ3sa69Kil4AaABAg","Ghê vậy trời 😮😮😮😮","2024-09-16T10:49:38.000Z","0"
"X4LVHA10Xuc","UgzMtIoLI_I_9qJAESJ4AaABAg","Kiên Giang","2024-09-16T05:41:59.000Z","0"
"X4LVHA10Xuc","UgztgK8DITxj8KdmZj14AaABAg","Kìa xong siêu bão yagi có siêu bão mới nữa Kìa","2024-09-16T05:16:42.000Z","0"
"X4LVHA10Xuc","UgzMzrq6f1qqVJjFC1t4AaABAg","Hay mà đỡ tốn tiền điện , nước","2024-09-16T04:37:49.000Z","0"
"X4LVHA10Xuc","Ugx3PO0lTanGymagCS94AaABAg","Còn geder nữa ☠️☠️☠️☠️","2024-09-15T13:58:48.000Z","0"
"X4LVHA10Xuc","UgyXPGiz49E9_n6Egf94AaABAg","Me ở miền Bắc 























Nóng qué me re ngoài hóng gió😃😃😃","2024-09-15T13:51:19.000Z","1"
"X4LVHA10Xuc","Ugz_PVodw24n93FnVyp4AaABAg","Sáng mắt chưa","2024-09-15T12:58:08.000Z","0"
"X4LVHA10Xuc","Ugyk-VZjTN6Yes-Mie14AaABAg","Bắc: bay mãi tôn 
Trung: bị thương nhẹ 
Nam: yagi gì cơ","2024-09-15T07:49:30.000Z","0"
"X4LVHA10Xuc","UgyLedz9s3aVlDTepJR4AaABAg","Ô mai good😮😮😮","2024-09-15T06:35:50.000Z","0"
"X4LVHA10Xuc","UgzjMlCP64QiqrydyTx4AaABAg","VN cũng chẳn ổn mấy là bao,chỗ tui ở thì bị đổ cả đống cây,😅🥲😭(tui ở hà nam🙃)","2024-09-15T04:01:58.000Z","0"
"X4LVHA10Xuc","UgwCFgZiF2yQn6_aQ8l4AaABAg","Qua bn mới đã cơ gặp dubai 😮","2024-09-15T00:48:53.000Z","0"
"X4LVHA10Xuc","UgyiLPZs5b_EdMqOcfh4AaABAg","nam mô a Di Đà Phật 
cầu nguyện cho miền Bắc sớm vượt qua thiên tai","2024-09-14T17:25:55.000Z","0"
"X4LVHA10Xuc","UgwXwHtqdqOg5MRv_R94AaABAg","Đang sống ở long khánh (thành phố Hồ Chí Minh)
Không biết có an toan không nhỉ?","2024-09-14T17:25:21.000Z","1"
"X4LVHA10Xuc","Ugwj2CQEPpKGJBBv3rh4AaABAg","Tuổi trẻ chưa trải sự đời","2024-09-14T15:13:21.000Z","0"
"X4LVHA10Xuc","UgwzGEcRNFBxI9JMEpZ4AaABAg","Wow😅","2024-09-14T15:04:36.000Z","0"
"X4LVHA10Xuc","UgzvqLu8-mBRyMfScu54AaABAg","đây là ở trung quốc (hình như là đảo hải nam) nên bão mạnh hơn gấp mấy lần ở vn á","2024-09-14T14:46:22.000Z","0"
"X4LVHA10Xuc","Ugy46QOUz9CDUUmI74x4AaABAg","ha ha😂😂😂😮😮","2024-09-14T14:42:19.000Z","0"
"X4LVHA10Xuc","UgwfLMxZu32IkphZ4xZ4AaABAg","Mn: má cứu tao
Mấy og dân chơi:🌪️🌪️🌪️🧍🌪️🌪️🌪️ (ez)","2024-09-14T14:36:58.000Z","0"
"X4LVHA10Xuc","UgyOZbe9ivZ64a3d0Ih4AaABAg","may quá tôi ko ở đó","2024-09-14T12:18:15.000Z","0"
"X4LVHA10Xuc","UgwC1dLzHAwNb2h6X9Z4AaABAg","Nắng quá Chắc là nguy hiểm lắm đây","2024-09-14T07:57:53.000Z","0"
"X4LVHA10Xuc","UgwpJW7V7tE2CHiUiFx4AaABAg","Yagi: haha ta là cơn bão mạnh nhất bão genner:chưa chắc đâu em genner 345km h💀💀💀💀💀","2024-09-14T05:57:32.000Z","0"
"X4LVHA10Xuc","Ugwfz99lSFfBd1pHVTd4AaABAg","Tui hên tui ở th đ","2024-09-14T05:45:33.000Z","0"
"X4LVHA10Xuc","UgwIzsEHTYUcBjNBez14AaABAg","May quá nhà tôi có cái bom ke từ thời chống Mỹ của ông tôi đào nên bão tới vẩn chốn đc :)","2024-09-14T04:25:43.000Z","0"
"X4LVHA10Xuc","Ugw_heUy96OcY_jHc9t4AaABAg","Yagi ở chỗ em nó đi qua nhà em","2024-09-14T04:10:59.000Z","0"
"X4LVHA10Xuc","Ugwoy50QDOtZyQvXGQx4AaABAg","Nếu ngập lũ miền Bắc nên khi xe mấy ra đường thì hay gặp gió nên các bác tài phải chắn gió cho xe mấy","2024-09-14T04:10:55.000Z","0"
"X4LVHA10Xuc","UgyOSFNzyGtH_559Leh4AaABAg","Yếu ha ha ha 😂😂😂😂😂😂😂😂😂😂😂","2024-09-14T03:49:17.000Z","0"
"X4LVHA10Xuc","UgyGWyvTxN0AC5BSBzJ4AaABAg","Tôi đang ở trên không trung do Bão yagi","2024-09-14T03:29:16.000Z","0"
"X4LVHA10Xuc","UgxqI-1LN_9xEuSyaa94AaABAg","Ba tui nói là cồn hai cơn bão nữa mạnh gắp đôi bão yagi nữa nó sẽ ậm vào miền trung và nam ba tui đi biển nhiều lần nên ba tui bt mn cẩn thận đấy nó mà cập bến là chạy ko kiệp đâu à nha đây là những gì tui bt😊😊😊","2024-09-14T03:14:20.000Z","0"
"X4LVHA10Xuc","UgwcYb6g6D4I61IzWqN4AaABAg","What the hell","2024-09-14T02:30:57.000Z","0"
"X4LVHA10Xuc","UgxUWMT_FCLoP0jxiDx4AaABAg","đây là ở đảo hải nam à","2024-09-14T01:06:39.000Z","0"
"X4LVHA10Xuc","UgxaGXa8uH8Qtr5lhjR4AaABAg","Nam mô a Di Đà Phật xin hãy cứu miền bắc ❤❤🍀🍀☘️","2024-09-14T01:03:56.000Z","0"
"X4LVHA10Xuc","Ugxq7KzdSU5uDbRDqhZ4AaABAg","❤❤❤❤❤❤❤","2024-09-14T00:56:06.000Z","0"
"X4LVHA10Xuc","UgwKjn6OI3ub_5MYMid4AaABAg","Chỗ tôi không có bão chỉ bị ảnh hưởng bởi mưa tôi vẫn còn ổn","2024-09-14T00:51:55.000Z","0"
"X4LVHA10Xuc","Ugx7394Alr23_H_SDS54AaABAg","Cầu mong cho người dân Hà Nội BÌNH AN .
NAM MÔ A DI ĐÀ PHẬT","2024-09-14T00:02:11.000Z","0"
"X4LVHA10Xuc","Ugy6xmZRoIR71bxyhX54AaABAg","Cướp miền Bắc lúc trước là bị bạo hành và harry bay những gì à😊😊 ơi không tin thì xem báo 22 ở miền Bắc đi","2024-09-13T23:02:17.000Z","1"
"X4LVHA10Xuc","UgxtbqAZMW7ChQz8mLd4AaABAg","Thương quá ...Thật khủng khiếp ..Chúc bình an và sức khỏe","2024-09-13T21:32:04.000Z","0"
"X4LVHA10Xuc","UgxDdH6UkrojN-h2AoZ4AaABAg","Ây Bão YAGI ở miền bắc hà nội nó xập cầu luôn đó","2024-09-13T19:52:35.000Z","0"
"X4LVHA10Xuc","UgxmTw5hKtJLg7wq9yJ4AaABAg","Tôi với nghỉ vui nhưng nghe tin mua đồ ăn dự trữ thì phóng như điên mua đồ ăn","2024-09-13T16:13:06.000Z","0"
"X4LVHA10Xuc","Ugzc9IKTGXdYBKFETX14AaABAg","Tôi bình an","2024-09-13T15:31:49.000Z","0"
"X4LVHA10Xuc","UgxsqLC-z_FpugCKSWV4AaABAg","Mong cho người dân ở Miền Bắc bình an 🥰☘️","2024-09-13T15:07:06.000Z","0"
"X4LVHA10Xuc","UgwG2qYH2GZf9XPEHt94AaABAg","Mong cho người dân ở Miền Bắc bình an 🥰☘️","2024-09-13T15:07:02.000Z","0"
"X4LVHA10Xuc","UgzemjOUd-tP9-UtrwZ4AaABAg","Có bão Yacũ ko😮","2024-09-13T14:41:45.000Z","0"
"X4LVHA10Xuc","UgyRApIUqSjkwqfYTxB4AaABAg","sao lấy video trng quốc khúc 13 gi z","2024-09-13T14:07:03.000Z","0"
"X4LVHA10Xuc","UgxpqTGzmsVd_hHqteh4AaABAg","À lộn Miền Bắc cần thật 😅","2024-09-13T13:57:21.000Z","0"
"X4LVHA10Xuc","UgwXAG5HPJuORjwu-sx4AaABAg","Cầu cho miền bắc bình an luôn á trời ơi
❤❤❤😊😊😊😅😅","2024-09-13T13:54:30.000Z","0"
"X4LVHA10Xuc","Ugy5Erg3ZKYnOgdJDQt4AaABAg","Lật một cái xe tải luôn hả trời❤❤🎉🎉😅😅","2024-09-13T13:52:54.000Z","0"
"X4LVHA10Xuc","Ugxq4m6EfDsqmXdGldp4AaABAg","Cơn bão còn dài lắm Miền Nam cẩn thận nhé ❤","2024-09-13T13:44:53.000Z","0"
"X4LVHA10Xuc","UgykGEAPzPp_fFJVnqZ4AaABAg","Nhưng ko bị hề hấn j hết","2024-09-13T13:28:24.000Z","0"
"X4LVHA10Xuc","UgzoiGDHcBuL-d13TyZ4AaABAg","Tui ở đồng nai bão y chang v luôn","2024-09-13T13:27:42.000Z","0"
"X4LVHA10Xuc","Ugz7ZX9tmnKMjIwZtp54AaABAg","😨😨😰","2024-09-13T12:29:59.000Z","0"
"X4LVHA10Xuc","UgxVicK5x0ggfvqgvMV4AaABAg","Nam mô a Di Đà Phật cầu mong cho miền Bắc","2024-09-13T12:15:38.000Z","0"
"X4LVHA10Xuc","UgwCqxzDmZGH2WtuMWl4AaABAg","Fake nha cái bão này ko phải bão yagi","2024-09-13T12:12:12.000Z","0"
"X4LVHA10Xuc","UgzQuHpQ29qtv1HC7_94AaABAg","sap nói bão yagi  ở vn mà lấy video ở china😅😅😅😅","2024-09-13T11:32:31.000Z","0"
"X4LVHA10Xuc","UgySCcjfV1X1RuSdUeV4AaABAg","Bão mạnh nhất lịch sử vs bão mạnh nhất hiện tại 🍷🗿👍","2024-09-13T11:19:31.000Z","0"
"X4LVHA10Xuc","UgycFmfR7EKAEfTJAnR4AaABAg","Nhà tui tí bay lun cái nóc nhà với con cún 🥲","2024-09-13T10:54:41.000Z","0"
"X4LVHA10Xuc","UgxYvbFrK5K5rixyAXN4AaABAg","còn bão số 4 nữa 😥😢😟","2024-09-13T10:15:22.000Z","0"
"X4LVHA10Xuc","Ugxw4saz_WYESJapWLt4AaABAg","Tôi bt cái này bảo yagi là bảo mắt đó😮","2024-09-13T09:51:26.000Z","0"
"X4LVHA10Xuc","UgyVD3cChylHrciSUEF4AaABAg","Tui ra mua cái bánh mì mà gió bay luôn áo mưa 😂","2024-09-13T06:15:26.000Z","0"
"X4LVHA10Xuc","UgzTRoHY7uqrusGg0t14AaABAg","Còn ng vn ra ngoài cho mát:)","2024-09-13T05:59:10.000Z","0"
"X4LVHA10Xuc","Ugwlq7I09uDtNTdUfCV4AaABAg","Tôi ở phú quốc nên không sợ","2024-09-13T04:49:35.000Z","0"
"X4LVHA10Xuc","UgwLiMbs2qEjqwktZdh4AaABAg","Tôi không có bão yagi tôi sẽ ủng hộ miền Bắc","2024-09-13T04:48:55.000Z","0"
"X4LVHA10Xuc","Ugxv6T-HTcBtl_xpH_94AaABAg","Ko điện ko internet ư 
+2 cái cục sạc dự phòng 🤑","2024-09-13T04:07:25.000Z","0"
"X4LVHA10Xuc","UgzkyiYDvyCk93DkCWt4AaABAg","ae cố gắng sống sót nha chứ nhìn ghê quá","2024-09-12T14:46:17.000Z","0"
"X4LVHA10Xuc","UgwowMlcCqlXXf7V86p4AaABAg","tụi hs yeah yeah là bt ngáo r","2024-09-12T14:46:01.000Z","0"
"X4LVHA10Xuc","Ugy_zxtFBYxhPREq2S94AaABAg","Bao da ghế có thể lật đổ một đỉnh núi 🗻","2024-09-12T14:42:45.000Z","0"
"X4LVHA10Xuc","UgwZR_bP6mAAeJ0Fc1V4AaABAg","Ae miền bắc bay mẹ mái","2024-09-12T14:02:25.000Z","0"
"X4LVHA10Xuc","Ugx17dkKQHuYJRFfqwJ4AaABAg","Bão này còn non lắm","2024-09-12T13:59:12.000Z","0"
"X4LVHA10Xuc","UgyROahKQk0rW-FhYDl4AaABAg","Có một nhà cao tầng bị đổ khi đang xây do anh hưởng bão số 3 đó","2024-09-12T13:50:19.000Z","0"
"X4LVHA10Xuc","UgyOvvaVJa0PRtPpnG14AaABAg","Nó có hình mặt q.u.ỷ đó ☠️☠️☠️☠️","2024-09-12T13:32:50.000Z","0"
"X4LVHA10Xuc","Ugy4KkfoIdTy5zti0Xt4AaABAg","Tui rất may mắn vì bảo yagi ko có ở miền nam😊","2024-09-12T13:20:58.000Z","0"
"X4LVHA10Xuc","UgyOG5BNm0YUYlDymZt4AaABAg","Yeah well you’re about home I am in Kaaloa nail","2024-09-12T13:18:38.000Z","0"
"X4LVHA10Xuc","UgzYN3QmVfkqXZ184KF4AaABAg","Người giữ❤","2024-09-12T13:17:07.000Z","0"
"X4LVHA10Xuc","UgwdI56oZZnHeiEzcq94AaABAg","Ở cần thơ , thới lai ko thề có mưa luôn","2024-09-12T13:00:14.000Z","0"
"X4LVHA10Xuc","UgyBX3mHH6VC-yMEKc94AaABAg","Sóc trăng chuâne bị đón bão k gh p hải nó đi lại st mà bị ảnh hưởng 1 nx lận","2024-09-12T12:43:39.000Z","0"
"X4LVHA10Xuc","UgyQlj0-46BMobMZ5L94AaABAg","Bão yagi","2024-09-12T12:13:03.000Z","0"
"X4LVHA10Xuc","UgzMmMyQ1RafQ6MpuXV4AaABAg","Bây giờ giật trên cấp 17","2024-09-12T12:12:40.000Z","0"
"X4LVHA10Xuc","Ugx-2ycrtPv8NNDHsDN4AaABAg","hết r","2024-09-12T12:11:38.000Z","0"
"X4LVHA10Xuc","UgyNlL1WqR2bvCdRFgZ4AaABAg","Trời ơi sắp có bão số 4 rồi không biết là đến mức nào","2024-09-12T10:42:14.000Z","0"
"X4LVHA10Xuc","UgyNJGt2c2zwCBzr9bV4AaABAg","Đang mua tôi nhận ra rằng thằng akatsuki nào đây .","2024-09-12T10:11:27.000Z","0"
"X4LVHA10Xuc","UgyZ9yFdALb-Wt4Xj4x4AaABAg","Bên Trung nha, qua Việt tốc độ gió giảm rồi","2024-09-12T09:28:33.000Z","0"
"X4LVHA10Xuc","Ugz05e1A8cDLg9vIDlJ4AaABAg","Cái này ở trung quốc mà😅","2024-09-12T09:21:34.000Z","0"
"X4LVHA10Xuc","Ugw-9FcTK--qQjZd9Id4AaABAg","Thằng liều gặp bão Yagi kiểu 🦾","2024-09-12T09:09:55.000Z","0"
"X4LVHA10Xuc","UgyO8pe3VIXnfQ3Y3VJ4AaABAg","Đg chờ xe tăng máy bay bị lật :)))","2024-09-12T08:33:33.000Z","0"
"X4LVHA10Xuc","UgyyziBS654pXRVqk4h4AaABAg","Thế sao không gãy được cái cây vải","2024-09-12T08:05:54.000Z","0"
"X4LVHA10Xuc","Ugx1OaQTCabKJCJMkAJ4AaABAg","MẠNH CỰC","2024-09-12T07:43:14.000Z","0"
"X4LVHA10Xuc","UgzYEfFVYVWYVd8Oo_94AaABAg","Hết cứu😂","2024-09-12T07:02:28.000Z","0"
"X4LVHA10Xuc","UgzDYhYbOI_Xy2vCG454AaABAg","Hay quá","2024-09-12T06:20:05.000Z","0"
"X4LVHA10Xuc","Ugwwt4enE5NUpjs-h254AaABAg","Tq nó còn king hơn vn","2024-09-12T05:34:05.000Z","0"
"X4LVHA10Xuc","Ugze_JUjsk5FD9_Q-tl4AaABAg","Miền nam của tui kiểu: MÁ NÓNG VL CÒN CÚP ĐIỆN
Miền bắc SOS🔴🔴🔴🔴🔴
Miền Tây 🤫🧏","2024-09-12T04:32:03.000Z","0"
"X4LVHA10Xuc","UgwsfXusRoCEm5kMxc54AaABAg","🙏🙏🙏","2024-09-12T00:53:01.000Z","0"
"X4LVHA10Xuc","UgwK1pMCAwzz_OVxuuV4AaABAg","Tui ở Thanh Hóa","2024-09-11T16:00:54.000Z","0"
"X4LVHA10Xuc","Ugy98B9qDYHQM_tqZsF4AaABAg","Miền bắc VN với 1 phần khu vực phía nam TQ chịu ảnh hưởng cực kì nặng nề, mà gió thì đã là gì, chờ nước thượng nguồn đổ xuống còn ớn hơn. Tôi ngoài Bình Thuận(cuối nam trung bộ) mưa nhiều và sấm cũng nhiều, dù đã cách gần nghìn km","2024-09-11T14:19:08.000Z","0"
"X4LVHA10Xuc","Ugytmc7b9DhyYAXzo9x4AaABAg","Bye","2024-09-11T14:16:53.000Z","0"
"X4LVHA10Xuc","Ugydc9c6CbYtyxDqRit4AaABAg","4 ngày trôi qua ms xem đc vd này","2024-09-11T14:08:34.000Z","0"
"X4LVHA10Xuc","Ugz5GmxLbGoY3Lq0ced4AaABAg","❤❤❤❤❤❤❤❤","2024-09-11T13:45:09.000Z","0"
"X4LVHA10Xuc","UgztO2bpfUNE8eBCon14AaABAg","Anh à nhà em ko mất gì ngoài cái nhà😢","2024-09-11T13:27:44.000Z","0"
"X4LVHA10Xuc","UgxEW91sOap3s7zn4T54AaABAg","May em ở kênh 4b chỉ mưa nhẹ thôi😅😅😅😅😅😅","2024-09-11T13:01:22.000Z","0"
"X4LVHA10Xuc","UgzjjskflITAXElIgc14AaABAg","Bão khoai lang 🍠","2024-09-11T12:55:25.000Z","0"
"X4LVHA10Xuc","Ugz9Z86TBe1ZcGrM9WV4AaABAg","May quá tui vẫn còn sống bên tui ko sao cả","2024-09-11T12:55:18.000Z","0"
"X4LVHA10Xuc","UgwxSvuzJuYkst_0cxZ4AaABAg","Anh em miền bắc nếu đang ổn thì cho xin 1 like nha🎉","2024-09-11T12:34:27.000Z","0"
"X4LVHA10Xuc","Ugyk8DEPtQzGKOjrC-Z4AaABAg","Vẫn còn Ba cơn bão đang hình thành ngoài biển đông kìa kìa, mọi người cẩn thận nha mấy bạn này mạnh hơn cả bão khi nhiều","2024-09-11T12:16:52.000Z","0"
"X4LVHA10Xuc","UgzfofkvBeSiqaqbzsN4AaABAg","Nhà ttooi mất hết rồi chảng còn j nx 😔","2024-09-11T12:08:51.000Z","0"
"X4LVHA10Xuc","UgzsKJQCRbbIvACpGst4AaABAg","Bão Nina:","2024-09-11T11:37:52.000Z","0"
"X4LVHA10Xuc","UgzM6nIvf_lBqBMaPXV4AaABAg","bão yagi?","2024-09-11T08:33:59.000Z","0"
"X4LVHA10Xuc","UgzhjNmQ9rX7_c0cPst4AaABAg","😅😅😅😅😅😅😅😅😅😅😅😅😅😅😅😅😅😅😅😢😢😢😢😢😢😢😢😢😢😢😢😢😢😢😢😢","2024-09-11T08:29:45.000Z","0"
"X4LVHA10Xuc","UgxN4HR46BzbuQxqNBx4AaABAg","Nhà tôi lụt hết tầng 2 rồi😅😅😅❤❤","2024-09-11T08:05:56.000Z","0"
"X4LVHA10Xuc","Ugxkvt6aCO65mNX2qOZ4AaABAg","Ủa An Giang đâu có như vậy đâu 😅😅❤❤😊😊","2024-09-11T07:45:30.000Z","0"
"X4LVHA10Xuc","UgyvBz_MMDakgf9p7YZ4AaABAg","Mà có vòi rồng ko mn🎉🎉😢","2024-09-11T07:21:19.000Z","0"
"X4LVHA10Xuc","UgxwfPcQYaQ4qIDnL994AaABAg","Cây cau nhà mình vừa cao vừa gầy mà nó không bị gãy hay không bị đổ:)))","2024-09-11T06:54:22.000Z","0"
"X4LVHA10Xuc","UgyEYqL-wCQDftr87Ch4AaABAg","Bão em còn mạnh hơn anh đó mà em sắp chết đây này 😅😅😅","2024-09-11T06:03:59.000Z","1"
"X4LVHA10Xuc","UgxT3bOUldTVVfseONl4AaABAg","Nè còn bão cấp 4 đó!!!!😢😢😢😢❤❤❤❤😊😊😊😢😢😢😢😢😢😢😢😢","2024-09-11T05:53:25.000Z","0"
"X4LVHA10Xuc","UgzcAMG75k5R15naNE14AaABAg","chỗ e siêu bão yagi 
Mà như siêu bão mini","2024-09-11T02:11:28.000Z","0"
"X4LVHA10Xuc","UgzsSXMHaNsW2yo-zlR4AaABAg","Nhạc nền: Hell march","2024-09-11T01:18:03.000Z","0"
"X4LVHA10Xuc","Ugz8Z7OqDbfDqAqMRQl4AaABAg","Bảo đang tới miền nam đóoooooo","2024-09-10T23:32:52.000Z","0"
"X4LVHA10Xuc","UgzTlN8JSBoYGWbAVqF4AaABAg","Nó làm đổ cây xòi nhà tui roài","2024-09-10T23:22:45.000Z","0"
"X4LVHA10Xuc","UgzKGM4GkJwpJZ-cuRZ4AaABAg","Tại sao họ không dùng băng keo lớn để cố định cửa kính nhỉ...! Hoặc băng keo chịu lực... Giúp tăng độ ổn định của kính lên đáng kể...!","2024-09-10T22:42:34.000Z","0"
"X4LVHA10Xuc","UgxYBaPzbD4MMl8orgN4AaABAg","còn hai cơn bão nữa","2024-09-10T22:37:59.000Z","0"
"X4LVHA10Xuc","UgwjqLQWerv5Eowlbpx4AaABAg","Còn 2 cơn bão nữa đấy","2024-09-10T22:32:54.000Z","0"
"X4LVHA10Xuc","UgyuaxJeh96dyvxMlVl4AaABAg","Mẹ thiên nhiên tức giận thật đáng sợ 😞 Một phần thật sự cũng do con người bởi vì rất nhiều nơi trên thế giới ko bảo vệ môi trường dẫn đến ô nhiễm , tầng khí quyển thay đổi dẫn đến nhiều thiên tai như sóng thần, lũ lụt và siêu bão Yagi vừa rồi là một mất mát lớn của người dân miền bắc, cả người cả tài sản.. Tài sản thiệt hại thì có thể làm lại , nhưng quá nhiều người mất trong cơn bão quả thật quá đau lòng 😣 Mình ở Hải Phòng, là 1 trong những nơi ảnh hưởng bão nặng nhất. Gia đình mình đông người, và ở rải rác quanh HP, còn mình thì đi làm xa, cảm giác lúc bão quét qua nơi mình sống, mất hết liên lạc người thân là mình bủn rủ hết tay chân đầu óc chỉ nghĩ và lo gđ mọi người thân có ổn ko. Cảm giác lúc đấy chờ đợi tin tức bất lực lắm :(( Nhưng mình may mắn hơn là gđ mình vẫn ổn và ko thiệt hại gì nhiều về tài sản. Giờ chỉ cầu chúc cho những nơi còn lũ lụt mọi ng được bình an và cố gắng qua được thời khắc vất vả này và mong cho những nơi bão đi qua sẽ nhẹ nhàng hơn một chút, có quá nhiều mất mát rồi, mẹ thiên nhiên trừng phạt như vậy là quá đủ rồi 😢","2024-09-10T19:35:09.000Z","0"
"X4LVHA10Xuc","UgzvWOl7Nr0-1sKGuU94AaABAg","Nam mô a Di Đà","2024-09-10T16:33:38.000Z","0"
"X4LVHA10Xuc","UgzOYcplWfie64BCAbh4AaABAg","Tại sao chỗ tui nhẹ như cấp 6 v:)))","2024-09-10T16:22:36.000Z","0"
"X4LVHA10Xuc","UgyLMNHrAKenlgGTIH14AaABAg","Mô Phật t ở hanoi","2024-09-10T15:52:46.000Z","0"
"X4LVHA10Xuc","UgwqYcc-tGGys-cEgl14AaABAg","Tr tui đang ở HN mà đang có bão Gayi cấp 15 nek","2024-09-10T15:33:26.000Z","0"
"X4LVHA10Xuc","UgxdbD_vMKzLbs8kFA94AaABAg","T xem có vid đang bão to tự dưng trên sân thượng có thanh niên hả hê bơi =))","2024-09-10T14:22:55.000Z","0"
"X4LVHA10Xuc","UgzVLSQZsEZejMlHuVl4AaABAg","Mong mn bình an, tôi trong nam chỉ bt chúc cho mn ko gặp chuyện j😢.","2024-09-10T14:21:37.000Z","0"
"X4LVHA10Xuc","UgwArNh2sLG80Y4tBcx4AaABAg","😂😂😂😂😂😂😂😂
😀😀😀😀😀😀😀😀","2024-09-10T14:21:27.000Z","0"
"X4LVHA10Xuc","UgxFcDOcbZSeIrCNvXp4AaABAg","bão ghê quá","2024-09-10T14:18:35.000Z","0"
"X4LVHA10Xuc","Ugxd-PPkP9UUflTShGR4AaABAg","😮","2024-09-10T14:18:13.000Z","0"
"X4LVHA10Xuc","Ugyg6KNeX-MXINnlk9J4AaABAg","Tui  bị  bay nong","2024-09-10T13:59:49.000Z","0"
"X4LVHA10Xuc","Ugy-rJ97LZwNesUTu_t4AaABAg","Trời ơi tôi bị bệnh mà gặp cái cảnh này một cái muốn hết bệnh luôn á bay😅","2024-09-10T13:58:49.000Z","0"
"X4LVHA10Xuc","UgzhLQNejYhGnU520lV4AaABAg","Miềm nam có bão ko ạ 😢","2024-09-10T13:49:12.000Z","0"
"X4LVHA10Xuc","UgxUan1wp4WmQFq2oUd4AaABAg","🎀✨Ủa có hả chỗ tui bình thường mò 🎀✨","2024-09-10T13:35:19.000Z","0"
"X4LVHA10Xuc","Ugye62EN2IVfHvl2TI94AaABAg","Ai mà muốn bay như gội roket thì đây là chỗ lí tưởng đó :))))","2024-09-10T13:30:28.000Z","0"
"X4LVHA10Xuc","UgwzMsfo_T_fm8fnLD94AaABAg","T mún trải nghiệm qué à😢","2024-09-10T13:09:02.000Z","0"
"X4LVHA10Xuc","Ugy3LPIrTwj1RJxH53t4AaABAg","Bên đó là trung Quốc cha ơi là cha","2024-09-10T13:08:25.000Z","0"
"X4LVHA10Xuc","UgzAqFgaZXHFWsjX-bN4AaABAg","Hên tôi miền Nam","2024-09-10T13:02:03.000Z","0"
"X4LVHA10Xuc","Ugye91M4990cgGqLIht4AaABAg","Công Đức chúc txlnlongnr sớm được vui khoẻ ở nnphilppines : để con cháu cũng được vui an lành lây ok...:::...Giữ Gìn quy tín và lễ nghi của cha hay anh2 nuôi ok.","2024-09-10T12:45:18.000Z","0"
"X4LVHA10Xuc","UgzbqGjDUJmnmoTNyNB4AaABAg","Quá kinh khủng","2024-09-10T12:30:49.000Z","0"
"X4LVHA10Xuc","UgyllHTG0w5pXFRJ2UZ4AaABAg","tui chải qqua rồi nè để tui kể tui đang ngồi trong nhà thì tự nhiên khói bốc lên tui sợ sậm nhà nên tui trui xuống gầm bàn sau đó cánh cửa nhà tui nó mở tung gia hỏng chốt luôn tui sợ nên trui vô tolet","2024-09-10T12:30:44.000Z","0"
"X4LVHA10Xuc","UgwDvXkHDOklWpDB2rd4AaABAg","😂","2024-09-10T12:26:47.000Z","0"
"X4LVHA10Xuc","Ugz86gqKDLtuj2Cj1_h4AaABAg","Nhà tôi còn bị thổi bay lóc nhà kìa 😢😢","2024-09-10T12:19:36.000Z","0"
"X4LVHA10Xuc","UgzLGzb14hCc6XwJfXZ4AaABAg","tôi ỏ bac giang","2024-09-10T12:02:23.000Z","0"
"X4LVHA10Xuc","UgwU-A_oMXTc-I5I5F94AaABAg","Năm tao lớp 4 là lúc đó có bảo lớn mà cô giáo đéo biết bảo đó tới 2 tiếng mà còn trời gầm nữa cơ Đ:","2024-09-10T11:59:51.000Z","0"
"X4LVHA10Xuc","Ugx5ynl1I5KFli8Pu4N4AaABAg","Tui mà ở đó là tui chết từ đời nào rồi😢","2024-09-10T11:49:41.000Z","0"
"X4LVHA10Xuc","Ugw4KFeOlNBYq1QpD6B4AaABAg","Hên là tôi ở Bến Tre 😂","2024-09-10T11:29:36.000Z","0"
"X4LVHA10Xuc","Ugz9i6koJ_yXDP_cTB14AaABAg","Tui ko biết nhưng tui tưởng bay ra ngoài vậy như thần gió á:)","2024-09-10T11:21:33.000Z","0"
"X4LVHA10Xuc","Ugz70Zk4jfIQ6SbRCYZ4AaABAg","Tôi miền Bắc 😢 cái cửa sắp gãy","2024-09-10T11:14:35.000Z","0"
"X4LVHA10Xuc","Ugwqp2NcrOn7hQGnTYl4AaABAg","Bảo YaGi mạnh vải","2024-09-10T10:53:53.000Z","0"
"X4LVHA10Xuc","UgyhInGa3ccKvLbhQZB4AaABAg","😢😢😢😢😢","2024-09-10T10:19:13.000Z","0"
"X4LVHA10Xuc","UgxgupRdAqbCEp6bwF14AaABAg","Ừ nghe nghĩ vui lắm và cái kết✌️","2024-09-10T10:14:47.000Z","1"
"X4LVHA10Xuc","Ugy34pfevJlnuNk_SuR4AaABAg","Hên là tui ở việt nam","2024-09-10T10:11:00.000Z","0"
"X4LVHA10Xuc","Ugzo0NAQdoMERsLFTNB4AaABAg","Nhà em trả sao hết trơn😅😅😅","2024-09-10T10:03:36.000Z","0"
"X4LVHA10Xuc","Ugw2oVY14p3PcJB_CMJ4AaABAg","245km/h giờ","2024-09-10T09:08:02.000Z","0"
"X4LVHA10Xuc","UgxRltyyYtmREUZQtoh4AaABAg","Ở miền Nam đi 😃😃","2024-09-10T08:00:43.000Z","0"
"X4LVHA10Xuc","UgxAv0JggFXiZId8rox4AaABAg","Gần nhà tôi có nhừ bị móp vào bật cả nóc tr ạ lúc đấy hoảng kinh khủng ước đc ở miền nam thật sự,sợ lắm luôn tr ạ","2024-09-10T07:20:15.000Z","1"
"X4LVHA10Xuc","UgxyInVogQLTG-ECfwp4AaABAg","_)","2024-09-10T06:35:11.000Z","0"
"X4LVHA10Xuc","UgzI5FVUVDjaGP6OtMh4AaABAg","Ở Hải Phòng có mấy cái cột thép còn bị cong cơ mà 😅😅😅😅","2024-09-10T06:19:21.000Z","0"
"X4LVHA10Xuc","UgxnOqNl_YZK--tp-O54AaABAg","Mà nè cho mik nói cái  sắp có bão mạnh hơn noru r nó sẽ hiện diện ở miền nam vào 2 tháng tới nó có cấp độ đc cho là 21, nó đang đc nghiên cứu để phòng tránh bão mạnh nhất lịch sử đc xem như là ác mộng của thế giới nó có tên là thurderside","2024-09-10T05:44:13.000Z","0"
"X4LVHA10Xuc","UgxJFOsHlYG2Cw8F7-h4AaABAg","🤯🤯🤯🤯🤯 đây là bão mạnh nhất hiện tại nhưng ...... ko bằng noru ,noru có thể làm bay luôn 1 ngôi nhà hoặc 1 ngôi trường nó đã làm ác mông cho tui","2024-09-10T05:38:10.000Z","0"
"X4LVHA10Xuc","UgwjUwSlavmvUQIbJCZ4AaABAg","Số mẹ con 😊😮🎉❤","2024-09-10T05:25:21.000Z","0"
"iUVSYD8LXYY","Ugw91cuQSDT2QPtL41Z4AaABAg","Nam mô Đại từ Đại Bi Hội Thượng Phật Bồ Tát.
Nam mô A Di Đà Phật.
Nam mô Đức Bổn sư Thích ca Mâu Ni Phật.
Nam mô Đại Thế Chí Bồ Tát 
Nam mô Địa Tạng Vương Bồ Tát 
Nam mô Tam Thế Phật Bồ Tát.
Nam mô Đức Đại Từ Đại Bi Quan Thế Âm Bồ Tát.
Nam mô Đức mẹ Thiên Thủ Thiên Nhãn  Bồ Tát ：
Nam mô Đức Đại Từ Đại Bi mẹ Nam Hải Quan thế âm bồ tát.
Nam mô Đại Từ Đại Đại Bi Tầm Thinh cứu khổ cứu nạn Quan Thế Âm bồ tát 
Nam mô Đức Hương Vân cái bồ tát.
Nam mô Đức Phổ hiền bồ tát.
Nam mô Đức Đại thế Chí bồ tát 
Nam mô Đức Đại Trí Tuệ bồ tát. 
Nam mô Đức Đại Từ Đại Bi khai pháp Tạng Bồ Tát.
Nam mô Đại Nhật Như lai bồ tát.
Nam mô Đức Thanh Tịnh Đại Hải Chúng bồ tát.
Nam mô Đức Hư không Tạng Bồ Tát.
Nam mô Bất Động Minh Vương bồ tát 
Nam mô Đức Dược sư Lưu Ly Quang Bồ tát 
Chúng con cũng như：
Nhân Dân cả Thế Giới Toàn Cầu và Con Dân của Đất nước Việt Nam thành tâm cùng hiệp nối lại tấm lòng,vòng tay nguyện cầu ： 
Đức Toàn Năng Thiên Ân ban muôn vàn ơn phước và ân sủng cho chúng con：
Dân chúng trên thế giới Toàn Cầu và Đất nước Việt Nam được bình an trước những cảnh thảm họa tàn khốc như núi lửa phun trào, sóng thần, mưa to gió lớn, bảo giông và 
lũ lụt,Triều cường và sấm sét .
cùng mọi cảnh bệnh dịch hoành hành của thế kỷ thời đại.tất cả những cảnh Thiên tai ác nghiệt.
Nay Chúng con xin thành tâm Cùng nhau một lòng Nguyện cầu cho nhân dân cả Thế Giới Toàn Cầu và Đất nước Việt Nam của chúng con Được thụ hưởng một ：
Bầu trời trong xanh quang sáng, mưa thuận gió hòa,
mùa màng bội thu, cơm no áo ấm, Thiên Hạ Thái Bình..
Nguyện Cầu cho thế giới Toàn Cầu ,Nhất là Đất nước quê hương Việt Nam sẽ được Luôn tồn danh mãi trên quả địa cầu bằng sự kiên cường đoàn kết đồng lòng mong được thụ hưởng ân sủng ,hồng ân .phúc lành của Đấng Thiên ân Toàn năng tối cao cũng như sẽ thụ nhận được sức mạnh phi thường và nghị lực đưa chúng con đến nơi bình an trên mọi miền khắp cả thế giới Toàn Cầu.
Và chúng con nguyện cầu xin những cơn bão giông cùng với lốc xoáy đang hoành hành trên khắp cả các nước,sẽ được sức mạnh thiêng liêng chuyển hóa tan thành mây khói. 
Chúng con sẽ luôn nguyện cầu  cho Bá tánh, Nhân dân trên trái đất thế giới Toàn Cầu Nhất là Đất nước Việt Nam của chúng con Tất cả Sẽ được Bình an .
🌏🌎💝💖🇻🇳🇻🇳🇻🇳🇻🇳🇻🇳🙏🙏
🙏🙏🙏🇻🇳🇻🇳🇻🇳🇻🇳💖💝🌎🌏","2025-10-15T05:10:20.000Z","0"
"iUVSYD8LXYY","UgwCxYQXCbxQ2CJ8aqV4AaABAg","có bão số 11 matmo rồi quá gê😢😢","2025-09-30T12:16:23.000Z","0"
"iUVSYD8LXYY","Ugx5G_F-xSh5eviCJgV4AaABAg","❤️","2025-09-29T11:43:07.000Z","1"
"iUVSYD8LXYY","UgzevBs9SJ0CV37CNHN4AaABAg","Cảm ơn bạn giọng nói rất hay","2025-09-27T08:28:54.000Z","1"
"iUVSYD8LXYY","UgzNhKwaeLafFcNq88l4AaABAg","BOALOI MỚI LÀ TRÙM CUỐI","2025-09-26T23:57:46.000Z","1"
"iUVSYD8LXYY","Ugy0rXp7h-6WoUgAeEh4AaABAg","Toàn nói nhăng nói cuội. Trùng ở chỗ nào","2025-09-26T09:55:30.000Z","0"
"iUVSYD8LXYY","Ugx6t8lUhnDuEp2Ipyx4AaABAg","NAM MÔ A DI ĐÀ PHẬT","2025-09-25T06:55:31.000Z","0"
"iUVSYD8LXYY","UgxLta5Il2izf9PFSCZ4AaABAg","Xin cầu nguyện cho Moi người thoát kho A Di Da Phat 🙏🙏","2025-09-24T20:10:47.000Z","3"
"iUVSYD8LXYY","Ugy7Mv-DmFiMIQUgtqx4AaABAg","tat ca la do con nguoi lam đảo lộn tu nhien cua trai dat thi phai tra gia thôi.","2025-09-24T15:35:23.000Z","2"
"iUVSYD8LXYY","Ugy2jWPQED_pfxBsECt4AaABAg","Ragasa mạnh hơn","2025-09-24T13:46:25.000Z","0"
"iUVSYD8LXYY","UgwqoI7MMe6KEXx8gfh4AaABAg","cơn bão này nó vào ngần tới việt nam miền bắc sẽ giảm cấp chủ yếu mưa không như yagi lại bão ragasa  vào trung quốc bị ma sát lại không khí lanh lại gió tren xuong","2025-09-23T13:35:58.000Z","2"
"iUVSYD8LXYY","UgyECzY51e8eh24771R4AaABAg","Hậu quả của khoa học, con người đưa vê tinh Ga lên vũ trụ thách thức thiên nhiên,, phá hoại tâng khí quyển làm mất cân bằng từ trường vũ trụ,, Nam Mô A Di Đà Phật","2025-09-22T23:10:30.000Z","1"
"iUVSYD8LXYY","UgwFRt6aNuhdFpPYGgt4AaABAg","ong troi phat dong nam chau a vi con nguoi bay gio tham lam vo do tu gia toi tre dao duc suong cap ngoay mong ngoay dit khieu dam kich duc","2025-09-22T19:27:34.000Z","0"
"iUVSYD8LXYY","UgzLRWh8x6Q3EL2fkGV4AaABAg","NAM MÔ A DI ĐÀ PHẬT 🙏🙏🙏","2025-09-22T13:12:26.000Z","1"
"iUVSYD8LXYY","UgxhbN6F0FGe9cPmu_J4AaABAg","Nam mô a Di Đà Phật. Mong bảo đi qua đừng đễ lại hậu quả.😢","2025-09-22T13:00:47.000Z","2"
"iUVSYD8LXYY","UgxEZhFSoY8xQSGZ5XN4AaABAg","NAM MO A DI DA PHẬT ❤❤❤CON XIN CÂU NGUYỆN CHO THOI GIỚI BÌNH AN CHO NGƯỜI NGƯỜI HẠNH PHÚC ❤","2025-09-22T12:32:18.000Z","1"
"BQdi7qBngZQ","UgyBfaLzqUzJ7EeAbLR4AaABAg","Chỗ tôi gặp bão kiểu +24 cái cây đa đổ","2025-11-22T01:44:39.000Z","0"
"BQdi7qBngZQ","UgwE5lon6l_7gwx-UnR4AaABAg","Bao lrama","2025-11-21T15:13:50.000Z","0"
"BQdi7qBngZQ","Ugxk36q_rNhLSsk9geJ4AaABAg","Quái vật hải yến mới là trùm🚬🗿","2025-11-18T03:28:29.000Z","0"
"BQdi7qBngZQ","Ugw4c1KzPv1pNd0wEQZ4AaABAg","bão yagi là quái vật","2025-11-14T14:15:24.000Z","0"
"BQdi7qBngZQ","Ugw5Ql78H1y14I66W0V4AaABAg","Bão yagi mạnh thật đổ hết cột điện ở khu đồng mát quản ning cột điện đổ hết nhưng nhà t k bị j chỉ bẩn do rác bay vào thoi 😊😊😊","2025-11-08T01:30:39.000Z","1"
"BQdi7qBngZQ","UgxEZsmIvrNASjfUaqp4AaABAg","gặp bão lida 1997 là vua","2025-10-31T00:24:09.000Z","7"
"BQdi7qBngZQ","UgysCcuF13CP5F5hjFB4AaABAg","Nhớ cơn bão yagi vào thẳng Hà Nội kết quả cột điện trường tui đổ + 4 cây đổ","2025-10-08T12:18:05.000Z","2"
"BQdi7qBngZQ","UgwZZc5wcEDPj3vVtZx4AaABAg","Mạnh quá lên nóc nhà tui luôn quá","2025-10-03T08:24:18.000Z","0"
"BQdi7qBngZQ","Ugxz3woGjyfF-aHZkpV4AaABAg","bão bualoi 💀☠️ bão matmo ☠️☠️☠️💀💀💀💀💀","2025-10-02T11:17:00.000Z","0"
"BQdi7qBngZQ","Ugy2aQu-EZct5l_8C0h4AaABAg","Ừ thặt","2025-09-19T13:22:13.000Z","0"
"BQdi7qBngZQ","Ugxdo4iRsZFWkbAqM9B4AaABAg","Nỗi ám ảnh của philippines","2025-08-18T23:34:49.000Z","0"
"BQdi7qBngZQ","Ugzb74RYx6T78AiHtPF4AaABAg","Khi bạn có chí và gặp đúng ngày bão 💅","2025-08-05T16:36:00.000Z","0"
"BQdi7qBngZQ","UgxlEFb-xqqjEE1nB354AaABAg","Bão cỏ may nx mà","2025-07-28T03:36:24.000Z","0"
"BQdi7qBngZQ","UgwLMZTcDv5AYS7PVdJ4AaABAg","Vẫn biết là mạnh nhưng cụ thể đổ bộ vào đâu không nói rõ ai mà biết","2025-07-28T00:25:29.000Z","0"
"BQdi7qBngZQ","UgyeTVzNeEjvRGfW5Rx4AaABAg","Nhưng đường đi nó gần giống nhau nên mới vậy","2025-07-27T08:05:15.000Z","0"
"BQdi7qBngZQ","UgxH2eiZ_-mIYKCb51h4AaABAg","12 năm trước 💀☠️","2025-07-27T02:05:53.000Z","0"
"BQdi7qBngZQ","Ugy6HE3MAiwP-3KV97p4AaABAg","Vô lí, sao bão yagi lại thành bão wipha được ?","2025-07-26T12:22:40.000Z","0"
"BQdi7qBngZQ","UgwGnboIArHMsxq5HJF4AaABAg","Nó đổ bộ đam châu rồi lại đổ bộ mà , chứ từ đâu bão yagi số 3 lại thành bão wipha số 3 được 😨","2025-07-26T12:19:26.000Z","0"
"BQdi7qBngZQ","UgyHMjNC-dOBrBbg8Gp4AaABAg","Cơn bão cuồng phong số 3 yagi đánh bay tất cả gàu ở trên đầu","2025-07-26T09:57:44.000Z","0"
"BQdi7qBngZQ","UgzfliEe7mBEF7xfr154AaABAg","ủa wipha khác yagi chứ có phải 1 đâu","2025-07-26T02:18:34.000Z","3"
"BQdi7qBngZQ","Ugw2z7eiy0VqK2pEleh4AaABAg","Wow từ bão đang to tự nhiên hồi sinh bị teo cơ👍","2025-07-24T15:09:10.000Z","4"
"BQdi7qBngZQ","UgwUvtFC8SosV87Q5u14AaABAg","Đi tắm mưa nào thôi các anh em😂😂😂🎉🎉🎉🎉❤❤❤","2025-07-22T13:57:07.000Z","5"
"BQdi7qBngZQ","UgyMVeRu-2BXIR2cgvp4AaABAg","Cringe content trash video","2025-07-22T10:12:54.000Z","3"
"BQdi7qBngZQ","UgzAcF3vrG_dmE6AGvV4AaABAg",":(:)","2025-07-22T05:54:49.000Z","3"
"BQdi7qBngZQ","UgxO8mfPWrmrxhCS33t4AaABAg",":)))))))))))","2025-07-22T05:53:52.000Z","0"
"BQdi7qBngZQ","Ugw1S6jgdm2LWYI_4cx4AaABAg","bão mạnh quá","2025-07-22T03:39:56.000Z","19"
"txoBJsGx_oM","UgzR_PoAsd092BVOIud4AaABAg","Nhưng sagara bên thái lan rồi miền trung và bắc chuẩn bị đón nhận bualoi đê","2025-09-26T12:52:03.000Z","0"
"txoBJsGx_oM","UgxF5U63_o4HX_jXyuF4AaABAg","Chắc nó thấy mk cầm dân chủ nên nó tan bín","2025-09-25T13:52:01.000Z","0"
"txoBJsGx_oM","UgzFNeE2EJOtZZq_VQl4AaABAg","Bão ragasa bão ra ga sa có thể mạnh tới 92% sức mạnh của bão yagi","2025-09-25T04:04:00.000Z","0"
"txoBJsGx_oM","UgwWwemxORYPTZNMpoh4AaABAg","Khi ragasa đổ bộ vào VN thì sức gió của nó chỉ bằng 1 nửa yagi","2025-09-24T16:58:26.000Z","0"
"txoBJsGx_oM","Ugx_sWSr4jMy-F_yAlh4AaABAg","Ê nó có tới phước Long ko v:) 🤡 tại hơi ngáo á:))","2025-09-24T14:41:26.000Z","0"
"txoBJsGx_oM","UgzxgdCdRWcIb_o_rCR4AaABAg","Mong bão đổ bộ sớm hơn","2025-09-24T14:31:56.000Z","0"
"txoBJsGx_oM","Ugzup-FHoFfG2qIgOa14AaABAg","Ko biết đất nước nào 😂","2025-09-24T13:08:48.000Z","0"
"txoBJsGx_oM","Ugw7VoxlsmdwxuEpeWN4AaABAg","Trùng sinh thành cơn bão nhỏ ta liền trở thành cơn bão lớn nhất để trả thù 😂😂😂","2025-09-24T06:24:15.000Z","1"
"txoBJsGx_oM","UgwEjXaTQu2Ynye91T94AaABAg","yagi kiểu :"" tôi quyết trùng sinh trở thành ragasa ""
","2025-09-24T04:19:54.000Z","3"
"txoBJsGx_oM","Ugwr8tOgY9XuWS863qB4AaABAg","Ê trùng bão hả 5 tháng 8 âm lịch 😂😂😂 cái gì kì vậy kkk thiệt ragasa mạnh thiệt á nó mới ở ngoài biển đông thôi mà cả 31 tỉnh thành việt nam mưa hết mây đen không","2025-09-23T13:00:19.000Z","10"
"txoBJsGx_oM","Ugw9VZEVjYi0wH36ZJp4AaABAg","Nam mô quán thế âm bồ tát","2025-09-23T11:48:36.000Z","9"
"txoBJsGx_oM","UgzX2f6xCRV0iFE--9x4AaABAg","💀💀💀⚰⚰⚰","2025-09-23T11:29:02.000Z","1"
"txoBJsGx_oM","UgygZJ-BmaoULRSwL4V4AaABAg","💀","2025-09-23T10:47:03.000Z","1"
"o7ZtrWhpDVE","UgyU1KEs1l6NffgDuJV4AaABAg","Em sinh năm 2017 
Sorry 😔","2025-11-06T15:50:17.000Z","0"
"o7ZtrWhpDVE","Ugy01J86MEcZ5oAHFEB4AaABAg","Sandy là tên bạn em đó chị❤❤❤❤❤❤❤","2025-11-04T13:53:01.000Z","0"
"o7ZtrWhpDVE","UgxdKYyk9q-uTSYqSrl4AaABAg","Tôi nghĩ là bola😢","2025-11-01T05:27:56.000Z","0"
"o7ZtrWhpDVE","UgxsakshoV-INY69pB54AaABAg","Em Em thích nước bồ Đào Nha quá rồi ❤❤❤❤❤❤","2025-10-29T11:04:47.000Z","0"
"o7ZtrWhpDVE","Ugz6VxSv6Xo5YJWdgZt4AaABAg","chị ra video tảy chay nước bồ Đào Nha đi ạ ❤❤❤❤❤❤❤","2025-10-29T11:03:00.000Z","0"
"o7ZtrWhpDVE","UgxNZ8VH_uebopQvBFV4AaABAg","Tưởng có Linda chứ","2025-10-27T08:21:58.000Z","0"
"o7ZtrWhpDVE","UgyWN46Gyooa4t3SYXF4AaABAg","Quê tui ở Lào Cai khi tui về á núi bị sạt lở như vết cào thiên nhiên vậy đó nhà thì là nhà gõ nhà em con bị ngập ns","2025-10-19T12:06:08.000Z","0"
"o7ZtrWhpDVE","Ugx47thiVQ4CZ5sN0x14AaABAg","50km/h","2025-10-12T10:38:07.000Z","0"
"o7ZtrWhpDVE","Ugx_6WDXgDwjfywHpMp4AaABAg","Bão yagi","2025-10-12T10:36:02.000Z","0"
"o7ZtrWhpDVE","UgwFXQh8pzMrpcHYm5h4AaABAg","Mong nước mông mềm đó sống được","2025-10-12T06:34:21.000Z","0"
"o7ZtrWhpDVE","UgyQi9WT779lvAZHe694AaABAg","Linda là cơn bão phá vỡ chuỗi 100 năm của miền nam á anh em","2025-10-11T14:45:26.000Z","0"
"o7ZtrWhpDVE","UgxXsXBQ1m1jo6mZaUx4AaABAg","liệu còn ai nhớ el reno 2013","2025-10-11T09:02:30.000Z","0"
"o7ZtrWhpDVE","UgyyV_f7vdzK0JKh_rJ4AaABAg","em ở Hải Phòng á sợ lắm","2025-10-11T01:57:42.000Z","0"
"o7ZtrWhpDVE","UgyRlpAhDX1CDGkBgix4AaABAg","😮đây là bảo mặt quỷ mà nhà tôi từng bị bay nóc nhà mà","2025-10-10T15:43:38.000Z","0"
"o7ZtrWhpDVE","Ugzur1sDKXg14iLMdxl4AaABAg","bao matmo chung toi khong bi anh huong do o bac kan nhung toi cung donate cho cac ban ben tren mien bac","2025-10-10T14:56:09.000Z","0"
"o7ZtrWhpDVE","Ugwjkbq4iaZJ-NxMMzd4AaABAg","Bão Bualoi và siêu bão HALONG nx mà","2025-10-10T14:53:33.000Z","0"
"o7ZtrWhpDVE","Ugz_dHvRcBJUITb7gX14AaABAg","em có nhớ forrida có cả mưa sấm sét","2025-10-10T14:47:50.000Z","0"
"o7ZtrWhpDVE","UgwV0BiynpWAUeHiqZN4AaABAg","Linda mới nghe","2025-10-09T11:41:28.000Z","0"
"o7ZtrWhpDVE","UgyNFh7cQDJT92D5MAB4AaABAg","Sáng vì tôi ở Quảng Ninh rồi","2025-10-08T00:54:10.000Z","1"
"o7ZtrWhpDVE","Ugx8xuscq9fommy_jDB4AaABAg","bão matmo đi","2025-10-07T04:16:23.000Z","0"
"o7ZtrWhpDVE","UgyvIZF9ZcSUQsr-lhJ4AaABAg","TEAM  HƯNG YÊN GIƠ TAY","2025-10-06T13:16:51.000Z","0"
"o7ZtrWhpDVE","UgwBf3UK6pHqiOSig9Z4AaABAg","em tin bao nua  b ao so 11 da ve hn hp  hungyen","2025-10-05T12:09:34.000Z","0"
"o7ZtrWhpDVE","Ugw3uynRS_DxKWV9kJB4AaABAg","mình cảm giác ragasa ở hà nội hơi phèn thì phải","2025-10-05T09:18:40.000Z","0"
"o7ZtrWhpDVE","Ugy8-oAF9LH5Fu4qoMp4AaABAg","Có bão Matmo nữa 
❤❤❤","2025-10-05T00:45:46.000Z","0"
"o7ZtrWhpDVE","UgzTdL_rCHGJGyuDjFV4AaABAg","10:Bualoi
9:Ragasa","2025-10-04T15:40:53.000Z","0"
"o7ZtrWhpDVE","UgxdZtpgfGmhGZS-2Zh4AaABAg","Ngày mai là báo cấp 11 rồi ☠️☠️☠️☠️","2025-10-04T12:17:55.000Z","0"
"o7ZtrWhpDVE","UgzzVNcn4Jg6aDPcE0V4AaABAg","Yagi mà em ở vũng tàu mà chỉ mưa lớn thôi 😅😅😅","2025-10-04T04:26:09.000Z","0"
"o7ZtrWhpDVE","UgyxP1oYsuG1EEqGwy14AaABAg","Khổ quê bắc ninh và thái nguyên của em quá","2025-10-04T04:21:16.000Z","0"
"o7ZtrWhpDVE","Ugxy2Nchjb0l1E_JbLZ4AaABAg","Có bão bualoi nữa chị ơi","2025-10-04T00:51:02.000Z","0"
"o7ZtrWhpDVE","UgxCVG3iMgK5blJdbld4AaABAg","bão mặt quỷ 💀","2025-10-03T15:12:31.000Z","0"
"o7ZtrWhpDVE","UgyKhXnBHH-dp0GtsO14AaABAg","tôi sợ bão lắm❤❤❤","2025-10-03T14:08:21.000Z","0"
"o7ZtrWhpDVE","UgydCkyEgRlNZDzG-uB4AaABAg","Mã số 11 năm 2025 còn sợ hơn","2025-10-03T14:02:30.000Z","0"
"o7ZtrWhpDVE","UgzF30GJmlXyvOIB3MB4AaABAg","Ủa? Maria là đức mẹ mà","2025-10-03T12:52:22.000Z","0"
"o7ZtrWhpDVE","Ugy6dAZrnDwvJVyawtZ4AaABAg","Có bão 13","2025-10-03T05:26:58.000Z","0"
"o7ZtrWhpDVE","Ugxh-NMO-l-31z1zcGd4AaABAg","Có bão 12 và 13","2025-10-03T05:24:41.000Z","0"
"o7ZtrWhpDVE","UgxvYZYFU-rBB4Aahy14AaABAg","Chị làm về Tam Quốc đi","2025-10-03T03:43:03.000Z","0"
"o7ZtrWhpDVE","UgzJHseNWDFcgcCjRXl4AaABAg","😢😮😮😮","2025-10-02T13:53:33.000Z","0"
"o7ZtrWhpDVE","Ugz26geOBbyRJWqRsrh4AaABAg","Nhưng còn matma
Yagasa Philippines gánh rồi","2025-10-02T12:48:06.000Z","0"
"o7ZtrWhpDVE","UgzP8imDDQKG3pagwc14AaABAg","Có bão 12 rồi","2025-10-02T12:14:11.000Z","0"
"o7ZtrWhpDVE","UgwLpKYuAce3Chx2Qy94AaABAg","Bualoi đâu","2025-10-02T12:05:06.000Z","0"
"o7ZtrWhpDVE","UgzoxSv_s0dX9_ARKmx4AaABAg","dì em ỏ Can Lộc . nhà dì em bị tróc mái","2025-10-02T09:33:39.000Z","0"
"o7ZtrWhpDVE","Ugx8jZwarpt_vUP_qOJ4AaABAg","em ở hương sơn tỉnh hà tịnh nên là  bão số 10 đến thì nhà em đã lụt đến 1 bậc tam cấp rồi . một tý nữa là vào nhà . nhưng may mắn là nó đã rút . thứ 2 lúc đó lụt lội , mất diện  . đếm tối lại có điện và lúc chiều nó rút xuống","2025-10-02T09:33:12.000Z","0"
"o7ZtrWhpDVE","UgzM4dbSErlW3DjxJAV4AaABAg",":( tháng 10 có 4 cơn bão","2025-10-02T06:14:16.000Z","0"
"o7ZtrWhpDVE","UgzvxDwpaGNgEuh0jgV4AaABAg","Ko có cách phá hủy cơn bão nhỉ 😢","2025-10-01T23:48:33.000Z","0"
"o7ZtrWhpDVE","Ugwy2atE81DrG-lUk5p4AaABAg","Chỗ em có mưa rồi còn có sét đánh nữa ạ","2025-10-01T12:17:27.000Z","0"
"o7ZtrWhpDVE","UgwMKRXKWSdSJeV9GHl4AaABAg","Có báo là Do con người chặt Cây 🌲🌳🌴🌱🌿","2025-10-01T10:40:29.000Z","0"
"o7ZtrWhpDVE","Ugx8ZTmPcAbldKHaBkN4AaABAg","Chị làm báo số 10 báo buala Đi báo đó Mạch lắm","2025-10-01T10:39:43.000Z","0"
"o7ZtrWhpDVE","UgzLZ19JAspYEQ-Z7up4AaABAg","Bao lô sắp vô tới rồi cj ơi","2025-10-01T08:23:10.000Z","1"
"o7ZtrWhpDVE","UgzGBwZYRIwIANZm1TN4AaABAg","Báo ra ghi là một lối khiếp sợ thôi","2025-10-01T05:06:21.000Z","0"
"o7ZtrWhpDVE","UgwxD6IsRM-RMPAcJR14AaABAg","Còn 1 báo nx đang hình thành","2025-10-01T01:21:19.000Z","0"
"o7ZtrWhpDVE","Ugzej1eGz6Y7J_7dREV4AaABAg","Bão hải Yến","2025-10-01T00:25:02.000Z","0"
"o7ZtrWhpDVE","UgwVtQJ8ifb5SjSu0OZ4AaABAg","Bình dương mình cứ uống trà thôi😇😇😇","2025-09-30T23:38:47.000Z","0"
"o7ZtrWhpDVE","Ugzg8rjs_iW8m1Oi4DN4AaABAg","bão nào tui có sợ au","2025-09-30T15:05:03.000Z","0"
"o7ZtrWhpDVE","UgzdABuDjtxaurl8UVd4AaABAg","Em thì là sợ nhất bão Yagi năm 2024","2025-09-30T13:59:16.000Z","10"
"o7ZtrWhpDVE","UgyzQPAuzj3mzCAG9Qd4AaABAg","😨😰😨😰😨?","2025-09-30T11:18:51.000Z","0"
"o7ZtrWhpDVE","UgyMQfQUgSVH2pEnr6V4AaABAg","Cô ơi con nghe là còn bảo buala","2025-09-30T10:43:29.000Z","15"
"o7ZtrWhpDVE","Ugw5TUMLckGYkDgDOp54AaABAg","có bão số 11 rồi😢","2025-09-30T09:12:39.000Z","1"
"o7ZtrWhpDVE","Ugwh-U_j_DpCduJixK54AaABAg","bão ragasa còn cấp 9 đến 10 đây này","2025-09-30T09:07:53.000Z","2"
"o7ZtrWhpDVE","UgwXDKkFxhY-6g1vOcp4AaABAg","Không có Hải Yến 2013 là 1 thiếu sót rất lớn","2025-09-30T05:26:48.000Z","2"
"o7ZtrWhpDVE","UgxZY_-SGkzyRGUbMGh4AaABAg","😢😢😢😢","2025-09-30T04:35:50.000Z","0"
"o7ZtrWhpDVE","UgxG4o05BKJc59uZHCF4AaABAg","sức mạnh của mẹ thiên nhiên","2025-09-30T02:57:29.000Z","4"
"o7ZtrWhpDVE","UgxoxALtPZtIuvMJBFd4AaABAg","Sao trong tên của mẹ Maria","2025-09-29T15:15:22.000Z","0"
"o7ZtrWhpDVE","UgzgS05c7IDzViwSig14AaABAg","Sợ quá 😂😂","2025-09-29T14:31:07.000Z","0"
"o7ZtrWhpDVE","UgzPe-fM0Np77jNQAoN4AaABAg","RASAGA ???","2025-09-29T13:25:21.000Z","0"
"o7ZtrWhpDVE","Ugz86QfBNVO90ouSqzR4AaABAg","Xe máy lạnh luôn quá trời","2025-09-29T12:54:33.000Z","0"
"o7ZtrWhpDVE","Ugx4ws_boknkUQZubrd4AaABAg","Bão số 10 đổ bộ là giấy cấp chín đấy","2025-09-29T12:36:05.000Z","0"
"o7ZtrWhpDVE","Ugwi_9bTc7KmurZYuRd4AaABAg","Vãi ò sắp có bão 11😢😢","2025-09-29T09:09:21.000Z","1"
"o7ZtrWhpDVE","UgxmlYVocTE74oWWk_N4AaABAg","Bảo nhiều là do tác động công nghiệp của con người đấy .","2025-09-29T07:36:51.000Z","1"
"o7ZtrWhpDVE","UgyeqmDNYSdscnSpTIh4AaABAg","Mik ở hp nè nhìn ghê vãi lun 😓","2025-09-29T01:29:23.000Z","1"
"o7ZtrWhpDVE","UgzUOFruT8rtlTJQaY54AaABAg","Chị làm về bão Tip ik","2025-09-29T01:02:51.000Z","1"
"o7ZtrWhpDVE","UgztxuB1borcLGcOJ4p4AaABAg","Yagi , Nasaga rồi đến Bualoi","2025-09-28T23:40:42.000Z","1"
"o7ZtrWhpDVE","Ugx7OK27QAlA6LKNBe94AaABAg","Lúc em coi lại cái video này em nhớ lại hồi em đi học mà có bão yagi trường em ngập lụt luôn","2025-09-28T18:13:00.000Z","1"
"o7ZtrWhpDVE","UgzfnsAx2ZB5kJM2tiR4AaABAg","My chừng nào mới hết cơn bão vậy🇻🇳🇻🇳😭😭","2025-09-28T17:34:19.000Z","1"
"o7ZtrWhpDVE","UgwO1Eb6FDeVWVmlvB94AaABAg","Tôi ở Cai Lậy Mà Hên quá🌪🌊❌","2025-09-28T17:30:11.000Z","1"
"o7ZtrWhpDVE","UgweNDzNJPtsYPRxWOx4AaABAg","Hên quá chỗ tôi không có","2025-09-28T17:29:06.000Z","1"
"o7ZtrWhpDVE","UgzoJrc8Z3hbuLh-wVd4AaABAg","ở miền trung đang có bão số 10 bualoi chị ơi😢😢😭😭🥹🥹","2025-09-28T16:45:02.000Z","1"
"o7ZtrWhpDVE","UgyU2pB1Ptc2Moll4QV4AaABAg","😢😢😢","2025-09-28T15:08:28.000Z","0"
"o7ZtrWhpDVE","UgykA0O1gIl7TV046M14AaABAg","Chị ơi trong 1 video của mr beast là mời tất cả ng trên từng quốc gia đến tham gia thì làm sao mà anh ấy lại mời đc người triều tiên vậy ạ ???","2025-09-28T14:29:26.000Z","0"
"o7ZtrWhpDVE","UgzX2q2ew3qkkX7PvCF4AaABAg","Chị làm về Gia Cát Lượng được ko","2025-09-28T14:27:46.000Z","1"
"o7ZtrWhpDVE","UgwwutuSK26sWqXa9jN4AaABAg","Có lần em đã nhìn thấy một cơn lốc xoáy ở giữa đường trong lúc đang về nhà cùng với mẹ,nó xuất hiện ở ngay cái cầu vượt luôn con xung quanh là những cái chung cư😢😢😢","2025-09-28T14:23:17.000Z","1"
"o7ZtrWhpDVE","UgwQcifo_y_EtMnMGQ54AaABAg","sao không co bao buoloi","2025-09-28T14:14:23.000Z","0"
"o7ZtrWhpDVE","Ugz2k4n2vhuELotYNdd4AaABAg","Lòng tham của con người là tạo lên điều ác còn đồng tiền mà che mờ mắt cũng vì đồng tiền chuyện gì cũng giám làm hết","2025-09-28T13:56:00.000Z","1"
"o7ZtrWhpDVE","Ugx8MW_WBxiWkOKHWTh4AaABAg","Em muốn tiền vì không còn đi học nữa và em ước có thật nhiều tiền và sức khỏe để có thể làm nhiều việc và nhiều điều tốt để cứu giúp hoàn cảnh khó khăn","2025-09-28T13:43:49.000Z","0"
"o7ZtrWhpDVE","UgzID3RpMFYFR41VJ3p4AaABAg","Ragasa mạnh hơn yagi","2025-09-28T13:21:35.000Z","1"
"o7ZtrWhpDVE","UgwJZfPJZi09N6gujPV4AaABAg","Bão số 10","2025-09-28T12:37:16.000Z","0"
"o7ZtrWhpDVE","UgzkQ8tUeJzx7xbQQWl4AaABAg","Ragasa","2025-09-28T11:51:21.000Z","4"
"o7ZtrWhpDVE","UgyFAcuIyq29LUppUg54AaABAg","Bão số5 1986 là con bão có đường đi lạ nhất thế giới","2025-09-28T11:15:38.000Z","1"
"o7ZtrWhpDVE","UgxGyCqj9lZk8Y5yW6R4AaABAg","Bualoi","2025-09-28T11:09:17.000Z","1"
"o7ZtrWhpDVE","Ugy1P8126PivorWshc14AaABAg","Mong làm video clip bí ẩn về nhảy đương đại múa đương đại múa ballet jazz dance","2025-09-28T10:54:24.000Z","6"
"o7ZtrWhpDVE","Ugw77UcLYZ3ME6FmGvR4AaABAg","Mong làm video clip bí ẩn về bóng rổ bóng chuyền bóng chày bóng bầu dục","2025-09-28T10:52:10.000Z","4"
"o7ZtrWhpDVE","UgygLR_UGnRFWkxOU5Z4AaABAg","Mong làm video clip bí ẩn về robot máy hút bụi lò vi ba lò nướng lò vi sóng bếp ga bếp điện bếp than bếp từ bếp hồng ngoại bếp dầu","2025-09-28T10:50:51.000Z","4"
"o7ZtrWhpDVE","UgySLeeuoUDn5WHzMHd4AaABAg","Mong làm video clip bí ẩn về dj nghề công nhân phi công nội trợ bí ẩn về nghề cảnh sát cơ động cảnh sát giao thông lính cứu hỏa và hãy tìm đủ mọi cách khôi phục video clip bí ẩn về mc công an","2025-09-28T10:44:51.000Z","18"
"o7ZtrWhpDVE","UgxPETtCFzelt6H9ugl4AaABAg","ơ bão bualoi đâu","2025-09-28T10:41:43.000Z","1"
"o7ZtrWhpDVE","UgxU5QSB4fTdgwTwdMx4AaABAg","Xem lại lại nhớ đến Yagi năm ngoái e ở Hải Dương nhiều người bảo ở Hải Dương ko có bão to mà có thì cũng rất rất lâu rồi và cứ nghĩ ko sao đâu nhỏ ấy mà ai ngờ đâu nhiều nhà tốc mái cây cối đổ hết xong còn bị mất mùa vì bị đổ hết lúa . Thế mà 1 năm rồi đấy chị ạ","2025-09-28T09:58:10.000Z","0"
"o7ZtrWhpDVE","UgxqPGy53eHNpMoJ0-R4AaABAg","Bão thì khủng khiếp và kinh hoàng nhưng nhà em bao nhiêu năm nay chưa bị ảnh hưởng gì kể cả bão yagi mà năm ngoái bão vào Hải Phòng😅😢😢😢😅😢😢","2025-09-28T09:25:47.000Z","1"
"o7ZtrWhpDVE","Ugzf5niWjHHoMrEBBfZ4AaABAg","Guảng ninh em bị mắt điện 🙀🙀🙀🙀🙀🙀🙀🙀","2025-09-28T09:25:21.000Z","0"
"o7ZtrWhpDVE","UgzbdFVamXT2oq9i05B4AaABAg","Êy thấy anh tui bảo là tầng ozone thủng á 💔💔💔💔💔💔","2025-09-28T09:25:12.000Z","1"
"o7ZtrWhpDVE","UgxSkidvDa-XGIu9ibl4AaABAg","tip và patric kiểu","2025-09-28T09:23:27.000Z","1"
"o7ZtrWhpDVE","UgwPfAWZTT54hCRbxJd4AaABAg","video 2 có xe săn bão tv2 kìa","2025-09-28T09:10:33.000Z","2"
"o7ZtrWhpDVE","Ugz2d-VpFpOEz3dnOfN4AaABAg","bão yagi","2025-09-28T09:06:05.000Z","1"
"o7ZtrWhpDVE","Ugy6qxg8DU03zKvAHbN4AaABAg","ối rồi ôi","2025-09-28T09:05:13.000Z","0"
"o7ZtrWhpDVE","Ugx0WxEIsVehjBswSZV4AaABAg","còn siêu bão ragasa thì sao","2025-09-28T09:03:30.000Z","0"
"o7ZtrWhpDVE","UgzjYb6UKS-c97Bvx4N4AaABAg","tôi đã sợ ma còn có bão mặt quỷ thì thôi ám ảnh luôn 999 năm","2025-09-28T09:02:39.000Z","1"
"o7ZtrWhpDVE","UgzF4uIer3gmiiK1TOJ4AaABAg","Sao bão cấp 4 Vận tốc 300km/h mà bão cấp 5 vận tốc gió  250km/h","2025-09-28T08:56:30.000Z","0"
"o7ZtrWhpDVE","Ugw-HX_T1kRB8y5ItfF4AaABAg","Thế còn bualoi thì sao 🤔🤔🤔🤔🤔","2025-09-28T08:43:24.000Z","1"
"o7ZtrWhpDVE","UgzoRBKgpafL7xyf3tV4AaABAg","Siêu bão Haiyan đâu chị?","2025-09-28T08:41:40.000Z","0"
"o7ZtrWhpDVE","UgzY1Koss3eoyWi-FQh4AaABAg","Hình như 7 lời tiên tri ứng nghiệm rồi chị ơi","2025-09-28T07:55:42.000Z","0"
"o7ZtrWhpDVE","UgxpSHthuNPrXfK9ZDF4AaABAg","bão số 10 nữa","2025-09-28T06:57:58.000Z","2"
"o7ZtrWhpDVE","UgwPVnD-32hnAufOn714AaABAg","Rv nước tăng lực monster đi","2025-09-28T06:55:55.000Z","2"
"o7ZtrWhpDVE","UgyaCu7ktgNjdlvbDDR4AaABAg","Chỗ em bão số 10","2025-09-28T06:22:26.000Z","1"
"o7ZtrWhpDVE","Ugw7WyVek92u3b0SoXB4AaABAg","💀☠️💀☠️💀☠️💀☠️💀☠️💀☠️☠️☠️☠️☠️☠️😭😭😭😭😭😭","2025-09-28T06:05:49.000Z","0"
"o7ZtrWhpDVE","UgyUqS4RQougHpaBcuh4AaABAg","Luật nhân quả đó chị","2025-09-28T05:52:10.000Z","5"
"o7ZtrWhpDVE","UgxZr3FRNjQd5gltRaB4AaABAg","Vãi đạn đáng sợ vãi☠","2025-09-28T05:42:00.000Z","4"
"o7ZtrWhpDVE","UgxzzQ8wezuiTO8lx6l4AaABAg","Chị làm về Gundam được không chị","2025-09-28T05:38:29.000Z","0"
"o7ZtrWhpDVE","Ugy99o0fFafcilIhxYt4AaABAg","Toàn cơn bão ghê😢 rồi bão mới nx😢","2025-09-28T05:01:43.000Z","2"
"o7ZtrWhpDVE","UgxSQZ5Rc0Lpma25qtl4AaABAg","Cơn mưa bão siêu mạnh ở philippines và trung quốc","2025-09-28T04:53:38.000Z","4"
"o7ZtrWhpDVE","Ugww2v6_pCRkA3I0jud4AaABAg","ở thanh hóa em dang mưa to chị ạ","2025-09-28T04:48:35.000Z","1"
"o7ZtrWhpDVE","Ugy0QdXHcWbJl847NgZ4AaABAg","😱😱😱😱😱😱😱🙏🙏🙏🙏🙏🙏🙏","2025-09-28T04:48:12.000Z","0"
"o7ZtrWhpDVE","Ugyds8xh7b-EZBiGihN4AaABAg","Ám ảnh...!!!!","2025-09-28T04:07:15.000Z","8"
"o7ZtrWhpDVE","UgxXUNSW9jJrIxgyf4d4AaABAg",":O","2025-09-28T04:03:36.000Z","0"
"o7ZtrWhpDVE","Ugxwb5WrjJkZgxXejxR4AaABAg","em coi sông","2025-09-28T03:46:24.000Z","0"
"o7ZtrWhpDVE","UgzYbs_MfrxHW8Fw-2J4AaABAg","Chị ơi bão Bualoi (tức là bão số 10) đến rồi chị ơi😢","2025-09-28T03:36:42.000Z","2"
"o7ZtrWhpDVE","UgzOYwySjD2gf_OZ8QJ4AaABAg","Còn bualoi","2025-09-28T03:20:02.000Z","3"
"o7ZtrWhpDVE","UgyCWW8cpFoc1wPYE7h4AaABAg","❤❤❤❤❤❤❤❤❤❤❤😢😢😢😢😢","2025-09-28T03:15:03.000Z","1"
"o7ZtrWhpDVE","UgxmXQP3jhcVm4nBPgp4AaABAg","Cũng là những cơn gió nhưng mà gặp gió bão thì hồn bay phất lạc luôn. Sợ lắm bạn ạ","2025-09-28T03:11:11.000Z","11"
"o7ZtrWhpDVE","Ugy6Wh2SvSLEyGxSRp94AaABAg","Việt Nam  mình  đang  bị  bão  đây  đang  mưa   sợ  khiếp 😢😢😢","2025-09-28T02:59:59.000Z","1"
"o7ZtrWhpDVE","UgwEeGGWP9sc-S3lygN4AaABAg","Em mong chị rep nha chị kính lúc xinh gái😊","2025-09-28T02:47:15.000Z","2"
"o7ZtrWhpDVE","UgwITalqs1eYfW_QvD94AaABAg","Hôm qua chỗ em mưa to lắm em sợ là có bão","2025-09-28T02:44:24.000Z","0"
"o7ZtrWhpDVE","UgyNEViPwbmUFGOfjuB4AaABAg","Sau chị làm clip iPhone làm từ gì đi","2025-09-28T02:41:21.000Z","0"
"o7ZtrWhpDVE","Ugxdf1G2GZc31_0jkv14AaABAg","_Lúc em coi video của chị là ở Bạc Liêu của em đang mưa._","2025-09-28T02:40:15.000Z","12"
"o7ZtrWhpDVE","UgyB065224ktU-lF9xZ4AaABAg","Mình rất thích trời mưa bão vì nó mát 🤗","2025-09-28T02:32:02.000Z","11"
"eREkoElSDiI","Ugy6doSEQFzQK5qnHQB4AaABAg","Pisen - Không khen không được 
Pin sạc dự phòng Pisen: 
- Bảo hành 24 tháng. 
- Đầy đủ giấy chứng nhận chất lượng không lo cháy nổ. 
- Gói bảo hiểm 2tr đô. 
Website: https://pisenvietnam.vn/san-pham/sac-du-phong-71/","2024-09-06T14:01:35.000Z","32"
"eREkoElSDiI","UgyJc_ty3aLqAsJsBOV4AaABAg","HN hay miền bắc nó co bốn mùa xuân.hạ .thu.đông mà mùa nào cũng vó cái đẹp của nó. Thằng này mùa nào nó cũng chê nọ kia .mày thích thì qua Campuchia hay vô Bình phước Dăknong mà sống ở đó chỉ có hai mùa mưa và nắng rồi biết xem mày có nóng cháy da có khát cháy họng k","2024-09-22T14:40:37.000Z","0"
"eREkoElSDiI","Ugy6F0hHnzPPqFKUzh14AaABAg","Tuấn phân tích lại làm mình nhớ đến vụ cháy rừng ở Úc. Hồi mình học ở đó hỏi các bác lớn tuổi trong cộng đồng thổ dân mới hiểu, cháy rừng dù là thảm họa, nhưng không có cháy rừng thì hệ sinh thái Úc cũng bị ảnh hưởng. Và cứ khoảng 10 năm sẽ lại có 1 vụ cháy lớn, nên cái chính cần tập trung là công tác ứng phó thảm họa, chuẩn bị đủ nhu yếu phẩm, có chỗ cho dân sơ tán...","2024-09-14T12:03:30.000Z","0"
"eREkoElSDiI","Ugyx_x-cifGW7ro5FvR4AaABAg","cái gì cũnh có 2 mặt cả..  có như này mới biết đc đồng bào ta thương nhau như nào nó cũg làm tăng tính đoàn kết dân tộc mình!! buồn thì vẫn buồn mà vui thì vẫn cứ phải tích cực","2024-09-13T06:58:43.000Z","0"
"eREkoElSDiI","UgxiuKZXSjcyZgJy7tZ4AaABAg","Nghe anh Tuấn Tiền tỉ quảng cáo suốt ngày sạc dự phòng pinsen, tối qua em quyết định mua thử 1 cái xem có tốt như lời đồn không?","2024-09-11T07:26:09.000Z","0"
"eREkoElSDiI","Ugxs2og6L1QYE0bBqAJ4AaABAg","nhac nen am thanh nhu vay lla  chuon  , nghe anh noi rat ro rang👍","2024-09-11T07:14:41.000Z","0"
"eREkoElSDiI","UgxSUi1owccEWzErZhx4AaABAg","Tuấn ah a chỉ muốn gởi gắm em là ở đâu cũng có nghèo giàu,nếu em nói dân miền Trung nghèo chết mẹ thì a hoàn toàn ko đồng ý với em nhé.dân miền trung đúng là ko được thiên nhiên ưu đãi nhưng có nghĩa dân miền trung nghèo hết nhé em,đó cũng là phân biệt vùng miền đấy…","2024-09-11T04:09:41.000Z","0"
"eREkoElSDiI","UgzNB1_UNhF2JjJZ7hZ4AaABAg","Mâu thuẫn quá. Bảo k có bão thì mình sống 40t mà bảo bọn châu âu cả đời không có bão vậy nó sống sao 40t à","2024-09-10T15:43:15.000Z","0"
"eREkoElSDiI","UgzMZi4ZDgxt5NL0nON4AaABAg","Qua dfowtj bão này e Tuấn TT chắc bán nhẵn kho Pin sạc dự phòng  rồi ý gì???👍❤️❤️😁","2024-09-10T05:59:17.000Z","0"
"eREkoElSDiI","UgwL9uzQvi56KH3xr-94AaABAg","4:00 ý nghĩa đỉnh cao","2024-09-10T02:04:09.000Z","0"
"eREkoElSDiI","UgykwoHJLInCx2ng9qB4AaABAg","ông tuấn tiền tỷ có vẻ ác cảm với phương tây nhỉ, ông cứ tư tưởng tự mãn đất nước như thế thì cũng là cái hại đấy!","2024-09-09T13:07:28.000Z","0"
"eREkoElSDiI","UgzGTmbwRXUs8APhHFV4AaABAg","lại lôi thang đầu bếp dưa chuột ra rồi hâhah","2024-09-09T08:26:17.000Z","0"
"eREkoElSDiI","UgwTJsZXh-Y1_UWbYyp4AaABAg","❣❣❣❣❣❣❣","2024-09-09T02:09:23.000Z","0"
"eREkoElSDiI","Ugye_lMpZXbZG8Jg7SZ4AaABAg","yên bái tôi ko bão nhưng mưa đã gần 2 ngày ko tạnh,chúc tất cả mọi miền tổ quốc phòng chống bão an toàn,bình an....","2024-09-08T17:00:22.000Z","0"
"eREkoElSDiI","UgwI5USWY4QSTXpNjH54AaABAg","Miền bắc lâu lắm mới dính một lượt đặc biệt là hnoi lâu lắm rồi mới bị. Thế mới biết miền trung họ khổ sở quanh năm năm này đến năm khác như nào. Mong mọi người có ý thức phòng chống bão hơn là chủ quan đợi bão đến mới chống","2024-09-08T16:11:41.000Z","0"
"eREkoElSDiI","UgyHBei0RRhfded0wuR4AaABAg","Lúc đầu mới xem thằng đầu bếp nấu ăn online thấy rất bình thường và giống mng mình gặp hằng ngày.
Nhưng lớn hơn xíu bắt đầu có tư duy phản biện thì càng ngày càng không thể ngửi đc những lời nó nói. 
Nặng mùi chỉ trích và so sánh xin lỗi anh em chứ tư duy như thế toàn thằng đ' bao giờ khá lên đc anh em cứ để ý mà xem.
Ng thành công là gặp vấn đề, nhìn nhận vấn đề và xử lý vấn đề.
Đ' ai đi chỉ trích so sánh 1 cách khập khiễng","2024-09-08T15:39:25.000Z","0"
"eREkoElSDiI","UgxD1Zc3AYqju2GSMsN4AaABAg","Bảo hiểm nó ăn ko của người ta 30năm rồi giờ thì nhả ra tý có gì mà lo","2024-09-08T15:30:35.000Z","0"
"eREkoElSDiI","UgzuXFsKMiOKe59Mfmt4AaABAg","Nhật bản còn ngập há mồm ra","2024-09-08T11:34:34.000Z","0"
"eREkoElSDiI","UgwDcPCuwvC8O9Plbd54AaABAg","Ss với Hà Lan chi vậy?
Nhìn sang Nhật, TQ kìa họ phát triển kém gì Hà lan, thậm trí kinh tế họ còn giàu hơn
Nhưng bão vô vẫn toang như thường
Nếu cái đê của Hà Lan mà chắn đc bão Nhật, TQ nó làm lâu rồi","2024-09-08T10:51:03.000Z","0"
"eREkoElSDiI","UgxESe-IRrFCQykUtAl4AaABAg","Ơ mỗi ô tô được bảo hiểm đền xe máy cũng mua bảo hiểm sao ko thấy nhắc đến đền gì nhỉ","2024-09-08T10:30:12.000Z","0"
"eREkoElSDiI","Ugy5Scq6_dcCf2A5QJd4AaABAg","Sấm chớp nhiều thì tốt cho cây cối rau củ quả","2024-09-08T09:51:52.000Z","0"
"eREkoElSDiI","UgyGK9Mc45y79L3naih4AaABAg","Nói hay thật đấy","2024-09-08T09:46:02.000Z","0"
"eREkoElSDiI","Ugzp3xVTrpk8DwnYQ3h4AaABAg","Quá ngon haha , bão đến nhanh nhanh đi , dù thảm hoạ cấp thần tao cũng đéo sợ vì khu tao sống mãi an toàn haha","2024-09-08T05:33:39.000Z","0"
"eREkoElSDiI","Ugzd-O6WLl7S7NgBup54AaABAg","Tác dụng là sao","2024-09-08T04:56:20.000Z","0"
"eREkoElSDiI","UgwYQoU8gtaXiC0FqT94AaABAg","chắc vào bắc trung bộ ổng không sống nỗi","2024-09-08T04:23:23.000Z","0"
"eREkoElSDiI","UgzF0GjbGqQSF7T_I-p4AaABAg","Anh nói rõ hơn vì sao trẻ ốm dậy lại khôn hơn được không ạ, em thắc mắc quá 🤭","2024-09-08T04:03:42.000Z","0"
"eREkoElSDiI","UgyrEpbDwfM7IE6y7ht4AaABAg","❤","2024-09-08T03:39:23.000Z","0"
"eREkoElSDiI","UgyL9YqUbxKV4qUJYHR4AaABAg","Tiền  có thể kiếm lại .
Quan trọng là giữ được mạng .","2024-09-08T02:05:59.000Z","0"
"eREkoElSDiI","UgytkjW6UXvKf1WDotp4AaABAg","Năm ngoái em đập chương trình liên kết dạy kỹ năng sống cho học sinh năm nay nó kèm thêm vô kỹ năng STEM tăng thêm học phí. Mong em theo dõi làm tiếp vấn đề nan giải này đi Tuấn ơi. Thanks em","2024-09-08T01:56:29.000Z","0"
"eREkoElSDiI","Ugw7JXADcZ6aJ5CwLJx4AaABAg","Cố lên nhé miền bắc","2024-09-08T01:48:35.000Z","0"
"eREkoElSDiI","UgzPRotAUo8AtFvatMR4AaABAg","Nghe Tuấn chửi Leo thật là đã 😂","2024-09-08T01:38:40.000Z","0"
"eREkoElSDiI","Ugz7jWtCe9kz-zksRMF4AaABAg","Tốt cái mả cha mày","2024-09-08T01:12:40.000Z","0"
"eREkoElSDiI","Ugz4ZcGkSDJ2b_2ujoV4AaABAg","Bão mà cũng có trailer","2024-09-08T01:07:33.000Z","0"
"eREkoElSDiI","UgwaWZY4aQ4615sWCCJ4AaABAg","Hay quá ủng hộ kênh 🇸🇪🇸🇪🇸🇪","2024-09-07T20:40:33.000Z","0"
"eREkoElSDiI","Ugyqe01eWRQC0nPMB794AaABAg","miền nam khí hậu có vẻ ôn hòa hơn ở miền ngoài nhỉ....","2024-09-07T19:44:58.000Z","0"
"eREkoElSDiI","UgwVOFgeGRlapFUg_jZ4AaABAg","Sau vụ này bên môi trường sẽ bị sờ gáy","2024-09-07T15:54:13.000Z","0"
"eREkoElSDiI","UgyTfvCe1DABzsmhDcB4AaABAg","tên đầu bếp nào đó chỉ có mồm là giỏi, suốt ngày so sánh, suốt ngày chê bai","2024-09-07T15:13:56.000Z","0"
"eREkoElSDiI","UgzzVXBhKHexHwodP_14AaABAg","3:00 khịa Dưa Leo haha","2024-09-07T14:22:23.000Z","0"
"eREkoElSDiI","UgwcNGr8tSiopjqvkIp4AaABAg","Mười mấy năm về trước   cứ đến tháng 8 là tin bão khẩn cấp và thường đổ vào Miền Trung. Thời gian đó nhà cửa ở Nghệ An còn thô sơ , nên ra sức lo phòng chống. Thấy các tỉnh miền bắc cứ ung dung yên bình. Mong sao bão vào MB cho biết  mới công bằng. Nay thì thành hiện thực , quả là vật đổi sao dời  rất công bằng...","2024-09-07T13:28:26.000Z","0"
"eREkoElSDiI","Ugz4bVuHuYzPe6xlbON4AaABAg","Bão nhỏ thì còn dùng đt vs mạng mẽo đc. Chứ như quảng ninh nó làm cho phát cắt điện toàn thành phố. Rồi nhiều chỗ sóng đt còn gục luôn thì sạc dự phòng cũng vô ích😂😂😂","2024-09-07T12:40:20.000Z","0"
"eREkoElSDiI","UgxFs5El_bSDqycXsvV4AaABAg","Ngoài 1 số ít những người toxic ra thì dân mình đoàn kết mà thấy ấm lòng, cám ơn ae đồng bào miền Nam đã chia sẻ ,","2024-09-07T12:30:49.000Z","1"
"eREkoElSDiI","Ugws0HduNorRkD1CSnB4AaABAg","Địa chỉ mua nghế sếp oi","2024-09-07T12:15:23.000Z","0"
"eREkoElSDiI","UgxaqO4xInwsufpQEoZ4AaABAg","Ko đọc báo à ///","2024-09-07T11:40:31.000Z","0"
"eREkoElSDiI","UgzlFiP5ce9ZJhhaV5J4AaABAg","Daklak chúc anh em miền Bắc bình an","2024-09-07T11:35:44.000Z","1"
"eREkoElSDiI","Ugza7RSgJvwYLCgnDid4AaABAg","Đá xéo nhau nữa 😂😅😂😅","2024-09-07T11:21:59.000Z","0"
"eREkoElSDiI","UgzgPbp-feW4eGb-OaR4AaABAg","Nhật lồn tuần trước vùng kanto ngập tràn mồm😂","2024-09-07T10:56:27.000Z","0"
"eREkoElSDiI","UgxD9xsx8MPw88cfOLh4AaABAg","Tôi ăn cưới đứa cháu cuối tuần mà vất quá 
Đúng là trách nhiệm phải đi chứ ở nhà ăn rau cơm rau muống còn hơn","2024-09-07T10:51:15.000Z","0"
"eREkoElSDiI","UgyqPxKe9iqGfZxUTQh4AaABAg","Mai mình vẫn phải đi làm k biết ra đường có ổn k nữa","2024-09-07T10:13:51.000Z","0"
"eREkoElSDiI","Ugy6fj7tfzcOZxHPjO14AaABAg","Mọi người chỗ bão đi qua. Mong mọi người vượt qua nó an toàn","2024-09-07T09:40:10.000Z","0"
"eREkoElSDiI","UgzRNlgON87fUkpYkvp4AaABAg","Đúng vậy","2024-09-07T09:11:11.000Z","0"
"eREkoElSDiI","UgyGG_OzYEq-9lIWNeR4AaABAg","Tuấn nói đúng. Cân bằng hệ sinh thái","2024-09-07T09:07:26.000Z","0"
"eREkoElSDiI","UgyI3SK1Kv2oT8NEvbJ4AaABAg","nhà ai có bị sập giống nhà tôi ko bị sập mái nhà luôn","2024-09-07T08:49:07.000Z","0"
"eREkoElSDiI","UgxpJ7yVlOZaHupkTB54AaABAg","Miền Bác cố lên","2024-09-07T08:16:00.000Z","0"
"eREkoElSDiI","UgwbPGjpfI9CKy4NaId4AaABAg","SỢ THẬT","2024-09-07T07:53:19.000Z","0"
"eREkoElSDiI","Ugy3l1mnJUFXfI3ok3l4AaABAg","Thay mặt người dân miền bắc xin được cảm ơn người dân cả nước đã quan tâm, động viên, chia sẽ với người dân miền bắc.","2024-09-07T07:21:09.000Z","7"
"eREkoElSDiI","UgyDYD90JleMMj1JleN4AaABAg","Trời bão thế này, thích nhất là cái cảm giác ngồi bên cửa sổ uống cốc trà xong ngắm bão, cái cảm giác ko tả nổi","2024-09-07T07:04:11.000Z","1"
"eREkoElSDiI","UgyaCiBmYf6nBRzGGM14AaABAg","Thằng em phân tích rất đúng","2024-09-07T06:45:34.000Z","0"
"eREkoElSDiI","Ugwaf0oSMwATjOMr6Dp4AaABAg","Thằng dưa leo chớ ai việt nam học hà lan . Hà lan chắc bị bão quanh năm","2024-09-07T06:15:39.000Z","0"
"eREkoElSDiI","Ugx5En4Z8MAZ2fDshct4AaABAg","Mạnh hơn cả siêu bão hải Yến à","2024-09-07T06:10:07.000Z","0"
"eREkoElSDiI","UgykvwxO-kRBlqKEcCt4AaABAg","Mong bão qua nhanh , bà con an toàn 🙏","2024-09-07T06:08:02.000Z","0"
"eREkoElSDiI","Ugx-M6kJRpFRzFjmas54AaABAg","Bác tuấn có nhắc đầu đếp nào đó có phải đầu bếp danh xưng nấu món dưa leo không nhỉ?","2024-09-07T05:42:23.000Z","0"
"eREkoElSDiI","UgyJ_7JFZKorf3z9YXB4AaABAg","Sinh mệnh giờ phút này là quý giá nhất bà con nào có bị thiệt hại về tài sản mong bà con có thể buông bỏ trong lúc này hết khó khăn ta làm lại từ đầu ❤❤❤","2024-09-07T05:38:54.000Z","0"
"eREkoElSDiI","Ugy3YDPGCj_5HRd2hgF4AaABAg","Nam định chả sao.thật kì lạ","2024-09-07T05:20:51.000Z","0"
"eREkoElSDiI","UgxsbomohdHuAlDvhQt4AaABAg","Dưa leo nhớ dai vl","2024-09-07T05:09:19.000Z","0"
"eREkoElSDiI","UgzDOQN5epX-MFV7NXp4AaABAg",".","2024-09-07T04:50:38.000Z","0"
"eREkoElSDiI","Ugzbch0iatwkkkjGmWd4AaABAg","2:59 Dưa Leo","2024-09-07T04:49:36.000Z","0"
"eREkoElSDiI","UgxqJo32cXd8ivMEhXl4AaABAg","Vẫn là phong cách a Tuấn
Mọi vấn đề đều có góc nhìn từ 2 chiều
❤","2024-09-07T04:44:28.000Z","0"
"eREkoElSDiI","UgzBgbAcTVQO5lmHwVd4AaABAg","Cảm ơn bão","2024-09-07T04:39:39.000Z","0"
"eREkoElSDiI","UgzIUn2OoHYPXnr2W194AaABAg","Có vấn đề phải làm rõ, việc đổ cây mưa to ở HN là không liên quan tới bão Yagi. Thời điểm xảy ra sụe việc ở HN thì bão còn đang ở xa, Hải Phòng và Quảng Ninh còn phải đang bật điều hòa do nóng quá.","2024-09-07T04:36:26.000Z","0"
"eREkoElSDiI","UgwsmLNAZ21pIjRUaIB4AaABAg","Tôi cũng ko ưa cái thằng ĐẦU BẾP c c c ấy, nói nghe ngứa hết cả dis :))","2024-09-07T04:34:01.000Z","0"
"eREkoElSDiI","UgwlZjZ0AUXbLq2LXrV4AaABAg","Thế các cháu có được nghỉ bão không😂","2024-09-07T04:25:25.000Z","1"
"eREkoElSDiI","UgygXCg8JGCrjYDNUwx4AaABAg","1 góc nhìn khác về bão . Một số tôi đã biết, 1 số tôi mới nghe lần đâu 👍 pin pisen, remax,baseus,...mấy hãng đó ok.","2024-09-07T04:23:45.000Z","0"
"eREkoElSDiI","UgxBFokmgbmMhCwroEx4AaABAg","❤️❤️❤️","2024-09-07T04:11:52.000Z","0"
"eREkoElSDiI","UgwvIFYS-tDeolFL6ZJ4AaABAg","Ông tuấn ơi bão đang về gần tới quê mình rồi.","2024-09-07T04:07:36.000Z","0"
"eREkoElSDiI","UgxIe5rsyWrJJailw2B4AaABAg","Rât hay...nghe xong bản tin này phấn chấn hẳn..tự dưng lai có cảm tình với bão😂","2024-09-07T04:07:11.000Z","0"
"eREkoElSDiI","UgxRVp3jTtLmqmD7LCN4AaABAg","Đàm đạo lịch sử thì nghe  đã lỗ tai","2024-09-07T03:55:58.000Z","0"
"eREkoElSDiI","Ugy1oXymHyeJXpbgROV4AaABAg","❤ tuấn tt  tuyệt vời giọng nói tròn trịa  nghe  hay","2024-09-07T03:52:51.000Z","0"
"eREkoElSDiI","UgymNKlk5VRdgEP3CrF4AaABAg","mình cũng ở miền nam mong các bạn miền bắc vượt qua được cơn bão cố lên nhé các bạn","2024-09-07T03:45:35.000Z","4"
"eREkoElSDiI","UgxxH33d2wmoILHeZB94AaABAg","Mình ở ngoài bắc bão lũ nhiều, lên nhiều khi nghe mấy bố làm giàu bảo người bác khổ chỉ làm rồi xây nhà, còn miền Nam nhà lá cũng song, nhưng bão như này mấy cái nhà lá   hay nhà mái tôn, thì  không  bằng nhà vệ sinh mà đổ bê tông kiên cố,  lên mẫy người mà  cứ dạy làm giàu đừng  bỏ tiền xây nhà kiên cố thì về bác sống thử những cơn bão như này","2024-09-07T03:43:06.000Z","0"
"eREkoElSDiI","UgxEYJtiObN5aKo1bqR4AaABAg","like","2024-09-07T03:38:55.000Z","0"
"eREkoElSDiI","Ugz-RE1y4SD_32wOOUN4AaABAg","Nghe đồng bào miền Nam động viên an ủi đồng bào miền trung ,miền bắc vượt qua cơn siêu bão này mà thấy ấm lòng.Cảm ơn nhân dân cả Nước.","2024-09-07T03:33:45.000Z","1"
"eREkoElSDiI","UgyoCJnDpcaIAplSwVF4AaABAg","heart","2024-09-07T03:25:46.000Z","0"
"eREkoElSDiI","UgxDgSalqIQxwKvhVFl4AaABAg","Cảm ơn các bạn thân yêu trên mọi miền đất nước đã động viên dân miền bắc chúng tôi . Chúng tôi luôn vững  vàng ,mọi việc sẽ bình an tốt đẹp.","2024-09-07T03:22:44.000Z","3"
"eREkoElSDiI","UgyklF7x-YmZw-eaCUN4AaABAg","Cảm ơn em nhiều lắm ttt","2024-09-07T03:17:51.000Z","0"
"eREkoElSDiI","UgwfNTy90bn5zOS08oZ4AaABAg","Mình ở nc ngoài mong ae ở Bắc và Trung bình yên nhé","2024-09-07T03:17:27.000Z","0"
"eREkoElSDiI","UgzdH9fgWIGz5TanAmN4AaABAg","Đừng có biện minh cho cái dốt nát và suy thoái của đất nước m b ak. Nhìn lại ngta đi. Đất nước thì tham nhũng đầy vô số kể….😂😂😂","2024-09-07T03:13:03.000Z","0"
"eREkoElSDiI","UgyFp4_TYNjusshrvnh4AaABAg","3:00 khịa quả dưa leo nè :))","2024-09-07T03:09:14.000Z","0"
"eREkoElSDiI","UgzLh1KwYy6Jy4OfkNJ4AaABAg","Kakaaaaaaaaa","2024-09-07T03:08:14.000Z","0"
"eREkoElSDiI","UgwEcikLnj5f-xnh3up4AaABAg","Tác dụng mà ông Tuấn nói là của mưa thôi. Còn bão cỡ này là sản phẩm của biến đổi khí hậu,và tác dụng duy nhất của nó là quét sách tất cả mọi thứ trên đường đi của nó với hi vọng dẹp đc tác nhân gây ra cái vấn đề biến đổi khí hậu đấy.","2024-09-07T03:07:55.000Z","0"
"eREkoElSDiI","Ugwpm4oaDqo8Zd7RCvx4AaABAg","Năm nay thíu cái đám kinh doanh từ thiện mùa mưa bão, cảm thấy buồn","2024-09-07T03:07:28.000Z","0"
"eREkoElSDiI","Ugx92IUkcDIXWvbcvRV4AaABAg","Một mặt tích cực của bão nữa là giúp con người có ý thức cần, kiệm, tích lũy để dành và xây dựng nhà kiên cố để chống chọi với bão.","2024-09-07T03:02:23.000Z","1"
"eREkoElSDiI","Ugz29d484_ggplKJ5M54AaABAg","2:59 đầu bếp ??? D*a L*o ???","2024-09-07T03:00:54.000Z","0"
"eREkoElSDiI","UgwRo8SomRCr_Ogwj3d4AaABAg","Bảo hiểm nào đền bù thiên tai thế. Vụ sét dánh ô tô còn chưa đền bù kia kìa
Ở đó mà chờ bảo hiểm","2024-09-07T03:00:19.000Z","0"
"eREkoElSDiI","Ugxt2y-YdS9JuONa4eZ4AaABAg","Nghe thần Dưa leo nói chỉ muốn đấm vào mồm nó , chỉ biết nói không chịu tìm hiểu","2024-09-07T02:59:25.000Z","0"
"eREkoElSDiI","Ugxk1ptHHVqWArMlZ5V4AaABAg","Thằng dưa l 😂","2024-09-07T02:51:17.000Z","0"
"eREkoElSDiI","UgxTeG-URVuP1h-N-gx4AaABAg","Đầu bếp rẻ tiền 😂😂😂 = DL😂😂😂","2024-09-07T02:34:43.000Z","0"
"eREkoElSDiI","Ugzi00NOQIicZo79R3F4AaABAg","Tuấn Tiền tỉ quảng cáo cho các nhãn hàng hay  quá","2024-09-07T02:26:46.000Z","0"
"eREkoElSDiI","UgyylOU5NfOgtXt8HNB4AaABAg","QUA TTT MỚI HIỂU BIẾT VỀ BẢO THẾ THÌ TỐT NHẤT TA NÊN ĐÓN CHÀO SỰ TRỞ LẠI CỦA BẢO THẾ THÔI 🎉🎉🎉🎉🎉🎉","2024-09-07T02:23:49.000Z","0"
"eREkoElSDiI","UgxNF_Ltz8KZyp9Jpp94AaABAg","Hải Phòng cảm ơn chân thành tới bà con cả nước nhất là những đồng bào miền nam.","2024-09-07T02:18:52.000Z","2"
"eREkoElSDiI","UgxzUjIdGrbstL7r4nV4AaABAg","Thằng đầu bếp rẻ tiền là thằng nào sẽ oi","2024-09-07T02:15:35.000Z","0"
"eREkoElSDiI","Ugx7SKCpZeuM3vU6cip4AaABAg","Giúp a e ở nhà có thời gian cho.gia dình","2024-09-07T02:14:33.000Z","0"
"eREkoElSDiI","UgxjWdJEpkmRxjV894h4AaABAg","Từ Thành Phố Hồ Chí Minh gởi lời chúc bà con ngoài Bắc mình vượt qua cơn bão an toàn. Cầu mong thiệt hại ít nhất có thể ❤","2024-09-07T02:09:10.000Z","24"
"eREkoElSDiI","Ugxv4639G4jb2jPy4Qh4AaABAg","Cầu mong cơn bão quay ngược lên TQ đi. Cầu cho nước Việt được bình an.","2024-09-07T02:05:04.000Z","0"
"eREkoElSDiI","Ugy7e_Mox0-QyQYdlzd4AaABAg","Vào đọc bình luận thấy đồng bào cả nước đoàn kết động viên nhau mà thấy ấm lòng quá
Hải Phòng cảm ơn những người ae cả nước nhé","2024-09-07T02:00:46.000Z","33"
"eREkoElSDiI","Ugyj9zW0CHpgG1AL1s14AaABAg","Đồng Nai hôm nay nắng","2024-09-07T01:57:59.000Z","0"
"eREkoElSDiI","UgzhV1Z6sofq_Z-V2Ed4AaABAg","Bạn bình luận tại sao phó thủ tướng chính phủ Nguyễn hòa bình lại chắp tay sau đít khi chào cờ.hôm xem bóng đá VN gặp Nga","2024-09-07T01:55:02.000Z","0"
"eREkoElSDiI","UgyX4_1pmCrB-aTCcLR4AaABAg","Miền Trung quê tui năm nào cũng bão nên quen dần. Ae miền Bắc ít hơn nên chắc ít kinh nghiệm, mong mọi người bình an","2024-09-07T01:53:49.000Z","1"
"eREkoElSDiI","UgxicLyqewPImvoTYQh4AaABAg","Chúc đồng bào an toàn chống bão","2024-09-07T01:51:16.000Z","0"
"eREkoElSDiI","UgzibrBw9Q0D4VEd1mt4AaABAg","Xl laboratories ltd reply using the embed code under fire to The ocean Waynesboro","2024-09-07T01:45:41.000Z","0"
"eREkoElSDiI","Ugx_55EkfqkMsRXVIDx4AaABAg","Từ tây Nguyên đầy nắng , đầy gió . Cầu mong sao cho mọi người ở vùng  trung tâm bão được bình an vô sự !","2024-09-07T01:25:26.000Z","2"
"eREkoElSDiI","Ugwj_SqaSX_6Liw_OiJ4AaABAg","Đã mua ghế bên prbs để 1 phần ủng hộ a Tuấn","2024-09-07T01:21:43.000Z","0"
"eREkoElSDiI","Ugxa4woz4zViwuaVD794AaABAg","Thằng đầu bếp kkkkkk. Khịa cháy dữ a Tuấn 😂😂😂. Chúc miền Bắc kiên cường nhé. Hệ thống chống bão ta k bằng họ, nhưng tinh thần chống bão họ tuổi j bằng ta. 50 năm ko bão thì biết j mà chống 🥸","2024-09-07T01:17:47.000Z","2"
"eREkoElSDiI","Ugy-BPC3J8p50aqWmbJ4AaABAg","xin cầu mong bình an cho đồng bào miền bắc","2024-09-07T01:14:53.000Z","0"
"eREkoElSDiI","UgzQd5YyOHvbodUIx994AaABAg","Fan đầu bếp bắt đầu nóng mắt rồi.    Dự là bão comment còn lớn hơn bão yagi😂😂😂😂😂","2024-09-07T01:09:48.000Z","0"
"eREkoElSDiI","UgzCdFFI1ZUH6bc6MdZ4AaABAg","lại đá xoáy đầu bếp dưa chuột rồi","2024-09-07T01:07:02.000Z","0"
"eREkoElSDiI","UgzgEOIH800TeUM1ijx4AaABAg","Trailer bão 🤣🤣","2024-09-07T01:01:36.000Z","0"
"eREkoElSDiI","Ugz_OuA0YkuBdmrGdJ94AaABAg","Chúc ae 1 ngày tốt lành. ĐỊT MẸ THẰNG ĐẦU BẾP DƯA LEO","2024-09-07T00:59:14.000Z","0"
"eREkoElSDiI","Ugzeb68VuTyZtWVQKGF4AaABAg","Chết parky hết cũng được 😁","2024-09-07T00:59:03.000Z","0"
"eREkoElSDiI","UgxLG--i9gW2xVgR_6N4AaABAg","anh khịa 3 que dưa leo đẳng cấp quá","2024-09-07T00:57:52.000Z","0"
"eREkoElSDiI","Ugz4wP01P2thkswerTh4AaABAg","jdj","2024-09-07T00:51:42.000Z","0"
"eREkoElSDiI","Ugyorh7I5jjNAgiDPj94AaABAg","Mạnh nhất trong 30 năm qua nhưng chỉ là mạnh ở việt nam thôi nhé
Chứ nhiều siêu bão còn mạnh hơn nhiều","2024-09-07T00:45:10.000Z","0"
"eREkoElSDiI","UgzCOr8FzfY4yS4tfRp4AaABAg","Đất Hà Lội đắt hơn Tokyo. Để lũ bắc kỳ chúng mầy ở đi … hihihhihi","2024-09-07T00:44:02.000Z","0"
"eREkoElSDiI","Ugxvebx_qvSh93lF_xZ4AaABAg","Thích cách anh phân tích vấn đề","2024-09-07T00:39:37.000Z","0"
"eREkoElSDiI","UgzYXPP4h97N9MPcBOV4AaABAg","khổ quá mong bà con vuot qua","2024-09-07T00:39:27.000Z","0"
"eREkoElSDiI","Ugzpvp1DpJOK_i0xtSh4AaABAg","Mẹ thiên nhiên luôn có cách làm cân bằng","2024-09-07T00:35:27.000Z","0"
"eREkoElSDiI","UgwM5kki5svFMr8ibVt4AaABAg","Mọi người cho mình hỏi:""Bão này có cuốn được mấy thằng Mẽo, Cali đi được không?""","2024-09-07T00:28:46.000Z","0"
"eREkoElSDiI","Ugzjvccv--G-yXeEXoV4AaABAg","nghe chưa ưu điểm của bão .bão muôn nắm😅","2024-09-07T00:22:49.000Z","0"
"eREkoElSDiI","UgzfVKBwCtdV_gvEnLx4AaABAg","Miền Trung cũng khổ. Mình vào Nam làm ăn ,cũng lo cho Quê miền Trung và Bắc. Chúc bà con mình kiên cường, qua bảo","2024-09-07T00:20:44.000Z","4"
"eREkoElSDiI","UgzmuJejmOSgrO4vVl54AaABAg","Phân tích hay anh trai","2024-09-07T00:19:45.000Z","0"
"eREkoElSDiI","Ugyh0M5mYgovjXeYfCN4AaABAg","Thằng dưa leo biêt cái đéo gì","2024-09-07T00:18:47.000Z","0"
"eREkoElSDiI","UgzjlN0tFaswXSGTCBd4AaABAg","Nghe đến đoạn chửi thằng ""đầu b.."" rẻ tiền thấy đã vl😂😂😂😂
Sáng lướt youtube thấy kênh của thăbgf Đầu B.. đó ko quên vào chửi cho đỡ bõ công lướt qua😂😂😂","2024-09-07T00:08:20.000Z","0"
"eREkoElSDiI","UgyrX4oN1ViwhA4mYJB4AaABAg","có đứa e hàng xóm cưới đúng vào t7 cn tuần này, hứng trọn cơn bão luôn","2024-09-06T23:51:49.000Z","0"
"eREkoElSDiI","UgxW3365Afa6Xi0urod4AaABAg","Đang lo lắng mà nghe cu này nói thấy nó nghiêm trọng hẳn ra luôn.......😂😂😂😂😂😂","2024-09-06T23:47:03.000Z","0"
"eREkoElSDiI","Ugx1P5x1O1mMD4i37P14AaABAg","Bảo hiểm nó ăn tới 30 năm rồi thì bão chỉ là muỗi đốt inox thôi","2024-09-06T23:44:09.000Z","0"
"eREkoElSDiI","Ugy-hLSH2LWXzt8HyLx4AaABAg","Duma hôm chiều qua chỗ gần Quan Nhân dùng thử bão thôi mà gió to sợ vcc 😂","2024-09-06T23:35:04.000Z","0"
"eREkoElSDiI","Ugy8864vN4CkgxWPP4p4AaABAg","2:57 khịa dưa leo kkk","2024-09-06T23:33:37.000Z","0"
"eREkoElSDiI","Ugy5Yb2sfewT2zBoFmJ4AaABAg","Muốn ngủ với tuấn tiền tỷ","2024-09-06T23:28:01.000Z","0"
"eREkoElSDiI","UgyAlcpcz5Shq_TnTux4AaABAg","tận thế rồi","2024-09-06T23:25:25.000Z","0"
"eREkoElSDiI","Ugyp_Pg_BdpJR4AuiVV4AaABAg","Cuối cùng là Bố vẫn không quên lùa gà.... 😂😂😂😂😂","2024-09-06T23:24:59.000Z","0"
"eREkoElSDiI","UgwDrxwIXpXBP8FfMb54AaABAg","Bão thì liên quan gì đến ngập lụt ông ơi? Ngập lụt là mưa lớn & dài cùng với hệ thống thoát nước tệ nhé","2024-09-06T23:24:14.000Z","0"
"eREkoElSDiI","UgyMjuvj-x_oM5APut54AaABAg","Tuấn thâm thật :)) 
""Đầu bếp rẻ tiền"" - ví von chuẩn thật!","2024-09-06T23:21:56.000Z","0"
"eREkoElSDiI","Ugy7kTeD_DRvkDAYdEF4AaABAg","Ok","2024-09-06T23:21:49.000Z","0"
"eREkoElSDiI","UgyYKZW3xuzng-WCOOl4AaABAg","3:00 anh đầu bếp xắt dưa chuột nhỉ","2024-09-06T23:20:51.000Z","0"
"eREkoElSDiI","UgzkaWZ9nd8PnuCHKTB4AaABAg","Ý em muốn nói tới anh Dưa leo đó hả. Thấy a dưa leo nói cũng có lý đúng mà em kkkk","2024-09-06T23:14:23.000Z","0"
"eREkoElSDiI","UgwTFeThBGzuIiMZHNN4AaABAg","Nam mô đại  từ đại bi tầm thinh cứu nạn 
Quan  âm bồ tát","2024-09-06T22:50:55.000Z","0"
"eREkoElSDiI","UgzXZobcAJv9Dqbit4p4AaABAg","Chuyển sang xe điện cho giảm ôi nhiễm","2024-09-06T22:43:13.000Z","0"
"eREkoElSDiI","UgwQRnMFpVZboAI962J4AaABAg","Nghĩ đến lúa vừa trỗ bông mà gặp bão thế này thì khổ người nông dân quá","2024-09-06T22:36:04.000Z","4"
"eREkoElSDiI","Ugy3-LIDgLtywXoRwWN4AaABAg","điểm cầu Hải Phòng 5h đã có mưa va gió","2024-09-06T22:22:55.000Z","0"
"eREkoElSDiI","UgxCKWEmM4jxZobsviR4AaABAg","sợ quá","2024-09-06T22:14:06.000Z","0"
"eREkoElSDiI","Ugxw4HkjDhwPs6GS8lJ4AaABAg","nước hoa toàn hết hàng Tuấn ơi","2024-09-06T22:11:28.000Z","0"
"eREkoElSDiI","UgyMQKtrchNJIDbz1P14AaABAg","Rồi SG ko có bão thì họ die sớm hết hả ông TTT ?","2024-09-06T22:10:32.000Z","0"
"eREkoElSDiI","Ugyj7IfkyuaCywHpb9l4AaABAg","Má nó. Delay khủng khiếp","2024-09-06T21:59:11.000Z","0"
"eREkoElSDiI","Ugymt9EeGY4yuZNU_oN4AaABAg","Bác hồ đã từng nói một câu Giải Phóng Dân Tộc Miền Nam . Không có các đồng chí miền Bắc với miền trung thì không có miền nam tự do độc lập ấm no như ngày hôm nay. Cầu mong anh chị cô gì chú bác ở miền Bắc miền trung vượt qua cơn siêu bão này người người bình an. Cảm ơn Bác Hồ cảm ơn các đồng chí ..","2024-09-06T21:57:42.000Z","69"
"eREkoElSDiI","UgwHktZYKF4cJsTtJ_J4AaABAg","Nể mấy đứa đưa tiêu chuẩn Nato đi áp dụng vào Việt Nam","2024-09-06T21:51:28.000Z","0"
"eREkoElSDiI","Ugzm6RsCpTBjU4tfUcV4AaABAg","Khịa dưa Leo hehe","2024-09-06T21:51:28.000Z","0"
"eREkoElSDiI","UgzzbGyIuwwcsE0iBWZ4AaABAg","Trái Đất đang tắm gội cho chính nó","2024-09-06T21:35:24.000Z","0"
"eREkoElSDiI","UgxrrzIaTdZmKW_qTPp4AaABAg","Bạn tui chủ nhật cưới","2024-09-06T20:51:32.000Z","0"
"eREkoElSDiI","UgyI5T9ixHX4U1uiOel4AaABAg","Thế mà trên các trang mạng xã hội mấy b cứ bảo miền Bắc xây nhà to làm gì lãng phí…những lúc mưa to gió lớn như này mới biết được :))","2024-09-06T20:49:31.000Z","1"
"eREkoElSDiI","UgxFY3LnbuZ-ZEe9pKF4AaABAg","CHẠY BÃO LÀ KHÔNG THỂ. ĐÀO HẦM CHỐNG BÃO 
LÀ AN TOÀN NHẤT...NÓC HẦM KIEN CỐ THOÁT NƯỚC AN TOÀN. TRÁNH NƯỚC TRÀN VÀO...TUYỆT ĐỐI","2024-09-06T20:42:42.000Z","0"
"eREkoElSDiI","Ugx_F9l7ixTXDAGOtRp4AaABAg","hôm nay bạn e cưới đúng hôm 7/9 mời  từ tháng 8 rồi nay cưới","2024-09-06T20:18:23.000Z","0"
"eREkoElSDiI","UgxfPK6JfTEqemF1IFJ4AaABAg","Mình miền đông nam Chúc mọi người miền Bắc mọi sự bình an. Hạn chế nhất về thiệt hại tài sản và con người","2024-09-06T20:09:42.000Z","28"
"eREkoElSDiI","UgzXiAeA2gH0cOthv6h4AaABAg","Bảo hiểm hốc bao nhiêu năm rồi nôn ra tí có sao đâu :v","2024-09-06T20:06:10.000Z","0"
"eREkoElSDiI","Ugy4ozb8SbGYiI60tQN4AaABAg","Thằng đầu bếp ? Tôi đang tưởng tượng tới 1 ông cụt tay ! Ai cùng suy nghĩ giống t không ? 😂","2024-09-06T19:58:12.000Z","0"
"eREkoElSDiI","Ugwt4_nKw20mbp4DNDZ4AaABAg","Chết dở dính ngay tâm bão","2024-09-06T19:29:48.000Z","0"
"eREkoElSDiI","UgznJ7ctZEO1WQcWnJN4AaABAg","Trường hợp của bên bảo hiểm thì rất khó cho những công ty đấy nhưng nếu họ mà sử lý phá này êm đẹp thì uy tín với khách hàng nó lên còn nhanh hơn nhà cao tần ở Đà Lạt","2024-09-06T19:19:04.000Z","0"
"eREkoElSDiI","Ugx4rK3FSt2IpWJYA-l4AaABAg","Vẫn cay cái thằng dưa chuột dưa mèo. Năm đấy đất nước gồng lưng lên chống thiên tai, thì nó lại lên clip chê trách đất nước. Sao không học tập nước này nước kia. Muốn thì tìm cách không muốn thì tìm lý do. Lý do cái mả me nó chứ","2024-09-06T18:56:01.000Z","0"
"eREkoElSDiI","UgwNrm2kVdQcKrqYie94AaABAg","Trên 200km/ h là mức 5 thảm hoạ rồi. Nó đạt 201km/h","2024-09-06T18:39:25.000Z","0"
"eREkoElSDiI","UgyM05eo5oDdBGj2_UN4AaABAg","Mình ở miền nam chúc cho đồng bào miền bắc vượt qua được cơn bão, nhà nhà bình an nhé, mong tin tốt từ bà con miền bắc ❤","2024-09-06T18:34:02.000Z","59"
"eREkoElSDiI","UgymfaPkBNzLVYJdA-F4AaABAg","Hom nay tôi đã lần đầu chứng kiến sức mạnh của thiên nhiên và hậu quả mà nó gây ra thật kinh khủng.Nghe tin người **** do cây đổ trên báo đài nghe nhiều thấy bt nhưng tận mắt chứng kiến no xảy ra cách mình vài mét nó khiến tôi ám ảnh.Tôi tham gia cứu hộ mà không dám nhìn nạn nhân.Mọi người hãy cảnh giác và hạn chế ra đường trong thời gian này nhé. Thực sự con người quá nhỏ bé","2024-09-06T18:27:50.000Z","0"
"eREkoElSDiI","UgzpO0eG4LgJS7ZIeFh4AaABAg","Mức độ thảm hoạ bán thần😢","2024-09-06T18:12:48.000Z","0"
"eREkoElSDiI","UgxDfNdXterN_S13y1l4AaABAg","Mong cả nước bình an, chúng con xin hiến dâng tổ lũ HL14, cùng đám nghệ sĩ u. Tú cho mẹ thiên nhiên để đổi lấy bình an cho mn❤","2024-09-06T18:12:45.000Z","1"
"eREkoElSDiI","UgycvNKFLDi5OXS6hL54AaABAg","1h ngày 7/9/2024  CẨM PHẢ bắt đầu mưa chưa có gió.","2024-09-06T18:03:03.000Z","0"
"eREkoElSDiI","Ugz5I2Ldk1Vv3Tgc4_d4AaABAg","leo tặc nghe xong núp vội 😂","2024-09-06T17:54:39.000Z","0"
"eREkoElSDiI","UgzMToRXNjVYbPLPrN14AaABAg","v","2024-09-06T17:46:54.000Z","0"
"eREkoElSDiI","UgzUtWRjtppGFdZ_S0R4AaABAg","Cà khịa Dưa Leo à TTT😂","2024-09-06T17:38:31.000Z","0"
"eREkoElSDiI","UgwntwuuMwROOBRyFTB4AaABAg","Mình là dân miền Nam, mình chúc bà con miền Bắc tránh bão an toàn, bình an đến với mọi người !","2024-09-06T17:36:11.000Z","57"
"eREkoElSDiI","Ugxh9bm2BOJg7FIND8F4AaABAg","Mỗi người mỗi quan điểm,đâu cần phải công kích cá nhân để thu hút sự chú ý về mình,người ta so sánh cũng chỉ muốn đất nước phát triển,nói như anh thì chẳng lẻ chấp nhận số phận,Nhật Bản động đất thường xuyên họ vẫn phát triển đấy thôi,sigapo kìa từng không có nước ngọt để uống,đất để trồng cây đó xuất phát điểm của họ còn thua cả vn. hủy sub nha,ghét cực","2024-09-06T17:33:04.000Z","0"
"eREkoElSDiI","UgyCv1pMMXqEqZIXPUV4AaABAg","00:28 tại Hải Phòng bắt đầu mưa nhỏ,hi vọng chúng ta sẽ bình an vượt qua cơn bão này.😢","2024-09-06T17:30:41.000Z","2"
"eREkoElSDiI","UgwG63-LX2Tc8Sj4EaN4AaABAg","Vui nhất là mấy ông làm bảng quảng cáo","2024-09-06T17:29:54.000Z","0"
"eREkoElSDiI","Ugz_-6_4NUypujWG-Ot4AaABAg","Mong tất cả tai qua nạn khỏi. Mong ae miền Bắc miền Trung ruột thịt tai qua nạn khỏ♥️♥️♥️","2024-09-06T17:27:32.000Z","1"
"eREkoElSDiI","Ugy5Cnj9QnvmRuD0WBp4AaABAg","Các bác ở phố cổ nghe nói kỳ này nhất quyết ban nhà qua châu Âu hay Mỹ ở với con cháu chứ không ở Hà Nội nữa.","2024-09-06T17:10:48.000Z","0"
"eREkoElSDiI","UgwWBDppt-3YOax_4b94AaABAg","em Miền Nam chúc tất cả bà con cô bác Miền Bắc bình an vượt qua cơn bão Yagi","2024-09-06T17:05:35.000Z","10"
"eREkoElSDiI","UgwrNny8NAmjbL_bRFF4AaABAg","1","2024-09-06T17:04:57.000Z","0"
"eREkoElSDiI","UgxP5ar7BkoFdbDnOEV4AaABAg","Thằng đầu bếp chắc là bố dưa leooo à😅","2024-09-06T16:59:21.000Z","0"
"eREkoElSDiI","Ugz5dmxos0pQc7-EkdN4AaABAg","0","2024-09-06T16:59:19.000Z","0"
"eREkoElSDiI","UgyO17Rlzgb8zeEvPFZ4AaABAg","3:01 nghe hơi giống dưa leo nha","2024-09-06T16:58:55.000Z","0"
"eREkoElSDiI","UgxLj6Dxi4YEycpVvi14AaABAg","Tác giả phân tích tuyệt vời quá
 cảm ơn tác giả","2024-09-06T16:58:11.000Z","1"
"eREkoElSDiI","Ugwrlo5GzV8vvlZaBvB4AaABAg","Chủ nhât này là đám cưới của tôi . Mà nó dã bão này thi song luôn , vào đúng ngày cưới 😢😢😢","2024-09-06T16:53:34.000Z","0"
"eREkoElSDiI","Ugx5Ti_dmmXkE5yLZ1p4AaABAg","Đầu bếp T-rex","2024-09-06T16:52:58.000Z","0"
"eREkoElSDiI","UgwPbd3cbEDyhaNpPmV4AaABAg","Bão cũng là 1 hình thức đốt lò.chỉ là tội dân","2024-09-06T16:52:38.000Z","0"
"eREkoElSDiI","UgyMR9ocYIZMSHYq7Z54AaABAg",".","2024-09-06T16:52:37.000Z","0"
"eREkoElSDiI","UgwVpqbgPGyH2lXYJVh4AaABAg","Nòi như cái đầu buồi","2024-09-06T16:52:19.000Z","0"
"eREkoElSDiI","Ugx3JwBI5PBEFcR3OAN4AaABAg","Mong mọi người đều được bình an","2024-09-06T16:51:01.000Z","0"
"eREkoElSDiI","UgxHff5rnXFwSaQ8FvV4AaABAg","Dưa leo hiện lên và nói 😅😅😅","2024-09-06T16:49:44.000Z","0"
"eREkoElSDiI","UgxW5QQXOsae9NGyfa54AaABAg","Cứ tưởng
Bỗng nhận ra hương ổi
Phả vào trong gió thu.
Sông được lúc giềnh giàng,
Chim bắt đầu vội vã.
Có đám mây mùa hạ
Vắt nửa mình sang thu.
Vẫn còn bao nhiêu nắng
Đã vơi dần cơn mưa,
Sấm cũng bớt bất ngờ
Trên hàng cây đứng tuổi😊😊","2024-09-06T16:46:04.000Z","0"
"eREkoElSDiI","Ugw1nXiRCaC_Xwa1uIl4AaABAg","Bao di qua chi 1ngay mua tich tu lung tung buon cuoi that them may thang bot phet noi lieng thien eo biet gi cung boc phet","2024-09-06T16:41:48.000Z","0"
"eREkoElSDiI","UgxIORHt0GFWdEk6rQ14AaABAg","Một ngày không nghe bạn nói... Tôi như thành tối cổ. Nơi cập nhật mọi tin tức hót","2024-09-06T16:41:46.000Z","0"
"eREkoElSDiI","Ugyc8gztp4QHbU83SsN4AaABAg","NGHE CON ÔNG TỎ THÌ THÀ NGHE BÁ0 CỘG CÒN HƠN NHẬT NÓ ĐỘG ĐẤT SÓNG THẦN LIÊN TỤC NÓ CON VƯƠN LÊN ĐC MÌNH CÓ VÀI CƠN BÃO CHẢ XỬ LÝ XOG NÓI CÀG NGÀY CÀNG XÀM 😂😂😂😂","2024-09-06T16:41:36.000Z","1"
"eREkoElSDiI","UgxSzmUMGx64SzEYJ4J4AaABAg","❤😂🎉hay quá","2024-09-06T16:40:30.000Z","1"
"eREkoElSDiI","UgzIYN9h9qgUbkNz2ut4AaABAg","Cặn bã bắc kì cười nhạo trong lúc Miền Nam chống chọi covic, nay trời trả báo. Không phải 1 cơn này đâu, mà là 1000 cơn bão triệu cơn bão nữa sẽ tàn sát lũ bắc kì vô ơn này. Cặn bã cười trên nỗi đau và sự mất mát miền nam trong dịch covic. Cặn bã bắc kì","2024-09-06T16:40:10.000Z","0"
"eREkoElSDiI","UgxG1OwrLJiYh6ezYpV4AaABAg","Thằng đầu bếp "" khuyết tật"" 😂","2024-09-06T16:38:39.000Z","0"
"eREkoElSDiI","UgyYGoHtqFv9wRgqIK94AaABAg","Sống miền Bắc ko sướng bằng miền nam , nhất là ở nhà trang thì sướng luôn, tôi muốn vào đó sống , ngoài bắc khắc nhiệt","2024-09-06T16:35:56.000Z","1"
"eREkoElSDiI","UgyCtHdDzrd282D8BSh4AaABAg","Hôm nay ở siêu thị cháy hàng thiết yếu","2024-09-06T16:35:38.000Z","0"
"eREkoElSDiI","UgyNhjojyuSp-2j24Y54AaABAg","Mưa to đi để phù sa lấp đầy","2024-09-06T16:32:58.000Z","0"
"eREkoElSDiI","UgwBxSI5prVqzAqhmsx4AaABAg","Năm 2023 ko có cơn bão nào là nắng há mồm luôn đó","2024-09-06T16:29:53.000Z","0"
"eREkoElSDiI","UgxPnt3B85jm4mUBXYx4AaABAg","pin thì k làm đc gì a nên bán cái chuyển từ 12v sang 220v thì ngon hơn chứ pin k lm đc gì a ạ","2024-09-06T16:28:45.000Z","0"
"eREkoElSDiI","Ugy9mLRR1A8rLrobCTV4AaABAg","Gy","2024-09-06T16:28:12.000Z","0"
"eREkoElSDiI","UgzA8o5igVICdHjudZ14AaABAg","Trực tiếp đương đầu với siêu bão Yagi là 457.469 cán bộ chiến sĩ và…0 nghệ sĩ, thế nhưng với bão từ thiện sau đó thì đối diện với nó lại là một mớ nghệ sĩ và dĩ nhiên là không có chiến sĩ nào vì những người lính họ đang bận giúp giải quyết hậu quả sau bão và ổn định cuộc sống người dân","2024-09-06T16:27:52.000Z","2"
"eREkoElSDiI","Ugxo6yTCFLUlexrZ1y54AaABAg","Rồi có nghễ sĩ nào cứu trợ đồng bào miền bắc ko nhỉ 😮","2024-09-06T16:27:13.000Z","0"
"eREkoElSDiI","UgzExhf8zulTgW9bxxB4AaABAg","Các Bạn Muốn Sống: Thì nên kéo cả Gia Đình đi du lịch tỉnh thành phố khác không phải làm Tâm Bão 😊

Vì sao Ư: rất khó nói trước điều gì trước Siêu Bão ? Ngắt hết cầu dao,thiết bị điện, xin nghỉ việc 3,4 ngày khi bão qua... đi du lịch hết bão lại về???😊

Nhanh còn kịp trước khi ...quá muộn : chưa thấy cây xanh đè chết người à ??? Chưa thấy Trung Quốc Bão đổ sập nhà chết người à ? Chưa Thấy Bão nó làm nát cửa kính Xé người làm 2 mảnh à 😢

Nhanh còn kịp : Đừng đi theo vết xe đổ của Trung Quốc ??? 😢

Chạy Bão đi các bạn ?? Nếu Nát Nhà còn người sẽ làm lại từ đầu đc 😊

Chúc các bạn Bình An 😊

Tôi Hoàng Nhy đã Đưa Gia Đình Từ Hà Nội về Quê Ngoại ở Lạng Sơn Từ Sáng nay rồi😊

Hãy Tự Cứu Bản Thân trước khi...có muốn làm lại cũng không có cơ hội😊

Dù sao: Chúc ae miền Bắc Bình An 😊","2024-09-06T16:26:51.000Z","0"
"eREkoElSDiI","Ugz2xuZNg7_70LPT51R4AaABAg","Toàn cây trồng lại cắt hết rễ không đổ mới lạ","2024-09-06T16:25:02.000Z","0"
"eREkoElSDiI","UgzconD3hrquJ8j-aU94AaABAg","Hạ Long nay nay vẫn ổn","2024-09-06T16:24:23.000Z","0"
"eREkoElSDiI","UgwOj6xts_syreXpn8B4AaABAg","Bão của Bà Tân vlog. Siêu to khổng Lồ","2024-09-06T16:19:06.000Z","0"
"eREkoElSDiI","UgyVgMv0KoK81xNg_-h4AaABAg",""" đầu bếp rẻ tiền "" :))))) anh tuấn thâm vãi","2024-09-06T16:13:29.000Z","0"
"eREkoElSDiI","Ugx8bb9IdLgHxtgJEcJ4AaABAg","Cảm ơn a Tuấn. Thông tin hữu ích. Giọng a nghe rất đã kkk","2024-09-06T16:13:18.000Z","0"
"eREkoElSDiI","UgydbDTjVi70yq35U3t4AaABAg","Mọi người hãy đọc kinh cầu nguyện cùng m Chúa nhé dâng nỗi lo này cho Chúa","2024-09-06T16:06:26.000Z","1"
"eREkoElSDiI","UgyW8P1gbIMZMX9T6wt4AaABAg","11111","2024-09-06T16:05:07.000Z","0"
"eREkoElSDiI","Ugz44SvFbhKuG_0GnW14AaABAg","Mấy chục ngàn người xem mà có hơn 2 nghìn like, chán các ông quá.","2024-09-06T16:01:54.000Z","0"
"eREkoElSDiI","UgzuRhc7mQmvn4UN2n14AaABAg","Đù, giờ ms biết lợi ích của bão","2024-09-06T15:59:38.000Z","0"
"eREkoElSDiI","UgyehukUAF5btmhhz814AaABAg","Bão này thổi sập cái mả thằng hồ chí minh là tao mua bia ăn mừng.","2024-09-06T15:57:49.000Z","0"
"eREkoElSDiI","UgyuQGVzdCPTgSbrOzp4AaABAg","22h55p. Đông hưng thái bình vẫn yên tĩnh","2024-09-06T15:55:55.000Z","0"
"eREkoElSDiI","Ugx9WEruPgVRWggapxR4AaABAg","Từ miền nam ,chúc bà con mình ngoài Bắc vượt qua cơn bão này bình an nhất .","2024-09-06T15:54:38.000Z","205"
"eREkoElSDiI","UgzT88BuLHVXxKXSl094AaABAg","Bão có 1 2 ngày mà tích trữ đồ ăn để giá tăng cao đúng là óc đất .","2024-09-06T15:53:48.000Z","0"
"eREkoElSDiI","UgwjjZGGsBnToGbdKPd4AaABAg","miền bắc thời tiết khắc nghiệt sao ko vào miền nam mà ở, tây nguyên nhiều chỗ ko biết ngập là gì","2024-09-06T15:50:24.000Z","0"
"eREkoElSDiI","UgzR-mj7DgwuVZtMwh14AaABAg","Chẳng  biết  nhưng bão  lớn  mùa  lúa  nay thi xóa  sổ nêu bão  lớn  đô  bộ  vào đất liền","2024-09-06T15:47:48.000Z","0"
"eREkoElSDiI","UgwQnqD5uEBSzL9pX9p4AaABAg","Láo tet","2024-09-06T15:47:42.000Z","0"
"eREkoElSDiI","Ugyoz-tjrR7JVueC86p4AaABAg","Đầu bếp là đang nói Dưa Leo ah kk","2024-09-06T15:46:55.000Z","0"
"eREkoElSDiI","UgwKfPI6GqGQT199nHN4AaABAg","Có lìn bão","2024-09-06T15:43:36.000Z","0"
"eREkoElSDiI","UgwTmzRgjIdE3quZTSJ4AaABAg","Từ Phú Thọ mong tất cả bà con bình an","2024-09-06T15:41:50.000Z","0"
"eREkoElSDiI","UgyaD-zf0m77iCyRCBZ4AaABAg","2:59 anh lại khịa anh Dưa Chuột rồi 🤣","2024-09-06T15:41:31.000Z","6"
"eREkoElSDiI","Ugw4r0eS6tmq_1yVp0h4AaABAg","Thù dai thế hả ông tuấn,chửi dưa leo từ mùa bão nọ sang mùa bão kia😅nhưng tôi thích😊","2024-09-06T15:41:30.000Z","0"
"eREkoElSDiI","Ugzq7q_1d_9us-08v-J4AaABAg","Hay quá cho anh này một sub❤❤❤","2024-09-06T15:41:25.000Z","0"
"eREkoElSDiI","Ugyepl5jyoWH7R0RFaZ4AaABAg","Bác khịa dưa leo ác","2024-09-06T15:40:23.000Z","0"
"eREkoElSDiI","UgyCrDcJW2cfTMmJddp4AaABAg","Ông nào cưới còn đỡ, ông nào chết mà thầy xem giờ tốt đưa vào đúng lúc bão mới khổ.","2024-09-06T15:37:53.000Z","0"
"eREkoElSDiI","UgxaUn7CdB5erSFQoBR4AaABAg","Thế mới biết người Miền Trung họ khổ cỡ nào, năm nào cũng tầm chục cơn","2024-09-06T15:37:17.000Z","1"
"eREkoElSDiI","UgxgSEBoOfPIUCBS_HB4AaABAg","Đầu bếp ko thể lắc chảo 😂😂😂","2024-09-06T15:36:53.000Z","0"
"eREkoElSDiI","Ugxzd0svfCMwPpfe4vF4AaABAg","Cái vụ quật cây già cỏi thấy sai sai. Nếu có tác dụng đấy thì xl ko cần để lâm tặc làm hộ cho nó đỡ mắc mớ gì chờ bão","2024-09-06T15:36:39.000Z","0"
"eREkoElSDiI","Ugx11OFd25IzWnFY99t4AaABAg","Tôi hải phòng,bắt đầu mưa","2024-09-06T15:35:34.000Z","1"
"eREkoElSDiI","UgwvsiBrgymxTNO8ENh4AaABAg","Đầu bếp rẻ tiền là thằng leo tặc ấy à 😂😂","2024-09-06T15:34:02.000Z","4"
"eREkoElSDiI","UgykphDDWwEnZEwIXAB4AaABAg","Khịa dưa leo à sếp","2024-09-06T15:30:37.000Z","0"
"eREkoElSDiI","UgzAhol-K1sO4qA1hNJ4AaABAg","Vậy như Tuấn nói thì châu âu ko có bão, thế thì không khí nó bẩn vô cùng, sao người dân họ tuổi thọ cao vậy?","2024-09-06T15:29:02.000Z","1"
"eREkoElSDiI","Ugw-TKGT8FcRLl09hYZ4AaABAg","đầu bếp rẻ tiền là thằng nào ý nhỉ anh em,","2024-09-06T15:28:41.000Z","0"
"eREkoElSDiI","UgyL1XW-fgqaQsz0NnR4AaABAg","Mỗi lần mưa bão thế này lại là cơ hội cho nhiều cơ sở xả thải những chất gây ô nhiễm môi trường chưa qua xử lý","2024-09-06T15:28:15.000Z","0"
"eREkoElSDiI","UgxBt0rEQzmdBZYFZgh4AaABAg","đúng đúng,t dưa Leo hay so VN mình với Hà Lan, cm nó  Hà Lan mà gặp vài cái bão như VN thì xem nó chống kiểu j","2024-09-06T15:26:45.000Z","0"
"eREkoElSDiI","UgwGzQUC2XNkcOkg2YN4AaABAg","Thi thoảng lại nhắc dưa leo, thù dai 😅","2024-09-06T15:25:59.000Z","0"
"eREkoElSDiI","Ugyz1Mdvbf22yNtGsqZ4AaABAg","Các tỉnh chiều nay gặp giông và mưa 30p đến 1 tiếng đó chỉ là demo của Yagi mà thôi bắt đầu từ chiều thứ 7 sẽ biết nó khủng khiếp đến chừng nào ôi bắc Giang quê tôi và các tỉnh phía bắc 😢 mong mọi người các tỉnh an toàn","2024-09-06T15:25:54.000Z","1"
"eREkoElSDiI","UgylrIPoxQCFsiubgsp4AaABAg","đến mùa lũ là dí dưa leo tới cùng","2024-09-06T15:25:34.000Z","0"
"eREkoElSDiI","UgxJf7-hFuBt3etUUJN4AaABAg","May đảo hải nam nó đỡ cho nhát chí mạng, chứ k vô tới vịnh bắc bộ mà còn cấp 16 thì toang :V","2024-09-06T15:24:57.000Z","1"
"eREkoElSDiI","UgyQll75vQAysPyquA54AaABAg","😂😂😂 hay cho trailer","2024-09-06T15:24:51.000Z","0"
"eREkoElSDiI","UgyfxrnhaCe8OKNVIxN4AaABAg","Thật tuyệt vời, sau một ngày làm việc mệt mỏi. Tối về nhằm nhi tí với thịt chó mắm tôm, xem tin tức này. Tuyệt vời quá bão ơi","2024-09-06T15:24:44.000Z","5"
"eREkoElSDiI","UgyNg1SeJKZXp8s59cx4AaABAg","Thái bình quê sếp chiều nay vẫn im lắm, nghe gió thổi cây đổ ở hà nội mà e tưởng tin vịt cơ😢","2024-09-06T15:23:36.000Z","0"
"eREkoElSDiI","UgyQ8uCzhmwkFiIwmFZ4AaABAg","Ông tuấn đến h vẫn còn khịa cái thằng đầu bếp kia","2024-09-06T15:21:34.000Z","0"
"eREkoElSDiI","UgyBNUUjGdxq0jxM5SJ4AaABAg","nghe nói câu ""ko có bão thì dân thủ đô sống trung binh 40t kịch kim"" , thôi thì bão vẫn hơn :D","2024-09-06T15:17:51.000Z","0"
"eREkoElSDiI","UgwwhQzHVXmb82zHG9F4AaABAg","Mong sau cơn bão k có gì nghiêm trọng xảy ra, từ cơn bão cuốn theo mh370","2024-09-06T15:17:40.000Z","0"
"eREkoElSDiI","Ugxt50UXlB4TEE4KX5h4AaABAg","Cty bảo hiểm VN phải học cty bảo hiểm bên mẽo là ok luôn","2024-09-06T15:16:48.000Z","0"
"eREkoElSDiI","UgyGhNqfKA7gnm2IDKV4AaABAg","Thằng đầu bếp có phải dua leo ko ...sao nhà nước ko sử lý.. thằng đấy lồng ghép các kiểu nhưng tòan dọng kích động chia rẽ đất nước Việt Nam..phân biệt vùng miền","2024-09-06T15:15:56.000Z","0"
"eREkoElSDiI","Ugx-Oiq_gOMzKEDnuB14AaABAg","Mong đồng bào bình yên sau đợt bão này.
Cũng mong Tuấn có 1 video làm về trung thu ở Tuyên Quang.","2024-09-06T15:15:47.000Z","5"
"eREkoElSDiI","UgxiwpoYw8szWDBAWuZ4AaABAg","Chiều nay mưa to gió lớn sấm to thật","2024-09-06T15:15:28.000Z","0"
"eREkoElSDiI","UgzZzl65V40uD8tkNhF4AaABAg","Thằng Đầu Bếp là thằng tật nguyền phải ko","2024-09-06T15:14:47.000Z","0"
"eREkoElSDiI","UgxOxDtYLT5FOVxEszR4AaABAg","Mong bão nó bẻ lái 90độ lên hướng bắc hộ e cái chứ Hà Nội e lo quá 😢😢😢","2024-09-06T15:14:17.000Z","0"
"eREkoElSDiI","Ugxj1AoBqmsaVLcK0Y14AaABAg","Giờ đã hiểu tại sao dân tứ sứ kéo nhau vào Miền Nam","2024-09-06T15:13:28.000Z","1"
"eREkoElSDiI","UgwGhv4jZdWlP2j4wll4AaABAg","Ra chợ hết sạch rau, thịt :)))","2024-09-06T15:13:19.000Z","0"
"eREkoElSDiI","UgyztUlZXl_K-pYwGll4AaABAg","Chắc đêm nay bão mới về, mong mn được bình an vượt qua siêu bão🙏","2024-09-06T15:13:04.000Z","6"
"eREkoElSDiI","Ugx6uOJO-tAO7QfP1mB4AaABAg","Miền Bắc 4 mùa rõ rệt nhưng lại quên cái cũng khá quan trọng là mùa nào cũng có mùa khô và mùa mưa + hưởng khá khắc nghiệt. Mùa đông đã lạnh lại thêm mưa lạnh buốt,mùa khô đã nóng , nồm, bốc hơi ẩm nóng mệt, lại mưa hạ nhiệt.","2024-09-06T15:12:47.000Z","17"
"eREkoElSDiI","Ugz6VmxUD7EysDkDDf54AaABAg","háo hức quá","2024-09-06T15:12:35.000Z","0"
"eREkoElSDiI","UgzX1lLXNb8TO1bd2hJ4AaABAg","Cẩm Phả đang lo sốt vó đây","2024-09-06T15:11:56.000Z","0"
"eREkoElSDiI","UgznfhCIgrL_13MkhmV4AaABAg","Thang mõm ni.chủ đề j cũng chém 
Đúng chất của những thang youtube chém gió","2024-09-06T15:10:26.000Z","0"
"eREkoElSDiI","Ugyza7zpchai1KtegnV4AaABAg","Người lợi kẻ thiệt","2024-09-06T15:09:56.000Z","0"
"eREkoElSDiI","UgyZkHm5MbgehP7VSXB4AaABAg","Ae biết TTT nhắc đến “nhà bếp” là ai rồi chứ 😂","2024-09-06T15:09:34.000Z","0"
"eREkoElSDiI","UgxXXs9zXc000t1vzZh4AaABAg","Các bạn miền tây đâu rồi tại sao miền bắc tích kiệm ,","2024-09-06T15:08:30.000Z","0"
"eREkoElSDiI","UgxormFS6YQntbBwQ8V4AaABAg","Hy vọng bão qua loa thôi cho bà con đỡ khổ..","2024-09-06T15:07:48.000Z","1"
"eREkoElSDiI","UgzZlyhJKRvNzKHUNL94AaABAg","Miền Nam mưa rồi nắng tối hạ nhiệt ko như bắc","2024-09-06T15:07:43.000Z","0"
"eREkoElSDiI","Ugw3ukpOZaSzHa5x8lN4AaABAg","ông anh lạc quan quá❤","2024-09-06T15:07:29.000Z","0"
"eREkoElSDiI","Ugz_cU8CpfLNfhi_9Hh4AaABAg","bố mấy cái thằng đầu bếp rẻ lành :v mong mn vượt qua mấy hôm bão này ổn thỏa <3","2024-09-06T15:06:38.000Z","0"
"eREkoElSDiI","UgzWDVD1f--s4dmTNcp4AaABAg","Chưa thấy ông nào Quảng cáo có dẫn dắt hay và nhiều chất xám ntn 😂😂😂","2024-09-06T15:05:52.000Z","0"
"eREkoElSDiI","Ugz_sTYIpZqROgySs9N4AaABAg","Nãy mưa lốc tý mà sập hết dàn mướp rồi 😢","2024-09-06T15:04:52.000Z","0"
"eREkoElSDiI","Ugx2sea5uo0tVhLPdLF4AaABAg","Bão mà như ko bão mới là sợ.","2024-09-06T15:04:43.000Z","0"
"eREkoElSDiI","Ugwv9nr-tzifC-E-ZV54AaABAg","Vao đat lien no se giam cuong đo cac ban nhe","2024-09-06T15:04:19.000Z","0"
"eREkoElSDiI","UgwYVCCLSBMR4gISxU94AaABAg","Hải Dương 22:01 vẫn ổn","2024-09-06T15:03:23.000Z","0"
"eREkoElSDiI","Ugz2HShde7o4i5zf6254AaABAg","Hà Nội vẫn đang bình yên, mong bà con mai ở nhà để tránh nạn, qua cơn bão thành công nhé","2024-09-06T15:03:14.000Z","4"
"eREkoElSDiI","Ugx22EdNEYGVxvWJm_l4AaABAg","2:57 ủa anh mắc gì đầu bếp, nhà anh bị đầu bếp ăn hết cơm à","2024-09-06T15:03:00.000Z","0"
"eREkoElSDiI","Ugz_j4lC0AKx8kOXVh54AaABAg","The ma nguoi ta con bao song chung voi lu","2024-09-06T15:02:49.000Z","0"
"eREkoElSDiI","UgyztFIVH6uVU6kFdpd4AaABAg","Cái j nó xảy ra đều có 2 mặt của nó","2024-09-06T15:02:24.000Z","0"
"eREkoElSDiI","UgyoD8IkimTLAWQJ2Gh4AaABAg","hay quá 👍👍👍","2024-09-06T15:02:12.000Z","1"
"eREkoElSDiI","Ugz62vCyneCBztIPs4J4AaABAg","Ông này kể chuyện gì cũng hay 😂","2024-09-06T15:01:10.000Z","0"
"eREkoElSDiI","UgyD3FfDgd5EshgXa7Z4AaABAg","Dưa chuật đã xem","2024-09-06T15:00:19.000Z","0"
"eREkoElSDiI","UgxYW4NKVIZII2sns6V4AaABAg","Dưa chuật đã xem","2024-09-06T14:59:53.000Z","1"
"eREkoElSDiI","Ugzz-jROKm0sRj42p2B4AaABAg","Nhân tiện bão, cây cối gãy cành đổ nhiều gây nguy hiểm cho người, thiệt hại tài sản... trách nhiệm của ai, tổ chức nào? Rồi thì bảo hiểm, đặc biệt là bảo hiểm xe máy.
Tuấn làm nhé","2024-09-06T14:59:35.000Z","0"
"eREkoElSDiI","UgzuGtBgn7xKFAAP3LF4AaABAg","Mày nói về bão to mà mày hào hứng thế","2024-09-06T14:58:34.000Z","0"
"eREkoElSDiI","UgwOVX1GwS90svJYO794AaABAg","Hay ❤🎉","2024-09-06T14:58:22.000Z","0"
"eREkoElSDiI","Ugyz1hlHRfIe6X_mQpB4AaABAg","Chào bạn Tuấn, tôi đã xem hết video của bạn vs sự cởi mở và tôn trọng bạn
    Tuy nhiên đoạn bạn nói A Dưa Leo là đầu bếp rẻ tiền, hay so sánh với xứ Tây mà chê nước Việt Nam mình, tôi không đồng ý với bạn về điều đó
    Bạn là một người trẻ, A Huy (Dưa Leo) là người có nhiều kinh nghiệm, nhìn nhận sâu vào bản chất, những cái xấu của nước Việt mình mà mong muốn thay đổi trở nên tốt hơn, bạn cũng là một con người yêu Tổ Quốc mình, suy nghĩ một chút, bạn cũng có thể hiểu được những điều mà A Huy muốn nói
  Vậy thiết nghĩ bạn hãy xem lại những câu nói của mình
  Vì thù hằn cá nhân mà nói quả không hay lắm vậy
     Kẻo người cười thầm ý vị mà nhìn 
  Tôi có đôi lời góp ý vậy
  Cảm ơn vì những video hay của bạn","2024-09-06T14:52:10.000Z","1"
"eREkoElSDiI","Ugy-ld5hDcARXZO01Dt4AaABAg","Mong moi ng binh an trong mua bao.","2024-09-06T14:51:23.000Z","0"
"eREkoElSDiI","UgxCSu5Aa6CE4X2ruIZ4AaABAg","Ối dồi ôi, phát triển nhanh quá nên trời san bằng bớt...nhìn các mặt tích cực của bão: diệt các tác động tiêu cực của xh vn, san bằng, trả lại môi trường
 trong sạch đã vấy bẩn bấy lâu, thổi bay mấy thằng tự sướng, to mồm, bảo thủ...kkk","2024-09-06T14:51:15.000Z","0"
"eREkoElSDiI","UgzBO6CSUgMNdQfYa1t4AaABAg","Cầu mong năm nay có thật nhiều cơn bão cho nó tàn phá, càn quét các vùng du lịch ven biển....bao năm nay lũ chúng mày đớt từ các dịch vụ du lịch từ biển biết bao nhiêu tiền nên giờ tau cầu mong có thật nhiều cơn bão cho nó tàn phá cho chúng mày chết bớt","2024-09-06T14:51:11.000Z","0"
"eREkoElSDiI","UgyP0hgWPXbeVJ9YC4Z4AaABAg","=)))) khịa khứa tay teo 3 que hay quá","2024-09-06T14:51:09.000Z","1"
"eREkoElSDiI","UgyADKSqeWG4R3uQFKd4AaABAg","Hà Nội 21:49 bão chưa về, bình yên phút cuối","2024-09-06T14:49:56.000Z","1"
"eREkoElSDiI","UgyUtExR6e9M4MtypXF4AaABAg","Thằng đầu bếp nào vậy mọi người ?","2024-09-06T14:47:43.000Z","0"
"eREkoElSDiI","UgxEdBhrecIindIY1Sp4AaABAg","😂 bão vào vịnh bắc bộ xong đi dọc hình chữ S để cho cái dân tộc này đoàn kết hơn 😂","2024-09-06T14:47:28.000Z","0"
"eREkoElSDiI","Ugz5CkbAwtsj97o4GRl4AaABAg","Cố lên dân ta ơi. Bình an cho mọi người. Bình an cho các cán bộ chống bão...","2024-09-06T14:47:11.000Z","56"
"eREkoElSDiI","UgwhcD-ZqtGZEPvRhLh4AaABAg","bão bão là 1 nháy..cho dễ ngủ","2024-09-06T14:46:59.000Z","0"
"RGUjEa8TJzo","UgyqX_oCHT9vKibEESJ4AaABAg","Huhu bây giờ bão bualoi thành bão mạnh nhất rồi ạ","2025-10-18T14:40:56.000Z","0"
"RGUjEa8TJzo","UgyCOVnbvFx4v_lfsJF4AaABAg","Noru...","2024-09-08T09:28:54.000Z","0"
"RGUjEa8TJzo","UgwgKv5bpDt5-fK6TnF4AaABAg","ông hàng  xóm của em mất nóc nhà","2024-09-08T08:58:07.000Z","0"
"RGUjEa8TJzo","UgxGC-UtrAJuqscNTFR4AaABAg","Theo em b là sau bão yagi còn 2 cơn bão nx","2024-09-08T08:49:20.000Z","0"
"RGUjEa8TJzo","UgyhViIAXyZCAdzwuAh4AaABAg","em bị siêu bão thổi bay nhà rồi 😢😢😢😢","2024-09-08T08:44:46.000Z","0"
"RGUjEa8TJzo","Ugz9GSDv09ofhjyBsiZ4AaABAg","Cảm ơn chị ạ 😢😢😢❤❤❤","2024-09-08T08:23:58.000Z","0"
