"postId","text","publishedAt","likeCount","commentCount"
"4790511","Trắng tay sau bão Yagi. Quảng NinhMột ngày sau bão Yagi, gia đình anh Vũ Văn Diễn vẫn sống trong cảnh màn trời chiếu đất, đồ đạc hư hỏng hết, phải bắt đầu từ con số 0.. Anh Diễn, 35 tuổi cùng vợ Nguyễn Thị Chi, 35 tuổi là một trong số hàng trăm hộ dân bị thiệt hại nặng sau khi bão Yagi đổ bộ vào Quảng Ninh trưa 7/9. Hai ngày trước bão, vợ chồng anh Diễn nhiều lần gọi điện dặn gia đình ở quê Nam Định phải chằng chống nhà cửa bằng bao cát, chuẩn bị lương khô, sạc điện thoại. Với ngôi cấp bốn rộng 120 m2 đang thuê ở và bán hàng, anh mua hàng chục cuộn dây thừng giằng buộc mái tôn với các cột kèo, tránh bão giật tung. Các cây xanh trước cửa nhà cũng được anh Diễn cắt tỉa bớt cành để giảm gánh nặng. Sáng 7/9, khi bão cách đất liền hơn 100 km, trời đổ mưa nặng hạt, không ai dám ra ngoài nên anh đóng cửa không nhận khách. Ngôi nhà của anh Diễn bị bão thổi bay mái. Ảnh: Phạm Dự 11h30 ngày 7/9, anh Diễn nghe tiếng gió rít liên hồi, mưa dội xuống mái tôn kêu vang trời. Hé cửa vừa lọt một mắt nhìn ra ngoài, anh thấy trời tối sầm, biển quảng cáo, cành cây bay khắp nơi. Chưa kịp khép lại, gió đã quật cửa mở toang. Vợ chồng anh Diễn và con trai lớn phải hò nhau giữ hai cánh cửa để chốt trong. Trời đang mưa to thì ngớt, gió ngừng rít. Anh Diễn nhớ lời dặn của cụ già trong khu phố 'trước trận cuồng phong trời thường trở lặng'. Lập tức cả gia đình kéo nhau vào phòng kho phía sau trú ẩn. Vài phút sau, gió xoáy ập đến, mái tôn bị giật tung và thổi bay ra sân sau. 'Vợ và ba đứa con khóc thét, chân tay run lẩy bẩy', anh Diễn kể lại. Dù rất sợ, anh trấn an cả nhà, choàng tay ôm bốn mẹ con lùi vào nhà tắm ẩn nấp. Gió gào thét, mưa xối xả dội xuống liên tục hơn 2 tiếng, cả nhà anh Diễn chỉ dám rời nhà tắm cho tới khi cảm nhận gió nam xuất hiện. Người dân kể lại khoảnh khắc gió bão giật tung mái, phải trú trong nhà tắm. Video: Huy Mạnh Ngôi nhà vợ chồng Diễn thuê rộng chừng 120 m2, ở mặt quốc lộ 18, phường Quang Hanh, TP Cẩm Phả. Toàn bộ tầng 1 dùng để bán cơm rang, phở bò. Gác lửng bên trên anh cải tạo thành hình chữ L, rộng khoảng 20 m2, cao 1,5 m để làm phòng học cho ba con và chỗ ngủ của cả nhà. Bão đi qua, mái tôn bị thổi bay, ngôi nhà cấp 4 trống hoác hứng trọn nắng mưa. Toàn bộ sách vở, đồ dùng học tập của ba con ướt nhèm, rách tươm. Hoài Anh, 8 tuổi, con gái út của anh Diễn cả ngày rầu rĩ, tiếc bộ sách giáo khoa mới dùng được hai ngày. Hai bài tập cô giáo giao, em làm cả tối cũng bị gió thổi bay. Hai anh 11 và 14 tuổi cũng không biết lấy sách vở gì để bắt đầu tuần học mới. Anh Diễn nhẩm tính thiệt hại khoảng 150 triệu đồng. 'Quán ăn, cần câu cơm duy nhất của gia đình, phải đóng cửa trong lúc chờ sửa chữa. Đồ đạc sinh hoạt, kinh doanh cũng phải sắm lại từ đầu để tiếp tục cuộc sống', anh nói. Cách nhà anh Diễn gần 2 km, hàng chục hộ dân ở phường Cẩm Sơn, TP Cẩm Phả cũng tan hoang sau bão. Hầu hết nhà bị bay tấm tôn, cong cửa, gãy cây. Anh Trần Phi Công, trú phường Cẩm Sơn, kể trước khi bão đổ bộ đã dành hơn nửa ngày dọn dẹp phòng chống bão. Lạc quan bởi ngôi nhà của gia đình từng đứng vững qua bao mùa gió bão nên anh chỉ cắt tỉa cành cây lớn quanh nhà, cất hoặc vứt bỏ bìa tôn, sắt vụn cùng những vật dụng dễ bị gió thổi bay. Anh Trần Phi Công đang dọn dẹp lại ngôi nhà sau bão. Ảnh: Giang Huy Nhưng ngoài dự tính, trưa 7/9 bão đổ bộ khiến mái tôn cứ phập phồng sắp bung, cửa rung lắc bần bật. Anh Công vội thu dọn bớt điện thoại di động ở buồng ngoài, nơi dùng để kinh doanh, sửa chữa điện thoại. Song chưa thu được bao nhiêu thì gió xoáy ập đến, thổi bay mái tôn. 'Lúc đó tôi đứng trong góc nhà, nghe tiếng động mạnh nên ngước nhìn lên thì thấy mái tôn đang văng ra xa. Chạy nép vào góc tường trong cùng, tôi vẫn bị mảnh sắt bay cứa đứt tay', anh Công nhớ lại. Mái nhà anh Công trước lợp ngói, kết cấu khung sắt. Một năm trước, do ngói cũ kỹ nên anh chi hơn 150 triệu đồng bắn tôn lạnh. Sau khi mái tôn bị cuốn đi, các trận gió liên tiếp khiến đồ đạc trong nhà anh vỡ vụn. Màn hình tivi, máy vi tính để bàn vỡ làm đôi, ba chiếc xe máy đổ bẹp đè lên nhau. Quần áo bị gió cuốn. 'Bao năm tích cóp sắm sửa được ít đồ đạc, giờ tôi thành tay trắng. Buồn hơn cả là quần áo mới cùng các bộ sách vở, cặp sách, đồ dùng học tập mới tinh của ba đứa con bị rách tươm', anh Công nói. Không chỉ TP Cẩm Phả, TP Hạ Long cũng thiệt hại nặng nề do bão Yagi. Toàn bộ cửa hàng kinh doanh nhà hàng, cà phê, đồ lưu niệm ở dãy nhà liền kề thuộc khu ẩm thực phố Cổ, sát công viên Hạ Long, bị gió quật đổ, trơ khung thép. Một ngày khi bão đi qua, toàn khu phố vẫn tan hoang. Khu phố Cổ, sát công viên Hạ Long, tan hoang sau bão. Ảnh: Giang Huy Chiều 8/9, vợ chồng ông Vũ Văn Lương, 60 tuổi, cùng 14 nhân viên tất bật bới từng ngóc ngách trong nhà hàng hải sản của gia đình ở đường ven biển Hạ Long để tìm lại đồ còn giá trị sử dụng. Ông đã đầu tư nhà hàng từ 9 tháng trước với tổng giá trị hơn 2 tỷ đồng. Nhà hàng rộng 700 m2, sức chứa 300 khách một lúc và có 14 nhân viên làm việc thường xuyên. Song bão đã thổi bay toàn bộ phần mái, biển hiệu, khiến nhiều đồ đạc có giá hư hỏng. 'Chiều nay tôi đã gọi nhân viên đến xin lỗi, tình thế buộc phải cho tất cả nghỉ việc. Đau lòng lắm, đi hết cơ nghiệp, phải làm lại từ đầu, 14 con người bỗng thất nghiệp mà không biết phải làm sao', ông Lương nói. Sống vài chục năm ở vùng ven biển Hạ Long, ông Long nói chưa từng chứng kiến cơn bão nào khủng khiếp đến thế. Bình thường bão đổ bộ Quảng Ninh chỉ khoảng 1-2 tiếng là sang địa phương khác hoặc suy yếu, nhưng lần này càn quét suốt từ 12h đến 18h với sức gió cực mạnh (cấp 11-13) mới sang đến Hải Dương. UBND tỉnh Quảng Ninh thống kê đến chiều 8/9 có 5 người chết, 157 người bị thương, 19.500 nhà bị tốc mái, 21 phương tiện vận tải thủy, 23 tàu du lịch, 41 tàu cá bị chìm, trôi dạt, hơn 1.297 cột điện bị gãy, 70% cây xanh bị gãy đổ. Hơn 1.100 lồng bè nuôi thủy sản bị chìm hoặc cuốn trôi. Phạm Dự","09/09/2024 01:21","0","0"
"4790233","Tan hoang vì bão Yagi. . TP Hải Phòng ngổn ngang sau khi bão Yagi quét qua. Cần cẩu ở công trường trên đường Hồng Bàng, quận Hồng Bàng bị gãy đổ, trưa 7/9. Ảnh: Lê Tân TP Hải Phòng ngổn ngang sau khi bão Yagi quét qua. Cần cẩu ở công trường trên đường Hồng Bàng, quận Hồng Bàng bị gãy đổ, trưa 7/9. Ảnh: Lê Tân Cây đổ làm sập một phần bức tường bao cảng Hải Phòng, đoạn qua đường Lê Thánh Tông, quận Ngô Quyền. Ảnh: Lê Tân Cây đổ làm sập một phần bức tường bao cảng Hải Phòng, đoạn qua đường Lê Thánh Tông, quận Ngô Quyền. Ảnh: Lê Tân Đường Lê Thánh Tông, quận Ngô Quyền, ngổn ngang sau gần 10 tiếng mưa gió mạnh. Ảnh: Lê Tân Đường Lê Thánh Tông, quận Ngô Quyền, ngổn ngang sau gần 10 tiếng mưa gió mạnh. Ảnh: Lê Tân Khoảng 50% cây xanh trên các tuyến đường trung tâm thành phố như Lê Thánh Tông, Trần Phú, Điện Biên Phủ, Hoàng Diệu, Trần Hưng Đạo... bị gãy đổ khiến giao thông bị chia cắt. Ảnh: Lê Tân Khoảng 50% cây xanh trên các tuyến đường trung tâm thành phố như Lê Thánh Tông, Trần Phú, Điện Biên Phủ, Hoàng Diệu, Trần Hưng Đạo... bị gãy đổ khiến giao thông bị chia cắt. Ảnh: Lê Tân Rào chắn bằng tấm tôn bị quật đổ trong cảng Hoàng Diệu, Hải Phòng. Ảnh: Lê Tân Rào chắn bằng tấm tôn bị quật đổ trong cảng Hoàng Diệu, Hải Phòng. Ảnh: Lê Tân Quảng Ninh cũng gánh nhiều thiệt hại do bão. Những tấm tôn bay đè lên thuyền tránh bão bên cảng Cái Rồng, huyện Vân Đồn, khiến người dân phải đội mưa dọn dẹp. Ảnh: Giang Huy Quảng Ninh cũng gánh nhiều thiệt hại do bão. Những tấm tôn bay đè lên thuyền tránh bão bên cảng Cái Rồng, huyện Vân Đồn, khiến người dân phải đội mưa dọn dẹp. Ảnh: Giang Huy Khắp huyện Vân Đồn tan hoang khi những tấm tôn, biển báo đổ sập. Người dân tranh thủ lúc ngớt mưa ra ngoài dọn dẹp. Ảnh: Phạm Dự Khắp huyện Vân Đồn tan hoang khi những tấm tôn, biển báo đổ sập. Người dân tranh thủ lúc ngớt mưa ra ngoài dọn dẹp. Ảnh: Phạm Dự Cây ven đường bị thổi nghiêng, lật gốc, gãy cành khi bão Yagi đổ bộ đầu giờ chiều. Ảnh: Phạm Dự Cây ven đường bị thổi nghiêng, lật gốc, gãy cành khi bão Yagi đổ bộ đầu giờ chiều. Ảnh: Phạm Dự Nằm cách xa tâm bão nhưng Hà Nội gió lốc từng cơn từ buổi sáng. Đến đầu giờ chiều tốc độ gió tăng lên, giật dữ dội, thổi bay mái tôn nhà xưởng Công ty giày ở Thượng Đình, Thanh Xuân, Hà Nội. Ảnh cắt từ clip. Nằm cách xa tâm bão nhưng Hà Nội gió lốc từng cơn từ buổi sáng. Đến đầu giờ chiều tốc độ gió tăng lên, giật dữ dội, thổi bay mái tôn nhà xưởng Công ty giày ở Thượng Đình, Thanh Xuân, Hà Nội. Ảnh cắt từ clip. Cây đổ chắn ngang đường Hoàng Quốc Việt, quận Cầu Giấy khiến giao thông tê liệt. Cây đổ chắn ngang đường Hoàng Quốc Việt, quận Cầu Giấy khiến giao thông tê liệt. Cây cổ thụ gãy đổ trên đường Hoàng Quốc Việt đè bẹp một ôtô đang đậu. Cây cổ thụ gãy đổ trên đường Hoàng Quốc Việt đè bẹp một ôtô đang đậu. Gió mạnh làm đổ nhiều gốc cây cổ thụ trên đường Nguyễn Huy Tưởng, quận Thanh Xuân. Thân cây và tán của cây chiếm hết phần đường khiến phương tiện không thể di chuyển. Ảnh: Hoàng Giang Gió mạnh làm đổ nhiều gốc cây cổ thụ trên đường Nguyễn Huy Tưởng, quận Thanh Xuân. Thân cây và tán của cây chiếm hết phần đường khiến phương tiện không thể di chuyển. Ảnh: Hoàng Giang Lực lượng chức năng kết hợp với Công ty cây xanh liên tục trực dọn dẹp cây đổ trên đường phố Trần Quốc Hoàn, quận Cầu Giấy. Ảnh: Duy Anh Lực lượng chức năng kết hợp với Công ty cây xanh liên tục trực dọn dẹp cây đổ trên đường phố Trần Quốc Hoàn, quận Cầu Giấy. Ảnh: Duy Anh Nhiều hàng quán tạm trên trên vỉa hè đường Lê Văn Lương (quận Thanh Xuân) bị gió bão xé toang mái, bạt. Ảnh: Hoàng Giang Nhiều hàng quán tạm trên trên vỉa hè đường Lê Văn Lương (quận Thanh Xuân) bị gió bão xé toang mái, bạt. Ảnh: Hoàng Giang Nhiều cây si dưới chân toà chung cư trên mặt đường 70 phường Yên Xá, huyện Thanh Trì bị bật gốc, gãy đổ la liệt. Ảnh: Lê Hiếu Nhiều cây si dưới chân toà chung cư trên mặt đường 70 phường Yên Xá, huyện Thanh Trì bị bật gốc, gãy đổ la liệt. Ảnh: Lê Hiếu Cây đổ trong trường Đại học quốc gia Hà Nội chiều 7/9. Ảnh: Duy Anh Cây đổ trong trường Đại học quốc gia Hà Nội chiều 7/9. Ảnh: Duy Anh Nhóm phóng viên","07/09/2024 17:29","0","0"
"4788545","Bão Yagi vào Biển Đông. Vào Biển Đông rạng sáng 3/9, Yagi trở thành cơn bão thứ ba ở khu vực này, dự báo tăng cấp khi tiến gần các tỉnh từ Quảng Ninh đến Phú Yên.. Lúc 7h, tâm bão ở vùng biển phía đông bắc khu vực Bắc Biển Đông, sức gió mạnh nhất 74 km/h, cấp 8, giật cấp 11, đang theo hướng tây tây bắc với tốc độ 20-25 km/h, theo Trung tâm Dự báo Khí tượng Thủy văn. Dự báo đến 7h ngày mai, bão cách đảo Hải Nam (Trung Quốc) khoảng 740 km, sức gió mạnh nhất cấp 9-10, giật cấp 12, giảm tốc độ còn 10 km/h. Đến 7h ngày 5/9, bão cách đảo Hải Nam khoảng 400 km, đạt cấp 11-12, giật cấp 14. Những giờ tiếp theo bão giữ tốc độ và đổi hướng tây. Đến 7h ngày 6/9, bão trên vùng biển phía đông đảo Hải Nam, sức gió mạnh nhất cấp 13, giật cấp 16. Dự báo hướng đi và vùng ảnh hưởng bão Yagi, 7h ngày 3/9. Ảnh: Hệ thống giám sát thiên tai Đài khí tượng Nhật Bản cho biết sức gió mạnh nhất của bão hiện 90 km/h, khi đi về hướng đảo Hải Nam sẽ tăng lên hơn 160 km/h. Đài Hong Kong cũng nhận định tương tự về hướng đi, sức gió mạnh nhất của bão trước khi qua đảo Hải Nam là 155 km/h. Ông Nguyễn Văn Hưởng, Trưởng phòng Dự báo thời tiết, Trung tâm Dự báo Khí tượng Thủy văn quốc gia, nhận định bão Yagi khi vào Biển Đông sẽ liên tục tăng cấp do gặp các điều kiện khí quyển như gió, khí áp, nhiệt độ thuận lợi để mạnh lên và di chuyển chếch hướng tây. Do ảnh hưởng của bão, từ ngày 3/9, vùng biển đông bắc khu vực Bắc Biển Đông gió mạnh cấp 6, vùng gần tâm bão mạnh cấp 8-9, giật trên cấp 11-12, sóng biển cao 3-5 m. Hôm qua, Bộ Trưởng Nông nghiệp và Phát triển nông thôn Lê Minh Hoan đã ký công điện yêu cầu các tỉnh, thành Quảng Ninh - Phú Yên theo dõi diễn biến của bão, thông báo cho tàu thuyền biết về hướng đi để chủ động tránh cũng như sẵn sàng lực lượng cứu hộ cứu nạn khi có yêu cầu. Từ đầu năm, Biển Đông có hai cơn bão, trong đó bão Prapiron vào Quảng Ninh ngày 23/7, gây mưa lớn cho hầu hết miền Bắc, làm 14 người chết, 5 người mất tích tại TP Hà Nội, Điện Biên, Sơn La, Thái Nguyên, Bắc Giang. Gia Chính","03/09/2024 08:50","0","0"
"4790526","N/A. Quảng NinhSau bão, Hồng Yến, ở Hạ Long, phải mua rau xanh ở chợ với giá gấp 3, sống không điện, không nước, không sóng điện thoại.. VnExpress mở chiến dịch 'Chung tay cùng đồng bào vùng bão lũ' nhằm hỗ trợ người dân vượt lên nghịch cảnh thiên tai, tái thiết cuộc sống. Mọi đóng góp của bạn xin ủng hộ tại đây Liên hệ: 084 666 0123 hoặc podcast@vnexpress.net.","09/09/2024 04:00","0","0"
"4902365","N/A. . ","09/09/2024 04:00","0","0"
"4790313","N/A. Chuẩn bị mọi thứ để 'ở yên' 2 ngày nhưng chỉ 30 phút sau khi gió giật, hàng trăm cư dân nơi Việt Anh ở hoảng loạn tìm chỗ trú vì cao ốc rung lắc, tường kính bị lột trần.. VnExpress mở chiến dịch 'Chung tay cùng đồng bào vùng bão lũ' nhằm hỗ trợ người dân vượt lên nghịch cảnh thiên tai, tái thiết cuộc sống. Mọi đóng góp của bạn xin ủng hộ tại đây Liên hệ: 084 666 0123 hoặc podcast@vnexpress.net.","08/09/2024 04:00","0","0"
"4789948","N/A. . Siêu bão Yagi, với sức mạnh cực đại, sẽ đổ bộ vào vịnh Bắc Bộ vào sáng 7/9, buộc gần 13.000 hộ dân tại Hải Phòng, Quảng Ninh, Thái Bình phải sơ tán khẩn cấp. Gần 6,5 triệu học sinh tại 14 tỉnh, thành được cho nghỉ học để tránh bão. Các sân bay đóng cửa, giao thông gián đoạn. Nguy cơ lũ lụt, sạt lở và lũ quét đe dọa nhiều khu vực. Theo ông Mai Văn Khiêm, Giám đốc Trung tâm Dự báo Khí tượng Thủy văn quốc gia, Yagi là siêu bão có 'cường độ mạnh nhất trong khoảng 30 năm qua tại Việt Nam', với sức gió cấp 16, giật trên cấp 17 - mức cao nhất, có khả năng đánh đắm tàu thuyền trọng tải lớn. Quá trình tăng cấp nhanh bất thường của bão Yagi qua bản đồ vệ tinh Điểm bất thường đầu tiên của Yagi là hình thành ngay trên Biển Đông, thay vì từ Tây Bắc Thái Bình Dương và giảm cấp khi vào Biển Đông như các siêu bão thông thường. Thứ hai, đây là siêu bão mạnh lên nhanh nhất trong lịch sử với tốc độ trung bình cứ ba giờ tăng một cấp, đạt cấp 16 chỉ trong vòng hai ngày. Theo thống kê của Viện Khoa học Khí tượng Thuỷ văn và Biến đổi khí hậu, trung bình mỗi năm Việt Nam chịu ảnh hưởng của trên 7 cơn bão và áp thấp nhiệt đới. Vùng từ Quảng Ninh đến Thanh Hóa, bao gồm cả đồng bằng Bắc Bộ, có cường độ gió bão lớn nhất cả nước, trung bình đạt cấp 14, giật cấp 15-16, thường xảy ra trong khoảng tháng 7 đến tháng 9. Thống kê giai đoạn 1961-2014 có 116 cơn bão đổ bộ và ảnh hưởng đến vùng này với cường độ gió mạnh ở ngưỡng cao phổ biến là cấp 14. Với siêu bão Yagi, lần đầu tiên, Vịnh Bắc Bộ phải ban hành rủi ro thiên tai cấp độ 4, và là lần thứ ba Việt Nam ghi nhận mức rủi ro này trong lịch sử. Bão Yagi hình thành từ một áp thấp nhiệt đới ở ngoài khơi Philippines hôm 1/9. Trước khi vào Biển Đông sáng 3/9, cơn bão gây mưa lớn, cướp đi ít nhất 16 mạng người do lũ lụt và sạt lở, gây thiệt hại 4 triệu USD. Khi đổ bộ lên đảo Hải Nam (Trung Quốc) chiều qua, siêu bão thậm chí thổi bay người đi đường với sức gió lên tới 234 km/h. Từ năm 1949 đến 2023, hòn đảo này có 106 cơn bão đổ bộ, nhưng chỉ 9 cơn được phân loại là siêu bão, trong đó có Yagi. Đường đi của bão Yagi trên Biển Đông và ảnh hưởng đến các tỉnh Bắc Bộ theo quy mô dân số Sau khi vượt qua đảo Hải Nam (Trung Quốc), bão sẽ đi vào vịnh Bắc Bộ, Việt Nam. Khoảng trưa 7/9, tâm bão đổ bộ Quảng Ninh - Nam Định, cường độ cấp 11-12, giật cấp 15. Bão sau đó giữ hướng tây tây bắc, tốc độ 15-20 km/h. Theo Đài khí tượng Nhật Bản, khi vào vịnh Bắc Bộ, bão sẽ duy trì sức gió ở mức 168 km/h, trong khi Đài Hải quân Mỹ dự báo cơn bão sẽ duy trì ở mức 185 km/h khi đến giữa vịnh. Dự báo, tâm bão lần lượt đi qua các tỉnh thành: Quảng Ninh - Hải Phòng - Hải Dương - Bắc Ninh - Bắc Giang - Vĩnh Phúc - Phú Thọ - Thái Nguyên - Tuyên Quang. Ảnh hưởng của siêu bão gây mưa lớn trên diện rộng, với cảnh báo lũ lụt cấp độ 1 do mưa, lốc, sét và sạt lở - mức thấp nhất trong 4 cấp độ, theo Trung tâm dự báo Khí tượng Thuỷ văn quốc gia. Riêng tại Hà Nội và Thanh Hóa, dù bão chưa đổ bộ, mưa giông đã làm hàng trăm cây xanh gãy đổ, khiến một phụ nữ tử vong. Theo Ủy ban quốc gia Ứng phó sự cố, thiên tai và Tìm kiếm cứu nạn, quân đội đã huy động 457.460 người sẵn sàng ứng phó bão Yagi. Hơn 10.100 phương tiện, gồm 400 xe đặc chủng, 4.770 ô tô, 4.940 tàu thuyền và 6 máy bay cũng sẵn sàng ứng phó bão. Tính đến đêm 6/9, bão Yagi giảm xuống cấp 14, không còn là siêu bão. Tuy nhiên, sức tàn phá vẫn ở mức cao nhất. Theo bản đồ dự báo bão của Trung tâm Khí tượng Thuỷ văn quốc gia, tối 8/9, sau khi đi sâu vào đất liền Việt Nam, bão sẽ dần suy yếu trên biên giới Việt - Lào. Nội dung, Dữ liệu: Quang Tuệ - Phùng Nguyên Đồ hoạ: Khánh Hoàng - Đăng Hiếu","07/09/2024 00:46","0","0"
"4790527","24 người chết do bão Yagi. Bão Yagi đổ bộ miền Bắc đã làm 24 người chết, 3 người mất tích, trong đó Lào Cai 6, Quảng Ninh 5, Hà Nội và Hòa Bình mỗi tỉnh thành 4 người chết.. Thống kê đến tối 8/9 của Cục Quản lý đê điều và Phòng chống thiên tai cũng như một số địa phương cho thấy cơn bão mạnh nhất trong hàng chục năm qua đã làm 24 người chết, chủ yếu do sạt lở đất, cây đổ đè trúng người. Tâm bão Quảng Ninh chịu nhiều thiệt hại nhất với 5 người chết, trong đó có sĩ quan của Quân khu 3 và sĩ quan công an của trại giam tỉnh. Trong 229 người bị thương trên toàn khu vực thì Quảng Ninh có tới 157. Tất cả đều gặp nạn trong ngày bão đổ bộ với sức gió cấp 12-13, riêng Bãi Cháy tới cấp 14. Lào Cai và Hòa Bình nằm trong vùng ảnh hưởng trực tiếp của bão, sức gió cấp 8-9, mưa liên tục hai ngày qua khiến đất no nước, liên kết kém và sạt lở. Ngoài 6 người bị chết ở thị xã Sa Pa, Lào Cai còn 9 người bị thương do sạt lở vùi lấp khu dân cư nằm cách chân núi khoảng 100 m. Nhà dân ở TP Cẩm Phả, Quảng Ninh tan hoang sau bão Yagi. Ảnh: Giang Huy Nằm trên đường di chuyển của bão và hứng chịu gió cấp 10, Hà Nội ghi nhận 4 người chết, 17 người bị thương, chủ yếu do cây đổ đè trúng. Thành phố thống kê có tới 24.800 cây đổ, tập trung ở Hoàng Mai, Long Biên, Gia Lâm, Đông Anh, Nam Từ Liêm... Các địa phương khác như Hải Phòng ghi nhận 2 người chết; Hải Dương, Yên Bái, Lạng Sơn mỗi nơi một người chết. Bắc Giang có một người, Tuyên Quang hai người mất tích do lũ cuốn. Bão Yagi đã làm hơn 8.010 ngôi nhà bị hư hỏng; 25 tàu thuyền ở Quảng Ninh bị chìm tại nơi neo đậu. Tỉnh Quảng Ninh cũng có hơn 1.100 lồng bè nuôi thủy sản bị chìm hoặc cuốn trôi. Hệ thống điện và viễn thông bị tê liệt diện rộng. Quảng Ninh, Hải Phòng, Thái Bình, Hải Dương, Hà Nội bị mất điện do 5 đoạn đường dây 500kV, 31 đường dây 220kV, 97 đường dây 110kV gặp sự cố. Đến tối 8/9, nhiều khu vực ở Quảng Ninh, Hải Phòng vẫn chưa có điện. Cột điện đổ trên đường phố TP Cẩm Phả, Quảng Ninh, sáng 8/9. Ảnh: Giang Huy Ngành nông nghiệp thống kê gần 110.000 ha lúa bị ngập úng, tập trung tại Hải Phòng 7.000 ha, Thái Bình 29.000 ha, Hưng Yên 12.110 ha, Hải Dương 18.500 ha. 17.920 ha hoa màu, 6.900 ha cây ăn quả bị hư hại. Hiện nhiều tỉnh miền Bắc vẫn mưa. Cơ quan khí tượng dự báo trong 24-48 giờ tới Tây Bắc Bộ mưa 70-140 mm, có nơi trên 250 mm; từ đêm 9/9 đến chiều tối 10/9 mưa 50-100 mm, có nơi trên 200 mm. Đông Bắc Bộ và Thanh Hóa mưa nhỏ hơn, dao động 40-80 mm, có nơi trên 150 mm từ đêm 8/9 đến tối 9/9. 17/25 tỉnh thành miền Bắc đối diện nguy cơ sạt lở đất. 15 giờ bão càn quét qua miền Bắc. Video: Nhóm phóng viên Gia Chính","09/09/2024 00:26","0","0"
"4790367","Bão Yagi làm 14 người chết. Bão Yagi đổ bộ Quảng Ninh - Hải Phòng với sức gió cấp 12-13 làm 14 người chết, trong đó Quảng Ninh 4, Hà Nội 3 người, 176 người khác bị thương.. Theo Cục Cứu hộ - Cứu nạn, Bộ Quốc phòng, tổng hợp đến 10h sáng nay bão Yagi đã làm 4 người ở Quảng Ninh, 4 người ở Hòa Bình, 3 người ở Hà Nội, Hải Phòng, Hải Dương, Quân khu 3 mỗi nơi có một người chết. Ngoài ra, 176 người, chủ yếu ở Quảng Ninh bị thương. Các nạn nhân chủ yếu do bị cây đổ đè vào người, sạt lở đất và tàu bè trôi, mất tích. Tâm bão Quảng Ninh hứng chịu sức gió mạnh nhất ở Bãi Cháy lên tới cấp 14, các khu vực cấp 12-13 chịu nhiều tổn thất nhất về tài sản. Thống kê đến sáng nay, tỉnh có 38 tàu, thuyền bị chìm, mất tích; 1.000 lồng bè nuôi trồng thủy sản bị hư hại, chìm, mất tích. Số nhà bị tốc mái, hư hại lên đến hàng nghìn. Cột điện gãy đổ ở Đồ Sơn, Hải Phòng. Ảnh: Anh Phú Mạng lưới điện chịu thiệt hại với 401 cột điện bị gãy đổ, 27 trạm biến áp hư hỏng. Từ chiều đến tối qua, toàn tỉnh Quảng Ninh, TP Hải Phòng và Thái Bình phải cắt điện để khắc phục sự cố và đảm bảo an toàn trong mưa bão, làm hơn 3 triệu khách hàng (hộ gia đình, doanh nghiệp) bị ảnh hưởng. Đến sáng nay, nhiều khu vực vẫn mất điện. Sóng di động cũng gián đoạn từ chiều qua do 7 tuyến cáp quang liên tỉnh đứt, 27 cột phát sóng gãy đổ, 6.285 trạm mất điện trong bão Yagi, theo Cục Viễn thông, Bộ Thông tin và Truyền thông. Đến sáng nay, tại một khu vực ở Hải Phòng, Quảng Ninh và Hải Dương, nhiều người phản ánh chưa bắt được sóng di động. 121.500 ha lúa và hoa màu bị ngập, hư hại sau bão, tập trung tại Thái Bình, Hải Phòng, Hải Dương, Bắc Ninh, Hà Nội, Nam Định, Hưng Yên, Hà Nam. 5.000 ha cây ăn quả tại Hải Phòng, Thái Bình, Hưng Yên bị hư hại. Cây xanh ở miền Bắc gãy đổ rất nhiều, địa phương đang thống kê, riêng Hà Nội khoảng 17.000 cây. Một chiếc ôtô bị cây đổ đè bẹp ở bán đảo Linh Đàm, Hà Nội. Ảnh: Lộc Chung Sáng 8/9, Thủ tướng Phạm Minh Chính chủ trì hội nghị trực tuyến với 26 địa phương từ Thanh Hóa trở ra để đánh giá công tác chỉ đạo ứng phó, triển khai các biện pháp cấp bách khắc phục hậu quả bão Yagi. Phát biểu mở đầu hội nghị, Thủ tướng Phạm Minh Chính nói bão Yagi hoành hành trên đất liền hơn một ngày gây hậu quả nghiêm trọng. Hoàn lưu bão sẽ tiếp tục gây mưa lũ, nhất là các tỉnh miền núi phía Bắc. Thủ tướng yêu cầu cần rà soát ngay, hỗ trợ cho các địa phương bị thiệt hại, các gia đình có người thiệt mạng. Trong lúc này, người dân đang phải chịu thiệt hại, phải bàn với tinh thần khẩn trương; tiếp tục triển khai ngay các công việc khắc phục hậu quả bão; kịp thời xử lý các vấn đề liên quan tới đời sống người dân, sản xuất, kinh doanh, ứng phó sạt lở, sụt lún. Bão giảm cấp không theo quy luật thông thường Tại hội nghị, Bộ Tài nguyên và Môi trường đánh giá bão Yagi 'rất đặc biệt', hình thành phía đông Philippines, mạnh lên thành siêu bão trên Biển Đông và là cơn bão mạnh nhất tại đây trong 30 năm qua. Yagi tăng cường độ rất nhanh, trong 24 giờ đã tăng 8 cấp lên cấp 16 siêu bão và duy trì cấp này trong thời gian dài. Kể cả khi đổ bộ đảo Hải Nam của Trung Quốc đêm 6/9, bão vẫn đạt cấp siêu bão. Mức độ giảm cấp trên đường đi của Yagi 'không theo quy luật thông thường'. Bình thường các cơn bão đi qua đảo Hải Nam vào vịnh Bắc Bộ do ma sát với đảo sẽ yếu đi nhanh, nhưng Yagi chỉ giảm 2 cấp, còn 14. Khi áp sát bờ biển Quảng Ninh - Hải Phòng vào trưa qua, bão vẫn giữ cấp 12-13. Thời gian Yagi lưu trên đất liền kéo dài 12 giờ, trong đó nhiều giờ sau khi đổ bộ Quảng Ninh - Hải Phòng bão vẫn giữ cấp 12-13. Đến 4h sáng nay, Yagi suy yếu thành áp thấp nhiệt đới ở Tây Bắc Bộ, dự báo trong 12-24 giờ tới suy yếu thành vùng thấp và tan dần. Hôm qua, lý giải vì sao bão chậm giảm cấp dù đã đổ bộ, ông Mai Văn Khiêm, Giám đốc Trung tâm Dự báo Khí tượng Thủy văn quốc gia, cho biết hoàn lưu của bão Yagi rất rộng, bao trùm cả Bắc Bộ, Bắc Trung Bộ và có tính chất đối xứng khiến việc giảm cấp nhanh rất khó. Bề mặt đệm ở Bắc Bộ nóng, ẩm, là nguồn cung cấp năng lượng cho bão. Hà Nội tan hoang sau bão Yagi. Video: Lộc Chung - Văn Ngọc - Bá Nam Bộ Tài nguyên và Môi trường đánh giá dự báo của Việt Nam về cường độ, hướng đi của bão Yagi sát với thực tế từ khi ở vịnh Bắc Bộ cũng như khi vào đất liền. Dự báo hai ngày tới hoàn lưu bão Yagi sẽ gây mưa lớn cho đồng bằng, trung du và miền núi phía Bắc, lượng mưa trung bình 24 giờ có thể lên tới 100-150 mm, có nơi lên đến hơn 200 mm. Trên các sông nhỏ ở Quảng Ninh, Lạng Sơn, Cao Bằng, Hòa Bình, lũ có thể lên mức báo động 2-3. Các tỉnh thành Quảng Ninh, Hải Phòng, Lạng Sơn, Thái Nguyên, Cao Bằng, Hà Giang, Yên Bái, Bắc Kạn, Nam Định, Thái Bình, Hà Nam, Hà Nội có nguy cơ cao ngập lụt do mưa lớn. Nhiều địa phương như Quảng Ninh, Lạng Sơn, Bắc Kạn, Thái Nguyên, Bắc Giang, Vĩnh Phúc, Hòa Bình, Phú Thọ, Tuyên Quang, Yên Bái, Sơn La, Lai Châu, Lào Cai, Thanh Hòa đối diện nguy cơ lũ ống, lũ quét, sạt lở đất. Viết Tuân - Gia Chính","08/09/2024 11:12","0","0"
"4902364","N/A. . ","08/09/2024 04:00","0","0"
"4790018","N/A. Siêu bão Yagi được cho là minh chứng rõ ràng cho xu hướng các cơn bão mạnh hơn tấn công vào Đông Á và Đông Nam Á, chủ yếu do nhiệt độ đại dương tăng.. VnExpress mở chiến dịch 'Chung tay cùng đồng bào vùng bão lũ' nhằm hỗ trợ người dân vượt lên nghịch cảnh thiên tai, tái thiết cuộc sống. Mọi đóng góp của bạn xin ủng hộ tại đây Liên hệ: 084 666 0123 hoặc podcast@vnexpress.net.","07/09/2024 04:00","0","0"
"4902362","N/A. . ","07/09/2024 04:00","0","0"
"4789195","Yagi mạnh lên thành siêu bão. Trưa nay, gió bão Yagi mạnh nhất lên 201 km/h, cấp 16 siêu bão, khu vực đổ bộ dự báo từ Quảng Ninh đến Ninh Bình vào chiều 7/9.. Tâm bão đang trên vùng biển phía Bắc khu vực Bắc Biển Đông, cách đảo Hải Nam (Trung Quốc) khoảng 490 km, sức gió 184-201 km/h, theo Trung tâm Dự báo Khí tượng Thủy văn quốc gia. Trong hơn ba ngày sau khi vào Biển Đông, bão Yagi đã tăng từ cấp 8 lên 16, trở thành một trong những cơn bão mạnh nhất trên Biển Đông trong 10 năm qua. Dự báo đường đi và ảnh hưởng của siêu bão Yagi. Ảnh: NCHMF Dự báo với hướng tây và tốc độ 10 km/h, đến 10h ngày 6/9 tâm bão cách đảo Hải Nam khoảng 120 km và cách Quảng Ninh khoảng 550 km, duy trì cấp siêu bão. Siêu bão Yagi sau đó chếch lên bắc, tốc độ 15-20 km/h và giảm cấp khi vào gần bờ. Đến 10h ngày 7/9, tâm bão ở bắc vịnh Bắc Bộ, cách Quảng Ninh khoảng 120 km, sức gió giảm còn cấp 13, giật cấp 16. Bão sau đó đi vào khu vực Quảng Ninh - Ninh Bình với sức gió cấp 9-12, giật cấp 13-14 và suy yếu thành áp thấp nhiệt đới. Đài khí tượng Nhật Bản cho biết bão hiện đã đạt cực đại 198 km/h, khi vào vịnh Bắc Bộ giảm còn 126 km/h. Đài Hong Kong cho rằng bão tiếp tục tăng sức gió lên 220 km/h trong những giờ tới. Cả hai đài đều chung dự báo bão sẽ chếch lên phía bắc qua bán đảo Lôi Châu, Trung Quốc, rồi sẽ vào vịnh Bắc Bộ. Do ảnh hưởng của bão, Bắc Biển Đông có gió mạnh cấp 11-14, vùng tâm bão cấp 15-16, giật cấp 17, sóng biển cao 10-12 m. Đĩa mây bão Yagi bao trùm gần hết Biển Đông lúc 13h ngày 5/9. Ảnh: Trung tâm Mạng lưới Khí tượng Thuỷ văn quốc gia Từ trưa 6/9, phía đông vịnh Bắc Bộ bao gồm huyện đảo Bạch Long Vĩ có gió mạnh dần lên cấp 6-7. Từ đêm cùng ngày, vịnh Bắc Bộ, bao gồm huyện đảo Cô Tô gió mạnh dần lên cấp 8-9, sau tăng lên cấp 10-12, vùng gần tâm bão 13-14, giật cấp 17, sóng biển cao 6-8 m. Trên đất liền, gần sáng 7/9, vùng biển Quảng Ninh - Thanh Hóa gió mạnh dần lên cấp 6-7, sau tăng lên cấp 8-9, vùng gần tâm bão cấp 10-12, sóng biển cao 3-5 m. Khu vực sâu trong đất liền Đông Bắc Bộ gió mạnh cấp 6-8, giật cấp 9-11. Ven biển Quảng Ninh - Thanh Hóa nước dâng do bão cao 0,5-1,8 m vào chiều và đêm 7/9 và nước rút do bão cao 0,5-1 m vào sáng 8/9. Từ ngày 6 đến 9/9, Bắc Bộ và Bắc Trung Bộ mưa 100-350 mm, có nơi trên 500 mm, có thể gây ngập úng tại các vùng trũng, thấp; lũ quét trên các sông, suối nhỏ, sạt lở đất trên sườn dốc. Gia cố cho tàu của ngư dân tại âu cảng Bạch Long Vĩ, Hải Phòng chiều 4/9. Ảnh: Sơn Hà Trưa 5/9, Thủ tướng ban hành công điện thứ hai yêu cầu các tỉnh miền Bắc, Thanh Hóa - Bình Định và toàn bộ hệ thống chính trị triển khai ứng phó bão với với tinh thần chủ động phòng ngừa, ứng phó ở mức cao nhất để bảo đảm an toàn tính mạng, nhất là trẻ em và người yếu thế. Lãnh đạo các tỉnh được yêu cầu hoãn các cuộc họp không cần thiết, tập trung phòng chống bão theo các đầu mối công việc như: Rà soát tàu thuyền, người dân trên các lồng bè, chòi canh; đảm bảo an toàn đê điều, hồ đập. 'Xem xét trách nhiệm người đứng đầu các tổ chức, cơ quan, đơn vị lơ là, chủ quan trong thực hiện nhiệm vụ', Thủ tướng khẳng định. Bộ trưởng các bộ Quốc phòng, Công an, Nông nghiệp và Phát triển nông thôn, Tài nguyên và Môi trường, Công Thương, Giao thông vận tải, Xây dựng, Ngoại giao, Thông tin và Truyền thông, Giáo dục và Đào tạo, Y tế, Văn hóa Thể thao và Du lịch theo chức năng nhiệm vụ triển khai các phương án ứng phó với bão. Chiều nay, Phó thủ tướng Trần Hồng Hà sẽ họp với hầu hết các tỉnh, thành miền Bắc, Thanh Hóa - Hà Tĩnh và các bộ ngành để bàn phương án ứng phó với siêu bão Yagi. Các địa phương như Hải Phòng, Quảng Ninh tối qua đã bắn pháo hiệu kêu gọi tàu thuyền vào bờ trú tránh. Hôm nay các tỉnh sẽ ban bố lệnh cấm biển. Gia Chính","05/09/2024 11:44","0","0"
"4789136","Bão Yagi mạnh lên cấp 15. Bão Yagi đã mạnh lên cấp 15 với sức gió tối đa 183 km/h, tăng 3 cấp so với chiều qua và khả năng đạt cấp 16 (siêu bão) trong hôm nay.. Trung tâm Dự báo Khí tượng Thủy văn quốc gia cho biết lúc 4h sáng nay tâm bão Yagi đang trên vùng biển bắc khu vực Bắc Biển Đông, cách đảo Hải Nam (Trung Quốc) khoảng 550 km. Bão theo hướng tây, sau chếch lên bắc một chút, tốc độ 10 km/h, đến 4h ngày mai sẽ cách đảo Hải Nam khoảng 210 km, sức gió 184-201 km/h, cấp siêu bão. Sau đó siêu bão tăng tốc 10-15 km/h, đi sượt qua bán đảo Lôi Châu (Trung Quốc), vào vịnh Bắc Bộ đêm 6 rạng sáng 7/9. Lúc này gió bão giảm còn cấp 13-14, tức trong ngưỡng 134-166 km/h, giật cấp 17. Vẫn giữ hướng và tốc độ 10-15 km/h, bão sau đó đổ bộ khu vực Quảng Ninh - Hải Phòng và đi sâu vào miền Bắc, trong đó có Hà Nội. Dự báo đường đi và vùng ảnh hưởng của bão Yagi, sáng 5/9. Ảnh: NCHMF Đài khí tượng Nhật Bản cho biết gió bão đang là 180 km/h, chiều nay sẽ đạt cực đại 198 km/h. Đài Hong Hong đánh giá Yagi đang là siêu bão với sức gió 205 km/h, chiều nay tăng lên 210 km/h. Đài Hải quân Mỹ thì cho rằng bão sẽ đạt sức gió 205 km/h vào chiều nay trước khi qua bán đảo Lôi Châu. Về hướng đi, các đài quốc tế đều nhận định bão đi chếch lên phía bắc về bán đảo Lôi Châu thay vì lách qua eo biển giữa bán đảo này với đảo Hải Nam như hôm qua. Như thế bão sẽ chịu ma sát với đất liền nhiều hơn. Ông Hoàng Phúc Lâm, Phó giám đốc Trung tâm Dự báo Khí tượng Thủy văn quốc gia, nhận định mối nguy hiểm của bão Yagi là tâm bão chưa vào nhưng khi cách đất liền Việt Nam 400-500 km thì Bắc Bộ đã có thể xuất hiện mưa giông kèm lốc sét. Khả năng đêm 6/9, bão vào vịnh Bắc Bộ nên từ rạng sáng 7/9 khu vực ven biển, đất liền có gió mạnh, mưa tăng rõ rệt. Cao điểm là từ chiều 7 đến sáng 8/9 - thời gian bão đổ bộ, đất liền mưa to, gió rất mạnh. Do bão mạnh, khu vực chịu ảnh hưởng sẽ là Bắc Bộ, Bắc Trung Bộ. Trong đó, trọng tâm gió mạnh, mưa to nhất là các tỉnh thành ven biển Quảng Ninh - Ninh Bình. Biên phòng ở đảo Bạch Long Vĩ, Hải Phòng giúp dân chằng néo tàu thuyền chống bão Yagi, ngày 4/9. Ảnh: Lê Tân Trong 24 giờ tới, Bắc Biển Đông có gió mạnh cấp 11-13, sóng biển cao 7-9 m; vùng gần tâm bão gió mạnh cấp 14-16, giật trên cấp 17, sóng biển cao 10-12 m. Từ đêm 6/9, vịnh Bắc Bộ gió mạnh cấp 10-12, vùng gần tâm bão cấp 13-14, giật cấp 17. Trên đất liền, từ khoảng đêm 6/9 đến sáng 9/9, Bắc Bộ và Bắc Trung Bộ có khả năng xuất hiện đợt mưa to, cục bộ có nơi mưa rất to với tổng lượng phổ biến 100-300 mm, có nơi trên 500 mm, gây nguy cơ ngập úng tại các vùng trũng, thấp; lũ quét trên các sông, suối nhỏ, sạt lở đất trên sườn dốc. Để ứng phó với bão Yagi, Thủ tướng ngày 3/9 đã ban hành công điện yêu cầu hầu hết tỉnh Bắc Bộ, Bắc Trung Bộ chủ động phương án ứng phó. Các địa phương ven biển như Hải Phòng, Quảng Ninh tối qua đã bắn pháo hiệu kêu gọi tàu thuyền vào bờ trú tránh. Hôm nay các tỉnh sẽ ban bố lệnh cấm biển. Gia Chính","05/09/2024 06:32","0","0"
"4788988","Yagi có thể mạnh lên siêu bão. Chiều 4/9, bão Yagi mạnh lên cấp 12, đạt cực đại vào ngày 6/9 với sức gió 183 km/h (cấp 15), một số đài quốc tế dự báo có thể lên 184-201 km/h (cấp 16 - siêu bão).. Tại cuộc họp ứng phó với bão Yagi do Bộ Nông nghiệp và Phát triển nông thôn tổ chức chiều 4/9, ông Mai Văn Khiêm, Giám đốc Trung tâm Dự báo Khí tượng Thủy văn quốc gia, cho biết lúc 14h, bão cách đảo Hải Nam (Trung Quốc) 710 km. So với sáng nay, bão đã tăng một cấp, sức gió khoảng 118-133 km/h (cấp 12), giật cấp 15. Như vậy sau hơn 24 giờ vào Biển Đông, bão đã tăng bốn cấp. Bão sẽ tiếp tục tăng cấp trong 24-48 giờ tới khi áp sát đảo Hải Nam. Nguyên nhân là nhiệt độ mặt nước biển đang ấm (30 độ C) và các điều kiện khí tượng khác thuận lợi cho quá trình phát triển của bão. 'Trong bản tin lúc 11h, chúng tôi dự báo bão có thể lên cấp 15 thay vì 14 như bản tin lúc 8h. Hiện một số cơ quan khí tượng quốc tế đã nhận định bão mạnh lên cấp 16, từ giờ đến tối nay chúng tôi sẽ tiếp tục đánh giá để xem xét có nâng mức độ bão lên cấp siêu bão hay không', ông Khiêm nói. Ông Mai Văn Khiêm nhận định về bão Yagi, chiều 4/9. Ảnh: G.C Nếu Yagi mạnh cấp 16 ở vùng biển ven bờ Việt Nam thì sẽ gây mức độ rủi ro thiên tai cấp 5 - thảm họa. Cấp độ này cảnh báo thiệt hại rất lớn về người; vật nuôi; dịch bệnh phát sinh, cộng đồng dân cư không đủ khả năng phục hồi thiệt hại và khắc phục hậu quả thiên tai. Môi trường bị tàn phá nặng nề, hậu quả nghiêm trọng và lâu dài. Phạm vi tác động trên nhiều tỉnh thành. Hiện đài Nhật Bản đã nâng Yagi lên 'cuồng phong' và sẽ đạt cực đại với sức gió mạnh nhất 180 km/h khi ở sát đảo Hải Nam ngày 6/9. Đài Hong Kong cho rằng Yagi sẽ ở mức siêu bão, sức gió mạnh nhất 195 km/h. Đài Hải quân Mỹ nhận định bão hiện mạnh 130 km/h, trước khi vào đảo Hải Nam tăng lên 213 km/h. Cơ quan khí tượng Việt Nam nhận định đêm 6/9, bão vào vịnh Bắc Bộ, đạt cấp 12-13, giật cấp 15. Về khả năng bão vào đất liền, ông Khiêm phân tích còn phụ thuộc hướng di chuyển lệch lên bắc hay xuống phía nam. 'Năm 2014 có một cơn bão tương tự, thời điểm ở phía đông đảo Hải Nam ở cấp 12, giật cấp 15 nhưng do đi lên phía bắc nên khu vực Quảng Ninh chỉ có gió cấp 8-9, giật cấp 10, mưa 100-200 mm. Nếu tâm bão lệch thêm 100 km nữa thì sức gió sẽ giảm nhiều, đất liền Việt Nam chỉ có gió cấp 6', ông Khiêm phân tích. Dự báo hướng đi, vùng ảnh hưởng bão Yagi, chiều 4/9. Ảnh: Hệ thống giám sát thiên tai Kịch bản xấu khi bão đi lệch xuống phía nam 50 km thì hoàn lưu bão sẽ bao trùm lên toàn bộ đồng bằng Bắc Bộ. Cả Hà Nội, Bắc Ninh cũng sẽ có chịu tác động xấu. Ngoài gió giật mạnh, các tỉnh ven biển sóng sẽ cao 9 m, sau tăng lên 11 m. Hiện thủy triều đang thấp nên sóng cao sẽ ít ảnh hưởng, nhưng do mưa lớn dẫn tới khu vực trũng thấp, ven biển vẫn có khả năng ngập úng. Thứ trưởng Nông nghiệp và Phát triển nông thôn Nguyễn Hoàng Hiệp đánh giá nhiều năm qua Việt Nam chưa phải trải qua cơn bão mạnh như hiện tại với mức độ ảnh hưởng lớn ở cả trên biển, đất liền, đồng bằng và vùng núi. 'Khu vực dự báo bão đổ bộ là trọng điểm phát triển kinh tế, xã hội ở miền Bắc cả về công nghiệp và nông nghiệp nên nếu chủ quan thì thiệt hại sẽ rất lớn', ông nói. Lãnh đạo Bộ đề nghị cơ quan khí tượng cung cấp thông tin dự báo sớm. Bản tin 14h ngày mai sẽ quyết định phương hướng chỉ đạo phòng chống bão. Nếu ở mức độ hiện tại thì Thủ tướng sẽ thành lập Ban chỉ đạo tiền phương. Nếu lên mức siêu bão thì thẩm quyền chỉ đạo sẽ là Chủ tịch nước. Ảnh vệ tinh bão Yagi lúc 15h40. Ảnh: Trung tâm Mạng lưới Khí tượng Thủy văn quốc gia Kết luận tại cuộc họp, Bộ trưởng Nông nghiệp và Phát triển nông thôn Lê Minh Hoan nói Trung ương sẽ có chỉ đạo, nhưng ngay từ bây giờ địa phương cần chủ động đưa ra các tình huống, kịch bản để hạn chế rủi ro tính mạng, tài sản của người dân với tinh thần 'hành động không hối tiếc'. Các địa phương có thể cấm biển, cấm hoạt động đông người như họp chợ, hoãn khai giảng và sẵn sàng sử dụng doanh trại, đồn biên phòng để làm nơi di tản người dân. Hiện, Bộ đội biên phòng các tỉnh đã hướng dẫn cho 504 tàu, hơn 3.300 lao động hoạt động ở khu vực nguy hiểm về nơi tránh trú. Về hồ chứa, ở Bắc Bộ có 120 hồ hư hỏng, 77 hồ đang thi công. Trung Bộ có 140 hồ hư hỏng, 63 hồ đang thi công. Đê biển đang được thiết kế chống chịu bão cấp 9-10. Theo thống kê, tuyến đê biển, đê cửa sông từ Quảng Ninh đến Quảng Ngãi có 91 trọng điểm xung yếu, trong đó có 31 điểm ở miền Bắc. Bắc Bộ và Bắc Trung Bộ còn 15.000 ha lúa hè thua đang chuẩn bị thu hoạch, gần một triệu ha lúa mùa đang ở giai đoạn hóa đòng, nếu ngập quá 24 giờ sẽ hỏng. Gia Chính","04/09/2024 17:03","0","0"
"4788727","Bão Yagi mạnh lên cấp 11. Một ngày sau khi vào Biển Đông, bão Yagi đã tăng thêm ba cấp và được dự báo tiếp tục tăng cấp trong hôm nay.. Trung tâm Dự báo Khí tượng Thủy văn quốc gia cho biết lúc 7h, tâm bão trên vùng biển phía đông khu vực Bắc Biển Đông, cách đảo Hải Nam (Trung Quốc) khoảng 770 km, sức gió mạnh nhất 117 km/h, cấp 11, giật tăng hai cấp và đang theo hướng tây tây bắc với tốc độ 10 km/h. Đến 7h ngày mai, tâm bão cách đảo Hải Nam khoảng 520 km về phía đông, sức gió mạnh nhất 149 km/h, cấp 13, giật cấp 16, giữ nguyên tốc độ nhưng chuyển hẳn hướng tây. Sau đó, bão giữ hướng, tăng tốc độ lên 10-15 km/h, sức gió mạnh nhất 166 km/h, cấp 14, giật cấp 17. Dự báo hướng đi và vùng ảnh hưởng bão Yagi, sáng 4/9. Ảnh: NCHMF Các đài khí tượng quốc tế đều nhận định bão sẽ đi qua khu vực phía bắc đảo Hải Nam rồi vào bắc vịnh Bắc Bộ. Dù chịu ma sát với đảo, cường độ bão chỉ giảm 1-2 cấp. Đài khí tượng Nhật Bản cho biết bão đang mạnh 126 km/h, trước khi vào đảo Hải Nam tăng lên 180 km/h. Đài Hong Kong đưa ra nhận định bão sẽ tiến sát đảo Hải Nam với sức gió 175 km/h, khi vào vịnh Bắc Bộ giảm còn 155 km/h. Ông Nguyễn Văn Hưởng, Trưởng phòng Dự báo thời tiết, Trung tâm Dự báo Khí tượng Thủy văn quốc gia, giải thích bão liên tục tăng cấp là do khu vực bão đi qua đang có điều kiện khí quyển như gió, khí áp, nhiệt độ thuận lợi. Hiện ảnh vệ tinh cho thấy đường kính vành đĩa mây bão rất lớn, phạm vi ảnh hưởng rộng. Mây bão đậm đặc, mắt bão bắt đầu xuất hiện. Do ảnh hưởng của Yagi, vùng biển phía đông bắc Biển Đông gió mạnh cấp 8-10, vùng gần tâm bão đi qua cấp 11-13, giật cấp 16, sóng biển cao 7-9 m. Ngày 5-6/9, bão ở phía bắc Biển Đông, sức gió mạnh nhất cấp 14, giật cấp 17, sóng biển cao 9-11 m. Trong công điện gửi hầu hết tỉnh, thành miền Bắc, Thanh Hóa - Quảng Ngãi sáng 3/9, Thủ tướng yêu cầu các địa phương kiểm đếm, rà soát tàu thuyền, chủ động phương án cấm biển. Trên đất liền, các địa phương tổ chức sơ tán người dân khỏi nhà yếu, có nguy cơ ngập sâu. Các tỉnh, thành miền núi được yêu cầu di dời, sơ tán dân khỏi khu vực nguy hiểm; đảm bảo an toàn hồ chứa, giao thông và sẵn sàng phương tiện cứu hộ khi có yêu cầu. Các bộ Nông nghiệp và Phát triển nông thôn, Tài nguyên và Môi trường, Quốc phòng, Công an, Giao thông Vận tải, Công Thương theo chức năng quản lý triển khai các biện pháp ứng phó. Từ đầu năm, Biển Đông có hai cơn bão, trong đó bão Prapiron vào Quảng Ninh ngày 23/7, gây mưa lớn cho hầu hết miền Bắc, làm 14 người chết, 5 người mất tích tại TP Hà Nội, Điện Biên, Sơn La, Thái Nguyên, Bắc Giang. Gia Chính","04/09/2024 08:48","0","0"
"4801780","Những cánh rừng khô héo sau bão Yagi. . Bị gió bão quật đổ, tuốt gần hết lá, đồi cây ở trung tâm TP Hạ Long chuyển màu nâu và chết dần. Theo thống kê của tỉnh Quảng Ninh, khoảng 117.000 ha rừng, chiếm trên 30% diện tích rừng hiện có, bị thiệt hại 30-100%, trong đó gần 50% là rừng trồng. Bị gió bão quật đổ, tuốt gần hết lá, đồi cây ở trung tâm TP Hạ Long chuyển màu nâu và chết dần. Theo thống kê của tỉnh Quảng Ninh, khoảng 117.000 ha rừng, chiếm trên 30% diện tích rừng hiện có, bị thiệt hại 30-100%, trong đó gần 50% là rừng trồng. Dọc tỉnh lộ 234, quốc lộ 279, quốc lộ 18 kéo dài từ TP Hạ Long đi các huyện Vân Đồn, Tiên Yên, Ba Chẽ, Bình Liêu, cây rừng hai bên đường đổ rạp xuống đất, biến thành củi khô. Dọc tỉnh lộ 234, quốc lộ 279, quốc lộ 18 kéo dài từ TP Hạ Long đi các huyện Vân Đồn, Tiên Yên, Ba Chẽ, Bình Liêu, cây rừng hai bên đường đổ rạp xuống đất, biến thành củi khô. Cây thông đường kính 20 cm trong khu du lịch Tuần Châu bị gió bão quật đổ ngang thân. Phần lớn diện tích rừng gãy đổ trồng các loài cây thông, keo, bạch đàn. Quảng Ninh ước tính thiệt hại về lâm nghiệp hơn 6.400 tỷ đồng (chiếm 26% tổng thiệt hại do bão của địa phương), ảnh hưởng tới 22.000 hộ dân, gồm các hộ được giao đất, giao rừng và hộ được giao khoán trồng rừng của các Công ty TNHH MTV Lâm nghiệp. Cây thông đường kính 20 cm trong khu du lịch Tuần Châu bị gió bão quật đổ ngang thân. Phần lớn diện tích rừng gãy đổ trồng các loài cây thông, keo, bạch đàn. Quảng Ninh ước tính thiệt hại về lâm nghiệp hơn 6.400 tỷ đồng (chiếm 26% tổng thiệt hại do bão của địa phương), ảnh hưởng tới 22.000 hộ dân, gồm các hộ được giao đất, giao rừng và hộ được giao khoán trồng rừng của các Công ty TNHH MTV Lâm nghiệp. Nhân viên Công ty TNHH MTV Lâm nghiệp Hoàng Bồ tận thu cây keo bị bão quật đổ chiều 8/10. Lãnh đạo công ty cho biết hơn 4.000 ha rừng trồng gần đến ngày khai thác bị phá hủy 85%, thiệt hại 300 tỷ đồng. Theo quy định của nhà nước, với rừng trồng của hộ gia đình, cá nhân bị thiệt hại trên 70% sẽ được hỗ trợ 4 triệu/ha; rừng bị thiệt hại 30-70% được hỗ trợ 2 triệu đồng/ha. Ngoài ra, theo nghị quyết về một số chính sách đặc thù để khuyến khích phát triển lâm nghiệp bền vững trên địa bàn Quảng Ninh, những hộ dân có diện tích trồng rừng gỗ lớn từ 3 ha trở lên được hỗ trợ 20 triệu đồng/ha và 400.000 đồng/ha để thuê đơn vị tư vấn vào lập hồ sơ. Chi cục Kiểm lâm đã đề xuất UBND tỉnh hỗ trợ người trồng rừng khắc phục thiệt hại sau bão từ nguồn vốn của Mặt trận Tổ quốc tỉnh. Mức hỗ trợ dọn vệ sinh rừng bị thiệt hại trên 30% là một triệu đồng/ha. Nhân viên Công ty TNHH MTV Lâm nghiệp Hoàng Bồ tận thu cây keo bị bão quật đổ chiều 8/10. Lãnh đạo công ty cho biết hơn 4.000 ha rừng trồng gần đến ngày khai thác bị phá hủy 85%, thiệt hại 300 tỷ đồng. Theo quy định của nhà nước, với rừng trồng của hộ gia đình, cá nhân bị thiệt hại trên 70% sẽ được hỗ trợ 4 triệu/ha; rừng bị thiệt hại 30-70% được hỗ trợ 2 triệu đồng/ha. Ngoài ra, theo nghị quyết về một số chính sách đặc thù để khuyến khích phát triển lâm nghiệp bền vững trên địa bàn Quảng Ninh, những hộ dân có diện tích trồng rừng gỗ lớn từ 3 ha trở lên được hỗ trợ 20 triệu đồng/ha và 400.000 đồng/ha để thuê đơn vị tư vấn vào lập hồ sơ. Chi cục Kiểm lâm đã đề xuất UBND tỉnh hỗ trợ người trồng rừng khắc phục thiệt hại sau bão từ nguồn vốn của Mặt trận Tổ quốc tỉnh. Mức hỗ trợ dọn vệ sinh rừng bị thiệt hại trên 30% là một triệu đồng/ha. Công an viên ở huyện Cô Tô cưa cắt cây đổ ở rừng nguyên sinh khu Hải Đăng trên đảo để tiện dọn dẹp. Công an viên ở huyện Cô Tô cưa cắt cây đổ ở rừng nguyên sinh khu Hải Đăng trên đảo để tiện dọn dẹp. Cây bị bão tàn phá không thể hồi phục, dần trở thành củi khô, tiềm ẩn nguy cơ cháy, nhất là trong điều kiện hanh khô như hiện nay. Thực tế từ ngày 28/9 đến nay, tỉnh Quảng Ninh xảy ra 8 vụ cháy rừng (Vân Đồn 3, TP Cẩm Phả 3, huyện Ba Chẽ 1 và TP Hạ Long 1), diện tích có rừng bị cháy khoảng 57 ha. Cây bị bão tàn phá không thể hồi phục, dần trở thành củi khô, tiềm ẩn nguy cơ cháy, nhất là trong điều kiện hanh khô như hiện nay. Thực tế từ ngày 28/9 đến nay, tỉnh Quảng Ninh xảy ra 8 vụ cháy rừng (Vân Đồn 3, TP Cẩm Phả 3, huyện Ba Chẽ 1 và TP Hạ Long 1), diện tích có rừng bị cháy khoảng 57 ha. 12h ngày 4/10, đồi cây từ khu 5 đến khu 7, phường Hồng Hà, TP Hạ Long xảy ra cháy, đến 2h hôm sau mới được dập tắt. Bốn ngày sau đám cháy, ông Lê Văn Thiện, tự vệ phường Hồng Hà cùng đồng đội lên đồi kiểm tra, ngăn tàn dư lửa. 12h ngày 4/10, đồi cây từ khu 5 đến khu 7, phường Hồng Hà, TP Hạ Long xảy ra cháy, đến 2h hôm sau mới được dập tắt. Bốn ngày sau đám cháy, ông Lê Văn Thiện, tự vệ phường Hồng Hà cùng đồng đội lên đồi kiểm tra, ngăn tàn dư lửa. Ông Thiện đổ nước vào thân cây cháy ẩm ỉ trên ngọn đồi sau trụ sở UBND phường Hồng Hà, sáng 8/10. Để sớm trồng lại rừng, ngăn cháy và vệ sinh môi trường, ông Cao Tường Huy, Chủ tịch tỉnh Quảng Ninh, đã giao cho các huyện, thị xã, thành phố huy động lực lượng, phương tiện hỗ trợ chủ rừng thu dọn cây gãy đổ, vệ sinh, hoàn thành công việc trước ngày 31/10/2024. Ông Thiện đổ nước vào thân cây cháy ẩm ỉ trên ngọn đồi sau trụ sở UBND phường Hồng Hà, sáng 8/10. Để sớm trồng lại rừng, ngăn cháy và vệ sinh môi trường, ông Cao Tường Huy, Chủ tịch tỉnh Quảng Ninh, đã giao cho các huyện, thị xã, thành phố huy động lực lượng, phương tiện hỗ trợ chủ rừng thu dọn cây gãy đổ, vệ sinh, hoàn thành công việc trước ngày 31/10/2024. Thảm thực vật xanh tốt trên đồi thành tro sau vụ cháy rừng ngày 4/10. Cây chết do bão và cháy rừng khiến môi trường sống của các khu dân cư lân cận bị ô nhiễm vì tro bụi. Thảm thực vật xanh tốt trên đồi thành tro sau vụ cháy rừng ngày 4/10. Cây chết do bão và cháy rừng khiến môi trường sống của các khu dân cư lân cận bị ô nhiễm vì tro bụi. Ngay sau khi thu dọn cây đổ, việc trồng rừng được tiến hành khẩn trương. Do nhu cầu cây giống tăng cao, công nhân ở cơ sở giống cây rừng của ông Nguyễn Đức Bảo, khu 2 thị trấn Ba Chẽ, làm việc không ngơi tay. Quảng Ninh hiện có một cơ sở sản xuất, nuôi cấy mô cây lâm nghiệp và gần 20 vườn ươm giống cây rừng, cơ bản đáp ứng nhu cầu cây giống trồng rừng phòng hộ, rừng sản xuất. Ngay sau khi thu dọn cây đổ, việc trồng rừng được tiến hành khẩn trương. Do nhu cầu cây giống tăng cao, công nhân ở cơ sở giống cây rừng của ông Nguyễn Đức Bảo, khu 2 thị trấn Ba Chẽ, làm việc không ngơi tay. Quảng Ninh hiện có một cơ sở sản xuất, nuôi cấy mô cây lâm nghiệp và gần 20 vườn ươm giống cây rừng, cơ bản đáp ứng nhu cầu cây giống trồng rừng phòng hộ, rừng sản xuất. Lê Tân","09/10/2024 00:43","0","0"
"4800384","Đảo Cát Bà đón khách trở lại sau bão Yagi. . Trung tâm thị trấn Cát Bà, huyện Cát Hải, được dọn dẹp sạch, đường phố thoáng đãng, gần một tháng sau khi bão Yagi quét qua. Thống kê của UBND huyện Cát Hải, bão Yagi gây thiệt hại gần 700 tỷ đồng, gấp hơn 100 lần tổng thu ngân sách 6 tháng đầu năm của huyện. Trung tâm thị trấn Cát Bà, huyện Cát Hải, được dọn dẹp sạch, đường phố thoáng đãng, gần một tháng sau khi bão Yagi quét qua. Thống kê của UBND huyện Cát Hải, bão Yagi gây thiệt hại gần 700 tỷ đồng, gấp hơn 100 lần tổng thu ngân sách 6 tháng đầu năm của huyện. Đường xuyên đảo, nối phà Cái Viềng với các khu dân cư và trung tâm thị trấn Cát Bà cây đổ ngổn ngang sau bão nay đã được dọn dẹp. Tuy nhiên, cánh rừng hai bên bị tàn phá nặng nề, nhiều cây gãy cành, bật gốc, mảng xanh vốn có chưa thể khôi phục. Theo địa phương, đây là rừng đặc dụng, không thể khai thác nên để khu rừng tự hồi phục theo thời gian. Đường xuyên đảo, nối phà Cái Viềng với các khu dân cư và trung tâm thị trấn Cát Bà cây đổ ngổn ngang sau bão nay đã được dọn dẹp. Tuy nhiên, cánh rừng hai bên bị tàn phá nặng nề, nhiều cây gãy cành, bật gốc, mảng xanh vốn có chưa thể khôi phục. Theo địa phương, đây là rừng đặc dụng, không thể khai thác nên để khu rừng tự hồi phục theo thời gian. Đường 1/4, trung tâm thị trấn Cát Bà hôm 4/10. Bão Yagi đã khiến hơn 4.700 công trình nhà cửa, cơ sở kinh doanh dịch vụ trên đảo bị hư hỏng, khiến đảo Cát Bà đổ nát, tan hoang. Hầu hết các công trình có kết cấu khung thép, mái tôn đều bị thổi bay, đánh sập. Chính quyền địa phương đã huy động máy xúc, lực lượng quân đội và kêu gọi người dân chung tay dọn dẹp. Đến nay, các tuyến giao thông trên địa bàn toàn huyện Cát Hải đã lưu thông bình thường. Điện, nước, Internet đều khôi phục. Đường 1/4, trung tâm thị trấn Cát Bà hôm 4/10. Bão Yagi đã khiến hơn 4.700 công trình nhà cửa, cơ sở kinh doanh dịch vụ trên đảo bị hư hỏng, khiến đảo Cát Bà đổ nát, tan hoang. Hầu hết các công trình có kết cấu khung thép, mái tôn đều bị thổi bay, đánh sập. Chính quyền địa phương đã huy động máy xúc, lực lượng quân đội và kêu gọi người dân chung tay dọn dẹp. Đến nay, các tuyến giao thông trên địa bàn toàn huyện Cát Hải đã lưu thông bình thường. Điện, nước, Internet đều khôi phục. Khách nước ngoài di dạo trên đường Cái Béo, thị trấn Cát Bà sáng 4/10. Nỗ lực của chính quyền địa phương, các doanh nghiệp, tổ chức, cơ sở kinh doanh dịch vụ đã giúp hoạt động du lịch ở Cát Bà dần khôi phục. Từ 10/9, huyện đảo ước đón gần 36.000 lượt khách du lịch, trong đó khách quốc tế khoảng 30.000 lượt. Khách nước ngoài di dạo trên đường Cái Béo, thị trấn Cát Bà sáng 4/10. Nỗ lực của chính quyền địa phương, các doanh nghiệp, tổ chức, cơ sở kinh doanh dịch vụ đã giúp hoạt động du lịch ở Cát Bà dần khôi phục. Từ 10/9, huyện đảo ước đón gần 36.000 lượt khách du lịch, trong đó khách quốc tế khoảng 30.000 lượt. Quán cà phê, ăn uống trên đường 1/4 bị hỏng phần mái đã khắc phục xong và mở của đón khách. Ông Nguyễn Quang Vinh, Phó Chủ tịch UBND huyện Cát Hải, cho biết khoảng 80% nhà hàng, khách sạn đã sẵn sàng đón khách trở lại và đến ngày 15/10 sẽ đạt 100%. Quán cà phê, ăn uống trên đường 1/4 bị hỏng phần mái đã khắc phục xong và mở của đón khách. Ông Nguyễn Quang Vinh, Phó Chủ tịch UBND huyện Cát Hải, cho biết khoảng 80% nhà hàng, khách sạn đã sẵn sàng đón khách trở lại và đến ngày 15/10 sẽ đạt 100%. Bãi tắm Cát Cò đối diện một cơ sở lưu trú 5 sao trên đảo Cát Bà đã được dọn dẹp sạch sẽ, đón khách quốc tế tắm biển hôm 4/10. Bãi tắm Cát Cò đối diện một cơ sở lưu trú 5 sao trên đảo Cát Bà đã được dọn dẹp sạch sẽ, đón khách quốc tế tắm biển hôm 4/10. Du khách tắm biển ở bãi Cát Cò, thị trấn Cát Bà. Vào mùa Thu Đông, Cát Bà là điểm đến được du khách nước ngoài đặc biệt yêu thích vì yên bình, giá cả phải chăng. Du khách tắm biển ở bãi Cát Cò, thị trấn Cát Bà. Vào mùa Thu Đông, Cát Bà là điểm đến được du khách nước ngoài đặc biệt yêu thích vì yên bình, giá cả phải chăng. Hai du khách chạy xe ngắm cảnh trên đảo Cát Bà. Trong những năm gần đây, khách nội địa hình thành thói quen đi Cát Bà mùa thấp điểm để trải nghiệm cảnh đẹp, không gian yên bình, trong lành của đảo ngọc. Hai du khách chạy xe ngắm cảnh trên đảo Cát Bà. Trong những năm gần đây, khách nội địa hình thành thói quen đi Cát Bà mùa thấp điểm để trải nghiệm cảnh đẹp, không gian yên bình, trong lành của đảo ngọc. Cung đường ven biển trên đảo Cát Bà. Chính quyền địa phương cũng thường xuyên tổ chức các hội nghị, sự kiện thể thao thu hút hàng nghìn người tham dự. 'Các vận động viên dự giải sẽ đi cùng nhiều người thân. Đây là dịp rất tốt để du lịch Cát Bà đón thêm khách, tái khởi động và phục hồi tích cực sau bão', ông Vinh cho hay. Cung đường ven biển trên đảo Cát Bà. Chính quyền địa phương cũng thường xuyên tổ chức các hội nghị, sự kiện thể thao thu hút hàng nghìn người tham dự. 'Các vận động viên dự giải sẽ đi cùng nhiều người thân. Đây là dịp rất tốt để du lịch Cát Bà đón thêm khách, tái khởi động và phục hồi tích cực sau bão', ông Vinh cho hay. LePont Cat Ba Bungalow ở đường Cát Cò 3, nơi bị bão Yagi đánh sập và gây thiệt hại khoảng 10 tỷ đồng, đang bắt đầu tái thiết. Tuy nhiên, thiếu nguyên vật liệu và kinh phí khiến việc khôi phục chậm hơn. LePont Cat Ba Bungalow ở đường Cát Cò 3, nơi bị bão Yagi đánh sập và gây thiệt hại khoảng 10 tỷ đồng, đang bắt đầu tái thiết. Tuy nhiên, thiếu nguyên vật liệu và kinh phí khiến việc khôi phục chậm hơn. Nhà hàng nằm ở đường 1/4, cạnh chợ bán đồ lưu niệm vẫn chưa thể sửa chữa vì thiệt hại nặng nề, nhân công thiếu. Tuy nhiên, nhiều cơ sở lưu trú, nhà hàng bên cạnh đã sẵn sàng đón khách. Nhà hàng nằm ở đường 1/4, cạnh chợ bán đồ lưu niệm vẫn chưa thể sửa chữa vì thiệt hại nặng nề, nhân công thiếu. Tuy nhiên, nhiều cơ sở lưu trú, nhà hàng bên cạnh đã sẵn sàng đón khách. Lê Tân","05/10/2024 14:18","0","0"
"4794123","Bão Yagi gây thiệt hại khoảng 50.000 tỷ đồng. Đến ngày 18/9, thống kê của các tỉnh thành cho thấy thiệt hại kinh tế do bão Yagi gây ra khoảng 50.000 tỷ đồng, dự kiến tiếp tục tăng.. Tại hội nghị tiếp nhận viện trợ khẩn cấp của đối tác quốc tế cho đồng bào bị ảnh hưởng bởi bão Yagi, Thứ trưởng Nông nghiệp và Phát triển nông thôn Nguyễn Hoàng Hiệp cho biết thiệt hại kinh tế do bão là hơn 2 tỷ USD (gần 50.000 tỷ đồng), dự kiến khi thống kê đầy đủ khoảng 2,5 tỷ USD. Mức mới này gấp 5 lần so với tổng thiệt hại thiên tai năm 2023 và cao hơn thiệt hại thiên tai ba năm gần nhất cộng lại. 'Cơn bão gây tổn thất lớn nhất cho Việt Nam từ trước tới nay. Bão quá lớn, gây thảm họa rất rộng, vượt quá sức chống chịu của cơ sở hạ tầng', ông Hiệp nói. Dự báo thiệt hại kinh tế làm tốc độ tăng trưởng GDP cả năm giảm khoảng 0,15% so với kịch bản tăng trưởng 6,8-7%. Tốc độ tăng trưởng của một số địa phương như Hải Phòng, Quảng Ninh, Thái Nguyên, Lào Cai có thể giảm trên 0,5%. Thứ trưởng Nguyễn Hoàng Hiệp nói về thiệt hại do bão Yagi. Ảnh: Gia Chính Bà Pauline Tamesis, điều phối viên thường trú của Liên Hợp Quốc tại Việt Nam, cho biết ngay sau bão các cơ quan Liên Hợp Quốc đã triển khai ba đoàn đánh giá thiệt hại ở miền Bắc. Với vai trò điều phối, Liên Hợp Quốc đang huy động mọi nguồn lực và sẵn sàng hỗ trợ Việt Nam để khắc phục hậu quả thảm họa. Các tổ chức thành viên đứng đầu trong lĩnh vực này như Y tế, Giáo dục, nước sạch đều đã có những cam kết cụ thể. Tới đây các tổ chức sẽ làm việc với Việt Nam để xây dựng khung kế hoạch chung, đảm bảo tất cả hộ gia đình chịu ảnh hưởng đều được hỗ trợ. Mỹ thông qua Cơ quan phát triển quốc tế Mỹ (USAID) đã hỗ trợ Việt Nam một triệu USD. Đại sứ Mỹ tại Việt Nam Marc E. Knapper cho biết hiện có rất nhiều đối tác ở Mỹ có thể hỗ trợ Việt Nam khắc phục hậu quả thiên tai. Phía Mỹ mong muốn tiếp tục làm việc, sánh vai cùng Chính phủ Việt Nam để hỗ trợ từng người dân bị ảnh hưởng. Đại sứ Mỹ tại Việt Nam cam kết hỗ trợ Việt Nam khắc phục hậu quả bão Yagi. Ảnh: Gia Chính Ngày 11/9, Australia là quốc gia đầu tiên gửi hàng viện trợ Việt Nam ứng phó khẩn cấp với hậu quả bão Yagi. Một tuần qua, nhiều quốc gia, tổ chức quốc tế như Thụy Sĩ, Nhật Bản, Ấn Độ, Anh, WHO, UNDP đã gửi viện trợ cho Việt Nam khoảng 200 tấn hàng hóa và 13 triệu USD. Bão Yagi đổ bộ Quảng Ninh ngày 7/9 với sức gió tại Bãi Cháy cấp 14, giật cấp 17, thuộc nhóm cao nhất từng ghi nhận trên lãnh thổ Việt Nam. Bão và các tác động sau bão đã gây thiệt hại lớn về người với 292 người chết, 37 người mất tích. Mưa lớn sau bão đã gây ra một đợt lũ diện rộng 20/25 tỉnh miền Bắc, khiến hơn 70.000 hộ bị ngập. Gia Chính","18/09/2024 22:57","0","0"
"4792805","Hà Nội tổng vệ sinh sau bão Yagi. TP Hà Nội phát động toàn dân tham gia tổng vệ sinh môi trường, khắc phục hậu quả bão Yagi trong ngày 14-15/9.. Lễ phát động tổng vệ sinh toàn thành phố do Ủy ban Mặt trận Tổ quốc Việt Nam TP Hà Nội tổ chức sáng 14/9, tại vườn hoa Vạn Xuân, phường Quán Thánh, quận Ba Đình. Phát biểu tại lễ phát động, bà Nguyễn Lan Hương, Chủ tịch Ủy ban Mặt trận Tổ quốc Việt Nam TP Hà Nội, nói thời điểm bão tan, nước rút cũng chính là lúc người dân Thủ đô phải đối mặt với ô nhiễm môi trường do các loại rác thải tồn đọng, tiềm ẩn nhiều nguy cơ phát sinh dịch bệnh. Để bảo đảm ổn định đời sống nhân dân, thành phố kêu gọi các cơ quan, đơn vị, tổ chức thành viên, hộ gia đình và người dân cùng tham gia dọn dẹp, bảo đảm vệ sinh môi trường, thu dọn cây gãy đổ; khơi thông cống, rãnh, kênh mương; thu gom rác thải, phun khử trùng phòng chống dịch bệnh. Bí thư Thành ủy Hà Nội Bùi Thị Minh Hoài cùng các lực lượng dọn vệ sinh trên phố Trần Hưng Đạo, quận Hoàn Kiếm, sáng 14/9. Ảnh: Võ Hải Ủy ban Mặt trận Tổ quốc Việt Nam TP Hà Nội cũng kêu gọi nhân dân Thủ đô chia sẻ, giúp đỡ về tinh thần, vật chất để những người dân bị ảnh hưởng bão nhanh chóng khôi phục sản xuất và bảo đảm đời sống. Theo bà Nguyễn Lan Hương, đến ngày 13/9, Ban Thường trực Ủy ban Mặt trận Tổ quốc thành phố đã tiếp nhận hơn 56 tỷ đồng ủng hộ, đã hỗ trợ nhân dân Thủ đô gần 16 tỷ đồng cùng nhiều nhu yếu phẩm; chuyển 61,5 tỷ đồng hỗ trợ các tỉnh miền Bắc bị thiệt hại. 'Nhân dân Thủ đô đã có nhiều hoạt động thiết thực để sẻ chia với đồng bào vùng lũ, như cùng gói bánh chưng, nấu cơm, chuyển bánh mì, đồ ăn, hỗ trợ địa điểm ở, nơi trông giữ xe', bà Hương nói. Nhiều cây xanh bật gốc trên vỉa hè đường Thanh Niên, giáp ranh giữa Hồ Tây và hồ Trúc Bạch đến chiều 13/9 vẫn chưa được di dời. Ảnh: Nguyễn Đông Cùng người dân thu dọn vệ sinh tại quận Ba Đình, Hoàn Kiếm, Bí thư Thành ủy Hà Nội Bùi Thị Minh Hoài đánh giá cao cả hệ thống chính trị từ thành phố xuống cơ sở đã chung sức đồng lòng chăm lo cho người dân, kịp thời di dời 27.000 người đến nơi an toàn, hỗ trợ đồ ăn, nước uống, không để ai bị đói, rét. Đặc biệt, người dân Thủ đô đã chung tay với cấp ủy, chính quyền, phát huy truyền thống đoàn kết, tương thân tương ái, đùm bọc lẫn nhau vượt qua bão lũ. Bí thư Hà Nội cho rằng việc dọn cây đổ, vệ sinh đường phố còn nhiều bộn bề do sau bão là lũ, các lực lượng đều phải căng mình ứng phó. Bà đề nghị các đơn vị tập trung hoàn thành việc thu dọn cây, ưu tiên trồng lại cây gãy đổ do bão có thể trồng lại được. Sở Xây dựng tiếp tục tổ chức cắt tỉa làm gọn, bảo đảm mỹ quan đô thị, an toàn đối với hệ thống cây xanh đô thị. Người đứng đầu Thành ủy Hà Nội đề nghị hệ thống chính trị và nhân dân Thủ đô tiếp tục phát huy tinh thần đoàn kết, tương thân tương ái cùng nhau làm sạch môi trường Thủ đô, phòng chống dịch bệnh, hướng tới kỷ niệm 70 năm Ngày Giải phóng Thủ đô (10/10/1954). Thống kê của TP Hà Nội, bão Yagi và hoàn lưu sau bão đã làm 4 người chết, 23 người bị thương; trên 40.000 cây xanh gãy đổ; nhiều khu vực bị ngập do lũ, hàng nghìn người dân phải di dời. Võ Hải","14/09/2024 12:13","0","0"
"4791929","Lạng Sơn thiệt hại 560 tỷ đồng do bão Yagi. Tỉnh có ba người chết, 10 người bị thương, hơn 9.600 hộ gia đình sập nhà, tốc mái, ngập nước, hơn 7.400 ha hoa màu bị ảnh hưởng sau bão Yagi.. Đến ngày 11/9, Ủy ban nhân dân Tỉnh Lạng Sơn ước tính sơ bộ tổng thiệt hại do cơn bão số 3 gây ra trên địa bàn tỉnh là hơn 560 tỷ đồng. Địa phương có ba người chết, 10 người bị thương. Thị trấn Thất Khê, huyện Tràng Định, Lạng Sơn trong biển nước ngày 8/9. Ảnh: Châu Nông Hơn 9.600 hộ gia đình bị thiệt hại nhà cửa. Trong đó có 18 nhà bị sập và hư hỏng hoàn toàn; 1.970 hộ bị tốc mái; 398 nhà bị cây đổ vào nhà và do sạt lở đất; 6.614 nhà bị ngập nước; 604 nhà bị hư hỏng công trình phụ (đổ tường, tốc mái, cây đổ...) Ngoài ra, còn 33 công trình khác bị thiệt hại như: trụ sở công an xã; nhà văn hóa thôn; trường học và điểm bưu điện xã... Hơn 7.454 ha nông nghiệp bị ảnh hưởng. Trong đó có 5.167 ha lúa, 1.740 ha màu; 544 ha cây công nghiệp, trên 8.000 cây ăn quả bị gãy đổ hoàn toàn. Hơn 4.500 ha cây bạch đàn, keo, mắc ca, hồi, thông... bị tàn phá. Thiệt hại về giao thông nghiêm trọng. Đối với tuyến Quốc lộ 43 vị trí tại QL1B, QL4A, QL279, QL 3B bị cây đổ xuống đường đã được xử lý thông tuyến; một số điểm ngập lớn ảnh hưởng đến việc lưu thông và do sạt lở đất. Tuyến đường tỉnh có 75 vị trí bị ngập úng, nhiều vị trí bị cây đổ xuống đường đã được xử lý thông tuyến. Một số vị trí sạt lở taluy dương địa phương đã cử nhân lực cảnh báo và triển khai các biện pháp thông tuyến. Tuyến đường huyện có trên 193 vị trí bị sạt lở đất, cây đổ ra đường và một số đoạn do ngập úng, nhiều điểm đã được thông tuyến. Ngoài ra mưa lớn đã gây ngập úng cục bộ và chia cắt với tổng số là 1.383 điểm tại địa bàn các huyện, thành phố. Đoàn viên thanh niên toàn tỉnh Lạng Sơn hỗ trợ người dân khắc phục hậu quả cơn bão số 3. Ảnh: Tỉnh đoàn Do ảnh hưởng của bão số 3, đêm 8/9 và sáng 9/9, nhiều khu vực của tỉnh Lạng Sơn có mưa to đến rất to. Lượng nước trên các sông liên tục dâng cao gây ngập úng nhiều địa bàn như: thành phố Lạng Sơn, huyện Tràng Định, Văn Lãng, Lộc Bình, Cao Lộc... Theo bản tin của Trung tâm Dự báo Khí tượng thủy văn Quốc gia, Đài khí tượng thủy văn tỉnh Lạng Sơn, ngày và đêm 12/9 ở các địa phương trong tỉnh tiếp tục có mưa vừa, có nơi mưa to và dông với lượng mưa phổ biến từ 20-50 mm. Cảnh báo cấp độ rủi ro thiên tai do mưa lớn cấp. Dự báo tác động của mưa lớn và mưa lớn cục bộ có khả năng gây ra tình trạng ngập úng tại các vùng trũng, thấp; lũ quét trên các sông, suối nhỏ, sạt lở đất trên sườn dốc. Mộc Trà","12/09/2024 10:00","0","0"
"4794726","Quảng Ninh - Hải Phòng hai tuần sau bão Yagi. . Dù còn nhiều tàu thuyền bị bão Yagi đánh đắm chưa thể trục vớt, hoạt động du lịch tại cảng tàu quốc tế Tuần Châu đã diễn ra sôi động. Theo thống kê của tỉnh Quảng Ninh, 10 ngày sau bão, vịnh Hạ Long đã đón khoảng 30.000 lượt khách, trong đó gần 90% là từ nước ngoài. Dù còn nhiều tàu thuyền bị bão Yagi đánh đắm chưa thể trục vớt, hoạt động du lịch tại cảng tàu quốc tế Tuần Châu đã diễn ra sôi động. Theo thống kê của tỉnh Quảng Ninh, 10 ngày sau bão, vịnh Hạ Long đã đón khoảng 30.000 lượt khách, trong đó gần 90% là từ nước ngoài. Sân bay Vân Đồn tấp nập đón khách chiều 19/9. Bão Yagi đã gây thiệt hại nặng cho sân bay Vân Đồn khi 80% cây xanh khu vực công cộng bị bật gốc, mái kính nhà ga vỡ vụn, biển chỉ dẫn, trần nhà, mái tôn hư hỏng. Tại khu vực nhà ga quốc tế của cảng Vân Đồn, nước mưa tạt vào, tràn xuống các phòng thiết bị. Hàng rào bao quanh Đài kiểm soát bị nghiêng và một đoạn tiếp giáp sân đỗ máy bay bị đổ. Ngay sau khi bão giảm cấp, nhân viên sân bay đã khắc phục để đón khách trở lại. Sân bay Vân Đồn tấp nập đón khách chiều 19/9. Bão Yagi đã gây thiệt hại nặng cho sân bay Vân Đồn khi 80% cây xanh khu vực công cộng bị bật gốc, mái kính nhà ga vỡ vụn, biển chỉ dẫn, trần nhà, mái tôn hư hỏng. Tại khu vực nhà ga quốc tế của cảng Vân Đồn, nước mưa tạt vào, tràn xuống các phòng thiết bị. Hàng rào bao quanh Đài kiểm soát bị nghiêng và một đoạn tiếp giáp sân đỗ máy bay bị đổ. Ngay sau khi bão giảm cấp, nhân viên sân bay đã khắc phục để đón khách trở lại. Lê Tân - Đức Đồng - Tuấn Việt","20/09/2024 00:00","0","0"
"4791652","Vỡ lá lách trong lúc dọn dẹp sau bão Yagi. Quảng NinhĐang dọn dẹp sau bão Yagi, người đàn ông 56 tuổi bị thanh xà ngang va vào bụng gây vỡ lá lách, sốc mất máu, nguy hiểm tính mạng.. Ngày 11/9, đại diện Trung tâm Y tế thị xã Quảng Yên cho biết bệnh nhân nhập viện trong tình trạng đau chướng bụng, đặc biệt dữ dội vùng ngực. Kết quả chụp chiếu chẩn đoán vỡ lá lách - bộ phận nội tạng cơ thể nằm gần dạ dày, trên tuyến tụy và thận. Các bác sĩ phẫu thuật cấp cứu xử trí tổn thương. Quá trình mở ổ bụng thấy máu ngập khoang bụng, khoảng 1.000 ml, nhiều máu cục. Êkíp lấy máu, kẹp cuống lách cầm máu, cắt lách chấn thương, dẫn lưu, lau rửa sạch. Bệnh nhân được truyền hai khối hồng cầu, tương đương 700 ml. May mắn hậu phẫu, bệnh nhân tỉnh táo, chỉ số sinh tồn ổn định. Bác sĩ Hoàng Dũng, Trường Khoa Ngoại, cho biết phẫu thuật chấn thương vỡ tạng trong ổ bụng là một trong những cấp cứu ngoại khoa khẩn cấp, không thể trì hoãn hay chuyển tuyến trên để tránh nguy cơ tử vong do xuất huyết trầm trọng. Bệnh nhân điều trị tại viện. Ảnh: Bệnh viện cung cấp Sau cơn bão Yagi, Quảng Ninh chịu rất nhiều ảnh hưởng, bác sĩ khuyến cáo người dân cẩn trọng trong các hoạt động thường ngày. Không may bị va chạm hoặc gặp tai nạn, phải theo dõi các vết thương, nếu có dấu hiệu như đau bụng, khó chịu bất thường, lập tức đến các cơ sở y tế thăm khám kịp thời. Thúy Quỳnh","11/09/2024 13:00","0","0"
"4790921","Lãnh đạo Lào thăm hỏi Việt Nam về bão Yagi. Lãnh đạo Lào gửi điện thăm hỏi Tổng Bí thư, Chủ tịch nước Tô Lâm và Thủ tướng Phạm Minh Chính, sau khi bão Yagi gây thiệt hại nghiêm trọng.. Tổng Bí thư, Chủ tịch nước Lào Thongloun Sisoulith và Thủ tướng Lào Sonexay Siphandone ngày 9/9 đồng gửi điện thăm hỏi tới Tổng Bí thư, Chủ tịch nước Tô Lâm và Thủ tướng Phạm Minh Chính, theo thông cáo Bộ Ngoại giao. Các lãnh đạo cấp cao Lào 'gửi lời thăm hỏi chân thành và lời chia buồn sâu sắc' đến các lãnh đạo cấp cao Việt Nam, cũng như tới Đảng, chính phủ và nhân dân Việt Nam, nhất là chính quyền và gia đình các nạn nhân bị ảnh hưởng trong đợt thiên tai này. Khu du lịch Bãi Cháy, Quảng Ninh, tan hoang sau bão, ngày 9/9. Ảnh: Lê Tân Các lãnh đạo Lào bày tỏ tin tưởng người dân Việt Nam sẽ vượt qua mọi khó khăn, cuộc sống của người dân và những vùng bị ảnh hưởng bởi thiên tai sẽ sớm ổn định và trở lại bình thường. Sau khi đi qua Trung Quốc, Yagi đã đổ bộ vào Việt Nam vào chiều 7/9, quét qua nhiều tỉnh thành như Quảng Ninh, Hải Phòng, Thái Bình, Hải Dương, Hà Nội... Do ảnh hưởng của hoàn lưu áp thấp nhiệt đới suy yếu từ bão, nhiều tỉnh miền Bắc Việt Nam tiếp tục có mưa to, lũ dâng cao. Tính đến chiều 9/9, 64 người đã thiệt mạng vì bão Yagi, trong đó 49 nạn nhân tử vong do sạt lở đất, lũ quét. Ngọc Ánh","09/09/2024 19:56","0","0"
"4790373","145 chuyến bay bị hủy, chuyển hướng do bão Yagi. 4 sân bay phải dừng khai thác trong ngày 7/9 đã làm ảnh hưởng 145 chuyến bay, trong đó các hãng phải hủy 65 chuyến, theo Cục Hàng không Việt Nam.. Các chuyến bay bị hủy gồm 39 chuyến nội địa, 26 chuyến quốc tế. Ngoài ra, 80 chuyến bay khác không thể hạ cánh xuống 4 sân bay Cát Bi (Hải Phòng), Vân Đồn (Quảng Ninh), Nội Bài (Hà Nội) và Thọ Xuân (Thanh Hóa). Máy bay phải bay vòng, chuyển hướng hạ cánh ở sân bay Đà Nẵng, TP HCM hoặc các nước lân cận. Theo đại diện Cảng Hàng không Nội Bài, riêng sân bay Nội Bài đã có 32 chuyến bay bị chậm giờ, 29 chuyến phải hủy do ảnh hưởng của bão Yagi trong ngày 7/9. Với các chuyến bay phải hủy, các hãng đã xin cấp phép để bay bù trong hôm nay. Sau cơn bão, một số hàng rào thi công khu vực sân đỗ ôtô, tấm trần kỹ thuật cổng an ninh, hàng rào bên trong khu bay Nội Bài bị đổ, sập. Cảng đã rà soát và khắc phục ngay sau khi bão tan để bảo đảm an toàn khai thác. Lúc 23h49 ngày 7/9, sân bay Nội Bài đã khai thác tàu bay trở lại sau 14 giờ ngừng hoạt động do bão Yagi. Chuyến bay đầu tiên VJ959 từ Fukuoka (Nhật Bản) đã hạ cánh an toàn lúc 0h05 ngày 8/9. Sân bay sẽ phục vụ 514 chuyến bay, trong đó có 227 chuyến đi/đến quốc nội, 287 chuyến quốc tế trong ngày 8/9. Chằng néo máy bay chống bão tại Nội Bài. Ảnh: Giang Huy Cảng Hàng không quốc tế Vân Đồn (Quảng Ninh) cũng có nhiều chuyến bay của Vietnam Airlines, Vietjet Air phải hủy hôm qua. Đến 20h cùng ngày, sân bay đã mở cửa trở lại. Sáng nay có hai chuyến bay VJ230, VJ231 của hãng Vietjet Air hạ cánh và cất cánh tại Vân Đồn. Bão Yagi đã gây ra thiệt hại nặng nề cho sân bay Vân Đồn khi 80% cây xanh trong khu vực công cộng bị bật gốc, mái kính nhà ga vỡ vụn, biển chỉ dẫn, trần nhà, mái tôn hư hỏng. Tại khu vực nhà ga quốc tế của cảng Vân Đồn, nước mưa tạt vào, tràn xuống các phòng thiết bị. Hàng rào bao quanh Đài kiểm soát bị nghiêng và một đoạn tiếp giáp sân đỗ máy bay bị đổ. Ngay sau khi bão giảm cấp, nhân viên sân bay đã khắc phục sự cố trong đêm để đón khách trở lại. Tại sân bay Cát Bi, cây tại khu vực nhà ga cũ bị đổ, một số tấm trần của nhà ga hàng hóa (nhà ga cũ) và phần bên nhà ga quốc tế bị bung, cửa kính của sảnh đến quốc tế bị vỡ, mạng viễn thông bị gián đoạn liên tục. Tại các sân bay Điện Biên, Thọ Xuân, Vinh, Đồng Hới, trang thiết bị hàng không hoạt động bình thường, các chuyến bay thực hiện đúng theo kế hoạch. Trước đó, Cục Hàng không Việt Nam đóng cửa 4 sân bay gồm Nội Bài, Vân Đồn, Cát Bi, Thọ Xuân trong khoảng 14 giờ ngày 7/9, do ảnh hưởng của bão Yagi.Lead Đoàn Loan","08/09/2024 11:49","0","0"
"4792900","UNICEF hỗ trợ ứng phó khẩn cấp sau bão Yagi. Bà Silvia Danailov, Trưởng Đại diện UNICEF tại Việt Nam, chia sẻ kế hoạch hỗ trợ sau bão Yagi, đánh giá cao nỗ lực của Việt Nam trong phòng ngừa, dự báo thiên tai.. Trưởng Đại diện UNICEF tại Việt Nam, bà Silvia Danailov, đã chia buồn và đồng cảm với người dân Việt Nam trước những thiệt hại, mất mát do bão Yagi gây ra. Bà nhấn mạnh tình hình vẫn tiếp tục xấu đi sau bão. Mới đây, bà Silvia đã có những chia sẻ về công tác hỗ trợ sau bão của UNICEF, đồng thời đánh giá cao tinh thần tương thân tương ái, hỗ trợ lẫn nhau và ứng phó kịp thời của Việt Nam. - Bà đánh giá thế nào về nỗ lực phòng ngừa, dự báo thiên tai và các chiến lược giúp giảm thiểu thiệt hại của Việt Nam vừa qua? - Trước khi bão đổ bộ, Chính phủ Việt Nam đã chủ động phối hợp đảm bảo an toàn cho người dân và cơ sở hạ tầng thiết yếu. Họ cũng nhanh chóng áp dụng quy trình sơ tán kịp thời, huy động lực lượng ứng phó, bảo vệ các khu vực quan trọng như đê điều... Điều này thể hiện cam kết của chính phủ trong việc phòng ngừa, dự báo thiên tai, bảo vệ sinh mạng, sinh kế. UNICEF đã hỗ trợ những nỗ lực này bằng cách giúp các cơ quan chức năng truyền đạt thông điệp quan trọng đến cộng đồng, nhất là đối tượng trẻ em và phụ nữ. Đại diện UNICEF Silvia Danailov (giữa) và Phó đại diện Chương trình Michaela Bauer (trái) trao đổi về vật tư phục vụ công tác cứu trợ sau bão. Ảnh: UNICEF - UNICEF triển khai kế hoạch hỗ trợ thiệt hại sau bão ra sao? - Chúng tôi làm việc chặt chẽ với đối tác chính phủ, các cơ quan Liên Hợp Quốc để cứu trợ ngay sau bão, xây dựng khả năng phục hồi lâu dài. Với sự hỗ trợ của các bên, UNICEF đã kịp cung cấp hàng hóa cứu trợ cho các cộng đồng bị ảnh hưởng. Trong tuần này, chúng tôi đã cung cấp vật tư ngành nước cho Bệnh viện Đa khoa Lào Cai và Trung tâm Kiểm soát Bệnh tật Thái Nguyên. Trong những ngày tới, chúng tôi sẽ cung cấp thêm viên lọc nước, bể chứa, bộ lọc gốm và dung dịch rửa tay khô cho các hộ gia đình, trường học và cơ sở y tế tại Yên Bái, Lào Cai. Chúng tôi cũng tham gia đánh giá nhu cầu cùng cơ quan Nhà nước, ưu tiên những giải pháp cứu sống, khôi phục dịch vụ cơ bản cho nhóm dễ bị tổn thương, đặc biệt là trẻ em. Các can thiệp khẩn cấp của UNICEF tập trung đảm bảo quyền tiếp cận nước sạch, vệ sinh, sức khỏe, dinh dưỡng, giáo dục, bảo vệ trẻ em, cung cấp hỗ trợ tiền mặt cho các gia đình dễ bị tổn thương. Đơn vị cam kết hỗ trợ nỗ lực của Chính phủ Việt Nam nhằm giảm thiểu tác động của thảm họa. Các ứng phó của chúng tôi gồm cung cấp giải pháp xử lý nước, vật tư vệ sinh, lưu trữ nước an toàn cho các hộ gia đình, cơ sở y tế và trường học; vận chuyển vật tư y tế khẩn cấp, bao gồm vaccine, sản phẩm điều trị suy dinh dưỡng, viên bổ sung dinh dưỡng và bộ vật dụng vệ sinh cá nhân cho các trung tâm y tế ở những khu vực bị ảnh hưởng nặng nề. UNICEF còn hỗ trợ trường học thiết lập khu vực dạy học tạm thời đi kèm văn phòng phẩm. Đơn vị cũng hỗ trợ tâm lý cho trẻ em bị ảnh hưởng bởi thảm họa. Chúng tôi cung cấp bộ vật phẩm thiết yếu gồm tài liệu hỗ trợ tâm lý, dụng cụ giáo dục, vật tư vệ sinh, sản phẩm chăm sóc sức khỏe cơ bản cho trẻ em và gia đình ở những khu vực bị ảnh hưởng nặng nề. Với gia đình dễ bị tổn thương, chúng tôi hỗ trợ tài chính bằng tiền mặt, đặc biệt là những gia đình có trẻ em, phụ nữ mang thai. Đại diện UNICEF Silvia Danailov nhận viên lọc nước do UNICEF cung cấp hỗ trợ ảnh hưởng sau bão. Ảnh: UNICEF - Theo bà, Việt Nam nên ưu tiên những biện pháp nào để giảm thiểu hậu quả của bão Yagi và những chiến lược lâu dài nào nên được xem xét để phục hồi sau thiên tai? - Để hỗ trợ nỗ lực của Chính phủ, ưu tiên của chúng tôi lúc này là cứu sống và hoàn thành đánh giá toàn diện về tình hình sau bão. Điều này giúp hiểu rõ hơn nhu cầu của các nhóm dân cư dễ bị tổn thương, bao gồm trẻ em, xác định các can thiệp cứu sống kịp thời, hỗ trợ khôi phục các dịch vụ xã hội thiết yếu. Theo báo cáo của Chính phủ, tính đến hôm nay, hơn 20 trẻ em đã thiệt mạng. Chúng tôi lo ngại con số này có thể tăng lên. Ước tính có khoảng 5,5 triệu trẻ em, trong đó có 1,2 triệu trẻ dưới năm tuổi, sống ở các tỉnh bị ảnh hưởng nặng nề nhất. Hàng triệu trẻ em khác cũng bị ảnh hưởng bởi lũ lụt, sạt lở đất nghiêm trọng, có thể dẫn đến các bệnh truyền nhiễm qua nguồn nước. Để đảm bảo các em được tiếp cận nước sạch và vệ sinh cá nhân, UNICEF chuẩn bị cung cấp các vật phẩm xử lý nước và dụng cụ lưu trữ nước an toàn cho ít nhất 400.000 hộ gia đình. Ước tính 2 triệu trẻ em bị gián đoạn việc học do trường học đóng cửa. Việc mở cửa lại trường học cũng là ưu tiên UNICEF sẵn sàng hỗ trợ. Chúng tôi cũng làm việc để đảm bảo việc tiếp cận liên tục với chăm sóc sức khỏe, dinh dưỡng và tiêm chủng cho trẻ em. Đây là việc rất quan trọng để tránh các bệnh nghiêm trọng trong tương lai, cần được thực hiện kịp thời để phòng ngừa hệ quả dài hạn. Nơi ở, sinh hoạt của nhiều trẻ em và cộng đồng bị tàn phá bởi siêu bão Yagi và lũ lụt ở Thái Nguyên. Ảnh: UNICEF - Theo bà, những kinh nghiệm, bài học nào từ quốc tế có thể giúp Việt Nam nâng cao khả năng phòng ngừa, dự đoán thiên tai, hỗ trợ phục hồi và chuẩn bị cho các thảm họa tương lai? - Tôi đánh giá cao các biện pháp khẩn cấp của Chính phủ nhằm cứu sống, đảm bảo an toàn cho người dân, đặc biệt là trẻ em. Khả năng dự báo, quản lý thảm họa của Việt Nam cũng rất tốt. Họ đã huy động ứng phó ở cấp cao nhất, bao gồm kêu gọi hỗ trợ từ các cơ quan Liên Hợp Quốc như UNICEF. Việt Nam đã học hỏi từ những kinh nghiệm quốc tế, và ngược lại, họ cũng cung cấp các bài học quý giá cho cộng đồng quốc tế. Cách tiếp cận toàn diện và chủ động của Việt Nam trong phản ứng với thảm họa rất đáng được ghi nhận. Kinh nghiệm quốc tế trong các tình huống khẩn cấp liên quan đến khí hậu nhấn mạnh tầm quan trọng của việc đầu tư vào các kế hoạch phòng ngừa, ứng phó tập trung vào trẻ em, đồng thời nâng cao năng lực các bên liên quan. Việc triển khai các phương pháp tập trung trao quyền cho cộng đồng, sáng kiến nhạy cảm về giới, dịch vụ dễ tiếp cận và bền vững... là rất quan trọng. Là một cơ quan của Liên Hợp Quốc, UNICEF có thể cung cấp chuyên môn của mình trong việc giảm thiểu rủi ro thiên tai, thích ứng với biến đổi khí hậu trong nhiều lĩnh vực cho Chính phủ Việt Nam như chúng tôi đã và đang thực hiện. (Nguồn: UNICEF Việt Nam)","16/09/2024 09:00","0","0"
"4793187","N/A. Rời Việt Nam khi đã suy yếu thành áp thấp nhiệt đới, tàn dư bão Yagi vẫn gây mưa lớn, khiến ba nước Lào, Myanmar, Thái Lan đối diện lũ lụt lịch sử, hàng trăm người thiệt mạng.. Liên hệ: 084 666 0123 hoặc podcast@vnexpress.net.","16/09/2024 04:00","0","0"
"4902378","N/A. . ","16/09/2024 04:00","0","0"
"4793178","17 trường học không thể khôi phục sau bão Yagi. 17 trường học không thể khôi phục, 99 trường chưa thể đón học sinh trở lại sau bão Yagi, theo Bộ trưởng Nguyễn Kim Sơn.. Tại hội nghị khắc phục hậu quả bão Yagi do Thủ tướng chủ trì ngày 15/9, Bộ trưởng Giáo dục và Đào tạo nhận định thiệt hại của ngành Giáo dục là rất lớn. 17 trường học không thể khôi phục đều thuộc tỉnh Lào Cai và Yên Bái. Ông Sơn đề nghị ngân sách Trung ương hỗ trợ để trước mắt dựng trường tạm, sau đó có nguồn kinh phí xây dựng lại. 17 trường không thể khôi phục Ngoài ra, 99 trường học chưa thể hoạt động vào ngày 16/9. Còn lại, những trường phải đóng cửa trong tuần trước do ảnh hưởng của bão cơ bản có thể hoạt động trở lại vào ngày mai hoặc 23/9. Trường Tiểu học, THCS Minh Chuẩn, Lục Yên, Yên Bái, hôm 10/9. Ảnh: Fanpage nhà trường Bão Yagi và hoàn lưu của bão gây thiệt hại nặng nề về người và tài sản cho các tỉnh, thành phía bắc. Đến nay, hơn 350 người chết và mất tích, 230.000 nhà ở, nhiều trụ sở, trường học bị tốc mái, hư hỏng. Tình trạng sạt lở, ngập lụt, chia cắt giao thông cục bộ xảy ra ở hầu hết địa phương. Thủ tướng Phạm Minh Chính chỉ rõ 6 nhóm nhiệm vụ, giải pháp để khắc phục hậu quả bão Yagi trong thời gian tới. Trong đó, ông yêu cầu rà soát, thống kê, sửa chữa trường lớp, thiết bị để trong tháng 9, tất cả học sinh được trở lại trường. Thủ tướng cũng đề nghị các cơ quan chức năng nghiên cứu miễn, giảm học phí cho học sinh, sinh viên bị ảnh hưởng. Trong hai ngày 14-15/9, Bộ Giáo dục và Đào tạo cử nhiều đoàn đến các địa phương bị ảnh hưởng nặng nề do bão như Lào Cai, Yên Bái, Cao Bằng, Thái Nguyên, Tuyên Quang, Lạng Sơn. Thứ trưởng Nguyễn Thị Kim Chi hôm 14/9 tại Yên Bái cho biết Bộ sẽ căn cứ tình hình thực tế của các địa phương để hướng dẫn, hỗ trợ, nhằm đảm bảo kế hoạch năm học, chương trình và chất lượng giáo dục. Dương Tâm","15/09/2024 23:55","0","0"
"4790213","Chính quyền, người dân giúp nhau trong bão Yagi. Thấy người dân đi xe máy qua cầu gặp gió bão, xe ôtô của lực lượng chức năng và cá nhân đã chủ động đi chậm, tạo thành lá chắn, đưa mọi người qua khu vực nguy hiểm.. 9h sáng 7/9, do ảnh hưởng của bão Yagi, Hải Phòng có mưa to kèm gió giật mạnh liên hồi khiến người đi xe máy qua khu vực cầu Khuể (nối huyện Tiên Lãng và An Lão) gặp khó khăn. Anh Văn Đức, tài xế chở hàng từ thị trấn Tiên Lãng về quận Ngô Quyền kể trong lúc đi qua cầu đã gặp lực lượng chức năng của huyện dùng xe cứu hỏa chắn gió, 'dìu' xe máy qua cầu. Ông Mai Đức Lượng, chủ tịch UBND thị trấn Tiên Lãng, cho biết từ sáng 7/9 huyện đã điều động các phương tiện chuyên dùng hỗ trợ xe máy qua cầu Khuể và trên đường giao thông, giúp bà con thuận lợi di chuyển. 'Nhưng đây là lúc bão chưa đổ bộ, thời tiết vẫn trong tầm kiểm soát, còn từ trưa nay chúng tôi đã cấm toàn bộ các phương tiện lưu thông qua các cầu để đảm bảo an toàn cho người dân', ông Lượng nói. Hình ảnh xe chuyên dụng của lực lượng chức năng hỗ trợ người dân di chuyển qua cầu Khuể, sáng 7/9. Ảnh: UBND huyện Tiên Lãng Tại tỉnh Quảng Ninh, hơn 10h sáng trên đường Hoàng Quốc Việt, phường Hùng Thắng, thành phố Hạ Long, tổ công tác số 3, công an thành phố Hạ Long trong quá trình tuần tra đã phát hiện cô gái 21 tuổi trú tại phường Mạo Khê, thị xã Đông Triều bị cây đổ đè vào người trong lúc điều khiển xe máy. Nạn nhân được tổ công tác kịp thời ứng cứu và đưa về nhà an toàn. Đoạn video ghi cảnh nạn nhân được lực lượng chức năng ứng cứu được chia sẻ lên mạng xã hội nhận nhiều sự yêu thích và bình luận bày tỏ hành động quả cảm, kịp thời của của lực lượng chức năng. 'Mong người dân hạn chế ra ngoài. Thương các đồng chí, vì bảo vệ sự an toàn cho mọi người dân, các anh phải lên đường lao vào những nơi nguy hiểm nhất. Cầu chúc cho mọi người được bình an', người dùng Ngọc Hà để lại bình luận. Đoạn video ghi lại hình ảnh tổ công tác số 3, Công an thành phố Hạ Long hỗ trợ giải cứu người người dân bị cây đổ, sáng 7/9. Nguồn: Bộ Công an Tại Hà Nội, nhiều hình ảnh, video quay cảnh đoàn ôtô đồng loạt di chuyển chậm, nối đuôi nhau để che chắn gió lớn cho người đi xe máy khi di chuyển qua cầu Nhật Tân được an toàn. Chị Dương Nhường, 29 tuổi, ở Từ Sơn, Bắc Ninh, kể khoảng 12h di chuyển từ hướng đường Võ Chí Công, qua cầu Nhật Tân để về nhà. Lên cầu được vài mét thấy gió thổi nghiêng xe, nhiều người đi xe máy phía trước đã xuống dắt bộ, chị cũng làm theo. Thời điểm này trên cầu có khoảng 15 xe máy cũng đang dắt bộ. Di chuyển được 1/4 cầu, Nhường bất ngờ thấy xe ôtô của công ty môi trường di chuyển chậm lại, bắt nhịp với đoàn xe máy. Nhìn qua gương, chị cũng thấy phía sau có khoảng 4-5 ôtô tải, xe chở khách cũng nhập đoàn, tạo thành lá chắn dìu xe máy đi qua cầu. 'Đoàn xe đi qua cầu khiến tôi vô cùng xúc động. Nếu không có lòng tốt của những người lạ, không biết bao giờ mới có thể về đến nhà', Nhường nói. Sau hơn chục phút được hộ tống qua cầu, Nhường và mọi người liên tục gật đầu để bày tỏ sự cảm ơn. Các tài xế ôtô cũng đáp lại bằng cách vẫy tay hoặc nhấn còi. Hình ảnh đoàn xe ôtô 'dìu' đoàn xe máy di chuyển qua cầu Nhật Tân, Hà Nội, trưa 7/9. Nguồn: Phạm Sơn Anh Vũ Hải, một trong số các tài xế hỗ trợ đoàn xe máy qua cầu Nhật Tân, kể khoảng 12h35 bắt gặp có thấy một đoàn xe máy, chia thành ba tốp chật vật qua cầu nên cùng các tài xế chủ động chia nhau 4-5 ôtô hợp thành một nhóm để che chắn cho xe máy. Xe của anh Hải cùng 5 chiếc khác hỗ trợ nhóm xe máy ở giữa. Đoàn sau có một xe tải của công ty môi trường và phía trước cũng có vài ôtô hỗ trợ. Do đi chậm nên khoảng 15-20 phút mới di chuyển được qua cầu. 'Thấy mọi người đi lại khó khăn, qua cầu gió lớn nguy hiểm nên tôi giúp đỡ. Ai trong hoàn cảnh đó cũng sẽ làm như vậy thôi', anh Hải cho biết. Quỳnh Nguyễn","07/09/2024 16:11","0","0"
"4790157","Thuyền vỡ chìm, cây đổ ngổn ngang do bão Yagi. . 7h ngày 7/9, huyện đảo Cô Tô, tỉnh Quảng Ninh mưa và gió làm ngập, bay các tấm tôn, lều bạt ra đường. Ảnh: Thu Báu Cô Tô là huyện đảo ở phía đông tỉnh Quảng Ninh, cách đất liền khoảng 80 km có gió mạnh cấp 12, giật cấp 14, mưa mù mịt, gió thổi nghiêng hàng cây dừa trước cửa đồn biên phòng. 7h ngày 7/9, huyện đảo Cô Tô, tỉnh Quảng Ninh mưa và gió làm ngập, bay các tấm tôn, lều bạt ra đường. Ảnh: Thu Báu Cô Tô là huyện đảo ở phía đông tỉnh Quảng Ninh, cách đất liền khoảng 80 km có gió mạnh cấp 12, giật cấp 14, mưa mù mịt, gió thổi nghiêng hàng cây dừa trước cửa đồn biên phòng. Tại cảng cá Cái Rồng, huyện Vân Đồn, tỉnh Quảng Ninh gió mạnh kèm theo mưa thổi trôi nhiều chiếc thuyền, nhà bè của người dân. Ảnh: Giang Huy Tại cảng cá Cái Rồng, huyện Vân Đồn, tỉnh Quảng Ninh gió mạnh kèm theo mưa thổi trôi nhiều chiếc thuyền, nhà bè của người dân. Ảnh: Giang Huy Một người dân trôi theo thuyền bị đứt neo trên cảng Cái Rồng. Ảnh: Giang Huy Một người dân trôi theo thuyền bị đứt neo trên cảng Cái Rồng. Ảnh: Giang Huy Người đàn ông cố bám trụ trên thuyền của mình ở cảng Cái Rồng. Trước đó, lực lượng chức năng đã cấm tất cả người dân không được ở lại nhà lồng, bè, thuyền. Ảnh: Giang Huy Người đàn ông cố bám trụ trên thuyền của mình ở cảng Cái Rồng. Trước đó, lực lượng chức năng đã cấm tất cả người dân không được ở lại nhà lồng, bè, thuyền. Ảnh: Giang Huy Ngư dân Quảng Ninh cố bơi vào tàu sau khi bị rơi xuống biển. Video: Giang Huy Trên tuyến đường chính dẫn ra cảng Cái Rồng nhiều cây sấu bật gốc chắn ngang đường. Lực lượng chức năng nhanh chóng có mặt, kéo cây vào sát ven đường tránh ảnh hưởng giao thông. Ảnh: Phạm Dự Trên tuyến đường chính dẫn ra cảng Cái Rồng nhiều cây sấu bật gốc chắn ngang đường. Lực lượng chức năng nhanh chóng có mặt, kéo cây vào sát ven đường tránh ảnh hưởng giao thông. Ảnh: Phạm Dự Các cây gãy đổ hoặc nguy cơ gãy đổ được chặt bỏ, thu dọn trong bão. Ảnh: Phạm Dự Các cây gãy đổ hoặc nguy cơ gãy đổ được chặt bỏ, thu dọn trong bão. Ảnh: Phạm Dự Cây trên đường Nguyễn Đức Cảnh, quận Lê Chân ở trung tâm thành phố Hải Phòng tan hoang vì gió quật. Ảnh: Lê Tân Cây trên đường Nguyễn Đức Cảnh, quận Lê Chân ở trung tâm thành phố Hải Phòng tan hoang vì gió quật. Ảnh: Lê Tân Ôtô được băng bó bằng tấm xốp, băng dính ở huyện Vân Đồn. Ảnh: Phạm Dự Ôtô được băng bó bằng tấm xốp, băng dính ở huyện Vân Đồn. Ảnh: Phạm Dự Gió giật đổ cây, sập mái che lán xe, mắc dây điện trên phố Trần Tử Bình, Hà Nội. Ảnh: Duy Anh Gió giật đổ cây, sập mái che lán xe, mắc dây điện trên phố Trần Tử Bình, Hà Nội. Ảnh: Duy Anh Nhóm phóng viên","07/09/2024 13:26","0","0"
"4789988","30 đại học cho sinh viên nghỉ tránh bão Yagi. Đại học Ngoại thương và hơn 20 trường cho sinh viên nghỉ học để tránh bão Yagi, trong khi một số chuyển sang học online.. Hầu hết trường cho nghỉ 1-2 ngày, từ 7 đến 8/9, riêng Đại học Thái Bình kéo dài thời gian nghỉ đến 10/9. Sinh viên sẽ được học bù sau. Bảy trường chuyển sang học online, gồm Đại học Kiến trúc Hà Nội, Giao thông vận tải, Học viện Ngân hàng, Chính sách và Phát triển, Khoa học Xã hội và Nhân văn, Kinh tế, Giáo dục (thuộc Đại học Quốc gia Hà Nội). Ngoài ra, nhiều trường phải thay đổi kế hoạch nhập học cho tân sinh viên như Học viện Công nghệ Bưu chính Viễn thông, Báo chí và Tuyên truyền, Đại học Kiến trúc Hà Nội, Giao thông vận tải, Hải Dương, Điều dưỡng Nam Định. Trường Đại học Thương mại, trường Quản trị và Kinh doanh (Đại học Quốc gia Hà Nội), Đại học Hải Phòng, Hạ Long (Quảng Ninh) hoãn sinh hoạt công dân đầu khóa. Một số đổi lịch thi tiếng Anh đầu vào hay khám sức khỏe cho tân sinh viên như Đại học Kinh tế Quốc dân, Thăng Long, Khoa học và Công nghệ Hà Nội. Các trường cho hay việc này nhằm đảm bảo an toàn cho sinh viên, giảng viên. Tân sinh viên PTIT nhập học ngày 6/9, sớm một ngày so với kế hoạch. Ảnh: PTIT Yagi là cơn bão số 3 đổ bộ vào Việt Nam năm nay. Trung tâm Dự báo Khí tượng Thủy văn quốc gia cho biết lúc lúc 22h bão ở ven biển phía bắc đảo Hải Nam (Trung Quốc), cách Quảng Ninh 360 km, sức gió mạnh nhất 183 km/h, cấp 14, giật cấp 17 và theo hướng tây tây bắc với tốc độ 15-20 km/h. Chiều nay tại Hà Nội, rìa phía nam hoàn lưu bão Yagi gây mưa giông khiến một người chết, 6 người bị thương do cây đổ. Hơn 7,2 triệu học sinh ở 17 tỉnh, thành bị ảnh hưởng bởi bão được nghỉ học ngày mai. Dương Tâm","06/09/2024 23:25","0","0"
"4789846","Người dân chằng chống nhà cửa trước bão Yagi. . Sáng 6/9, lực lượng chức năng hỗ trợ các hộ dân trên đảo Cô Tô, tỉnh Quảng Ninh di chuyển đồ đạc, thu dọn lều lán du lịch để tránh thiệt hại do bão Yagi. Lúc 10h20, Cô Tô có mưa và gió mạnh, mây đen. Toàn bộ du khách đã rời đảo vào đất liền. Cô Tô là một trong những điểm đảo đầu tiên đón bão. Từ đêm nay khi Yagi vào vịnh Bắc Bộ, Cô Tô sẽ có gió mạnh cấp 12-13, là cấp có mức độ phá hoại cực kỳ lớn, sóng biển cực mạnh, có thể đánh đắm tàu thuyền có trọng tải lớn. Ảnh: Thu Báu Sáng 6/9, lực lượng chức năng hỗ trợ các hộ dân trên đảo Cô Tô, tỉnh Quảng Ninh di chuyển đồ đạc, thu dọn lều lán du lịch để tránh thiệt hại do bão Yagi. Lúc 10h20, Cô Tô có mưa và gió mạnh, mây đen. Toàn bộ du khách đã rời đảo vào đất liền. Cô Tô là một trong những điểm đảo đầu tiên đón bão. Từ đêm nay khi Yagi vào vịnh Bắc Bộ, Cô Tô sẽ có gió mạnh cấp 12-13, là cấp có mức độ phá hoại cực kỳ lớn, sóng biển cực mạnh, có thể đánh đắm tàu thuyền có trọng tải lớn. Ảnh: Thu Báu Hộ làm kinh doanh du lịch trên bãi tắm ven biển Cô Tô di chuyển chiếc kayak lên vị trí cao hơn để tránh bão. Ảnh: Thu Báu Hộ làm kinh doanh du lịch trên bãi tắm ven biển Cô Tô di chuyển chiếc kayak lên vị trí cao hơn để tránh bão. Ảnh: Thu Báu Người dân trên đảo Cô Tô dùng dây thừng khổ lớn chằng buộc nhiều lần để thuyền bè không bị bão đẩy ra xa. Ảnh: Thu Báu Người dân trên đảo Cô Tô dùng dây thừng khổ lớn chằng buộc nhiều lần để thuyền bè không bị bão đẩy ra xa. Ảnh: Thu Báu Lực lượng chức năng huyện đảo Cô Tô hỗ trợ người dân kéo bao cát che chắn cho mái nhà tôn để tránh bị tốc mái. Ảnh: Thu Báu Lực lượng chức năng huyện đảo Cô Tô hỗ trợ người dân kéo bao cát che chắn cho mái nhà tôn để tránh bị tốc mái. Ảnh: Thu Báu Quán nhậu ven biển ở huyện Vân Đồn, tỉnh Quảng Ninh tháo dỡ biển quảng cáo để tránh bão phá hỏng. Chủ quán cho biết sẽ đóng cửa quán từ 17h hôm nay đến khi bão tan. Ảnh: Phạm Dự Quán nhậu ven biển ở huyện Vân Đồn, tỉnh Quảng Ninh tháo dỡ biển quảng cáo để tránh bão phá hỏng. Chủ quán cho biết sẽ đóng cửa quán từ 17h hôm nay đến khi bão tan. Ảnh: Phạm Dự Một nhà hàng khác trên đường Vạn Hương, quận Đồ Sơn, TP Hải Phòng, dùng cốp pha làm lá chắn cho cửa kính để chống lại sức gió và sóng. Ảnh: Lê Tân Một nhà hàng khác trên đường Vạn Hương, quận Đồ Sơn, TP Hải Phòng, dùng cốp pha làm lá chắn cho cửa kính để chống lại sức gió và sóng. Ảnh: Lê Tân Ông Hoàng Khánh Tùng, ở khu 2, quận Đồ Sơn cho biết 7-8 năm nay khu vực này mới bị bão đe dọa nên người dân rất lo lắng. Ảnh: Lê Tân Ông Hoàng Khánh Tùng, ở khu 2, quận Đồ Sơn cho biết 7-8 năm nay khu vực này mới bị bão đe dọa nên người dân rất lo lắng. Ảnh: Lê Tân Nhân viên gara ôtô trên đường Phạm Văn Đồng, Dương Kinh đưa những bao cát nặng lên giữ mái tôn. Ảnh: Lê Tân Nhân viên gara ôtô trên đường Phạm Văn Đồng, Dương Kinh đưa những bao cát nặng lên giữ mái tôn. Ảnh: Lê Tân Người dân thị trấn Cái Rồng, huyện Vân Đồn tháo biển hiệu, bơm nước lên mái nhà tránh bay mái. Video: Huy Mạnh Người dân và lực lượng chức năng di dời các ki-ốt nằm sát bờ biển Đồ Sơn. Ảnh: Lê Tân Người dân và lực lượng chức năng di dời các ki-ốt nằm sát bờ biển Đồ Sơn. Ảnh: Lê Tân Nhóm thanh niên đang chằng buộc cửa kính ở Hubway số 10, đường Hồ Xuân Hương, TP Sầm Sơn, tỉnh Thanh Hóa. Ảnh: Lê Hoàng Nhóm thanh niên đang chằng buộc cửa kính ở Hubway số 10, đường Hồ Xuân Hương, TP Sầm Sơn, tỉnh Thanh Hóa. Ảnh: Lê Hoàng Công an, dân quân tự vệ hỗ trợ người dân kéo thuyền lên đường Hồ Xuân Hương, TP Sầm Sơn, tỉnh Thanh Hóa để tránh bão Yagi. Hiện hơn 6.100 tàu thuyền với gần 20.000 lao động tại Thanh Hóa đã vào nơi tránh trú an toàn. Ảnh: Lê Hoàng Công an, dân quân tự vệ hỗ trợ người dân kéo thuyền lên đường Hồ Xuân Hương, TP Sầm Sơn, tỉnh Thanh Hóa để tránh bão Yagi. Hiện hơn 6.100 tàu thuyền với gần 20.000 lao động tại Thanh Hóa đã vào nơi tránh trú an toàn. Ảnh: Lê Hoàng Trưa nay, hàng trăm chiếc thuyền cỡ nhỏ và bè mảng được người dân đưa lên đường Hồ Xuân Hương, TP Sầm Sơn, để tránh bão. Tuyến đường dài hơn 3 km được trưng dụng một phần vỉa hè và lòng đường làm nơi tập kết bè mảng của ngư dân. Ảnh: Lê Hoàng Trưa nay, hàng trăm chiếc thuyền cỡ nhỏ và bè mảng được người dân đưa lên đường Hồ Xuân Hương, TP Sầm Sơn, để tránh bão. Tuyến đường dài hơn 3 km được trưng dụng một phần vỉa hè và lòng đường làm nơi tập kết bè mảng của ngư dân. Ảnh: Lê Hoàng Người dân di chuyển thuyền lên chỗ cao hơn tránh bão Yagi. Video: Lê Hoàng Nhóm phóng viên","06/09/2024 17:04","0","0"
"4789854","Siêu bão Yagi cách Quảng Ninh khoảng 430 km. Chiều nay, siêu bão Yagi áp sát đảo Hải Nam của Trung Quốc, cách Quảng Ninh khoảng 450 km, dự báo đêm nay vào vịnh Bắc bộ nhưng chỉ giảm 1-2 cấp.. Trung tâm Dự báo Khí tượng Thủy văn quốc gia cho biết lúc 15h, tâm bão trên vùng biển đông bắc đảo Hải Nam, sức gió mạnh nhất 201 km/h, cấp 16 siêu bão, giật trên cấp 17 và đang theo hướng tây tây bắc với tốc độ 15-20 km/h. Đêm nay, bão vượt qua đảo Hải Nam, đi vào vịnh Bắc Bộ và đến 1h sáng mai cách Quảng Ninh khoảng 230 km với sức gió mạnh nhất cấp 14, tức 166 km/h, giật cấp 17. Khoảng trưa mai, tâm bão đổ bộ các tỉnh Quảng Ninh - Nam Định, cường độ cấp 11-12, giật cấp 15. Bão sau đó giữ hướng tây tây bắc, tốc độ 15-20 km/h, đi sâu vào các tỉnh Lạng Sơn, Bắc Giang, Hải Dương, Hưng Yên, Hà Nam, Ninh Bình... Dự báo đường đi và khu vực ảnh hưởng của bão Yagi. Ảnh: NCHMF Đài khí tượng Nhật Bản cho biết bão vẫn duy trì sức gió 180 km/h, đêm nay vào vịnh Bắc Bộ còn 168 km/h. Đài Hong Kong đưa ra nhận định bão đang mạnh 230 km/h, khi áp sát đất liền Quảng Ninh còn 165 km/h. Đài Hải quân Mỹ cho rằng bão vào giữa bắc vịnh Bắc Bộ vẫn mạnh 185 km/h. Tác động của bão, Bắc Biển Đông gió mạnh cấp 11-14, vùng gần tâm bão đi qua cấp 15-16, giật trên cấp 17, sóng biển 10-12 m. Vùng biển phía đông vịnh Bắc Bộ gồm huyện đảo Bạch Long Vỹ đang có gió mạnh cấp 6-7. Từ tối và đêm nay, vịnh Bắc Bộ bao gồm huyện đảo Bạch Long Vỹ, Cô Tô gió mạnh dần lên cấp 8-9, sau tăng lên cấp 10-11, vùng gần tâm bão đi qua cấp 12-14, giật cấp 17, sóng biển 6-8 m. Ảnh vệ tinh hoàn lưu bão Yagi lúc 14h40 ngày 6/9. Ảnh: Trung tâm Mạng lưới khí tượng Thủy văn quốc gia Từ đêm nay đến sáng mai, vùng ven biển Quảng Ninh - Thanh Hóa có gió mạnh dần lên cấp 6-7, sau tăng lên cấp 8-9, vùng gần tâm bão cấp 10-12, giật cấp 14. Khu vực sâu trong đất liền phía Đông Bắc Bộ có gió mạnh cấp 6-8, giật cấp 9-11, sóng biển cao 3-5 m. Gió mạnh nhất từ sáng đến chiều tối mai. Từ đêm đến sáng 9/9, Bắc Bộ, Thanh Hóa mưa lớn 100-350 mm, có nơi trên 500 mm. Mưa lớn nhất ở phía Đông Bắc Bộ tập trung trong ngày và đêm mai; phía Tây Bắc Bộ từ tối mai đến đêm 8/9. Mưa lớn có khả năng gây ngập úng ở vùng trũng; lũ quét trên các sông, suối nhỏ, sạt lở đất ở sườn dốc. Hôm nay tất cả các tỉnh Quang Ninh - Nghệ An cấm biển; 10 tỉnh, thành phố cho học sinh nghỉ học ngày 7/9; quân đội huy động hơn 450.000 người ứng phó với bão. Bốn sân bay Cát Bi, Vân Đồn, Nội Bài, Thọ Xuân dừng 240 chuyến bay nội địa, 70 chuyến bay quốc tế trong ngày 7/9. Gia Chính","06/09/2024 15:32","0","0"
"4789708","Hải Phòng, Quảng Ninh đóng cảng biển tránh bão Yagi. Các cảng ở Hải Phòng, Quảng Ninh dừng nhận, xuất nhập khẩu hàng hóa từ trưa 6/9 để tàu thuyền đi neo đậu tránh bão Yagi.. Theo thông báo từ các đơn vị vận hành cảng biển tại Hải Phòng, Cảng container quốc tế Tân cảng Hải Phòng (TC - HICT) dừng giao nhận (nhập, xuất) container từ 12h cho đến khi có thông báo mới. Đây là cảng container lớn nhất miền Bắc, khả năng tiếp nhận tàu trọng tải lên tới 14.000 TEUs với tuyến dịch vụ trực tiếp đi châu Mỹ và châu Âu. Cảng Đình Vũ Hải Phòng cũng ngưng nhận container hàng từ 16h. Với container rỗng hạ chờ xuất, họ tạm dừng từ 0h ngày 7/9. Tương tự, Cảng Tân Vũ - đơn vị cũng thuộc Tổng công ty cổ phần Cảng Hải Phòng dừng hoạt động sớm, từ 12h để tàu thuyền đi neo đậu, tránh bão Yagi. Riêng chi nhánh Cảng Chùa Vẽ (thuộc Tổng công ty cổ phần Cảng Hải Phòng) dừng cung cấp dịch vụ từ 18h cho đến khi có thông báo tiếp theo. Cụm cảng Hải Phòng có vai trò là cửa ngõ ra biển lớn nhất miền Bắc. Đồng thời, đây cũng là cụm cảng tổng hợp cấp quốc gia, đứng thứ hai sau cảng Sài Gòn. Công nhân Cảng Tân Vũ (Hải Phòng) chằng buộc, gia cố contariner hàng hóa, sáng 6/9. Ảnh: Bảo Minh Tại Quảng Ninh, từ hôm qua, công tác bốc xếp hàng hóa trên các tàu tại cảng ở khu vực này được đẩy nhanh. Đến sáng nay, Cảng vụ Hàng hải Quảng Ninh đề nghị hoạt động xếp dỡ hàng hóa dừng trước 11h. Sau đó, các tàu thuyền đang cập cầu cảng để làm hàng hóa phải di chuyển tới khu tránh bão trước 16h. Các doanh nghiệp cảng biển được yêu cầu phối hợp chặt chẽ với cảng vụ, đơn vị hoa tiêu điều động tàu thuyền hoạt động trong cảng đi tránh bão, để đảm bảo hoàn thành xong đúng mốc thời gian trên. Thuyền trưởng các tàu, thuyền cũng được lưu ý tính toán độ dài neo cho phù hợp với địa hình, dòng chảy, mật độ của tàu thuyền xung quanh và thường xuyên kiểm tra để tránh bị đứt neo hoặc rê neo để đảm bảo an toàn. Ban Chỉ huy Phòng chống thiên tai và tìm kiếm cứu nạn tỉnh Quảng Ninh cũng đề nghị các cơ quan liên quan dừng cấp phép cho các phương tiện thủy ra khơi từ 11h, và tạm ngừng cấp phép cho các phương tiện du lịch, lưu trú trên biển cho đến khi có thông báo mới. Để ứng phó với siêu bão Yagi, Tập đoàn Công nghiệp Than - Khoáng sản Việt Nam (TKV) yêu cầu các đơn vị có vận tải thủy kiểm đếm tàu thuyền, phương tiện và thông báo yêu cầu di chuyển ra khỏi vùng có gió giật mạnh, neo đậu chắc chắn tại nơi tránh trú bão bảo, cũng như gia cố chắc chắn các thiết bị, kho dự trữ, nhất là các thiết bị có chiều cao lớn tại khu vực cảng biển. Ở khu vực các mỏ than tại Cẩm Phả, Hà Tu, TKV lưu ý huy động tối đa các hệ thống bơm hoạt động liên tục để bơm hạ nhanh mực nước moong (phần đáy mỏ) và bố trí bơm dự phòng để bơm thoát nước nhanh nhất khi mưa lớn kéo dài, lượng nước xuống moong nhiều. Các đơn vị cũng được yêu cầu phải bố trí trực 24/24 để ứng phó kịp thời khi có sự cố. Theo Trung tâm Dự báo Khí tượng Thủy văn quốc gia, bão Yagi có phạm vi ảnh hưởng rất rộng nên từ trưa nay vùng biển phía đông của vịnh Bắc Bộ (gồm huyện đảo Bạch Long Vỹ) có gió mạnh dần lên cấp 6-7. Từ tối và đêm nay, vịnh Bắc Bộ gió mạnh dần lên cấp 8-9, sau tăng lên cấp 10-11, vùng gần tâm bão đi qua cấp 12-14, giật cấp 17, biển động dữ dội. Sóng biển cao 2-4 m, sau tăng lên 3-5 m, vùng gần tâm bão 6-8 m. Thi Hà - Anh Tú","06/09/2024 12:28","0","0"
"4789746","N/A. Nắng nóng trước bão có thể làm tăng lượng mưa khi cơn cuồng phong Yagi vào bờ, theo chuyên gia, người dân Quảng Ninh, Hải Phòng nên chuẩn bị để 'ở yên' trong 2 ngày, vùng ven biển cần sơ tán trước 21h ngày 6/9.. Liên hệ: 084 666 0123 hoặc podcast@vnexpress.net.","06/09/2024 11:52","0","0"
"4792211","Đứng dậy từ tay trắng sau bão Yagi. Quảng NinhBa ngày sau Yagi, ông Dương đeo nắm cơm và ít lương khô chạy thuyền ra Hòn Cò nhặt nhạnh tàn tích của 270 lồng bè.. '40 năm gây dựng, giờ mất trắng ở tuổi này', ông Phạm Văn Dương, 64 tuổi, giơ hai bàn tay chằng chịt vết rách, nói. Với 30 lồng cá sót lại, gia đình ông gom những con còn khỏe, dồn vào một ô để chăm sóc. Những con 5-7 kg chết trắng mặt nước Vân Đồn. Suốt ba ngày nay ông Dương và những người làm công vớt bỏ đi không xuể. Số khác ngắc ngoải ông chưa biết làm thế nào. Bỏ thì xót xa, giữ lại chắc chúng không sống được, mang ra chợ bán không ai mua. 'Bão phá đau một lần, hậu bão đau tiếp lần nữa', ông nói. Gia đình ông Phạm Văn Dương, ở Vân Đồn đang vớt những con cá chết bỏ đi và gom lại cá sống, hôm 10/9. Ảnh: Phan Dương Hòn Cò nằm giữa hai khe núi, là một trong những nơi địa điểm nuôi thủy sản trọng điểm của Vân Đồn. Nơi này tập trung hơn 30 hộ nuôi cá lồng và dây hàu. Qua bão Yagi, cả khu gần như bị xóa sổ. Các lồng bè bị đánh tan tác, chưa rõ chìm xuống biển hay trôi dạt phương nào. Số ít còn trên mặt nước cũng gãy vỡ, rách lưới, cá chết trắng. Gia đình ông Dương nuôi 300 dây hàu, bị bão đánh mất tích. Hơn 270 lồng cá song, nhiều lồng đã nuôi 3-5 năm chuẩn bị thu hoạch, mất 90%. Một con tàu đúc bằng xi măng rộng 6 mét, dài 32 mét, kiên cố là thế cũng bị bão cuốn đâu không rõ. Tổng thiệt hại khoảng 35 tỷ đồng. 'Nhặt nhạnh những mảnh vụn, gắng dựng lại từ đầu vậy. Đâu thể bỏ được nghề', ông thở dài, nói. Ông Hựng, 57 tuổi nhặt nhạnh những gì còn sử dụng được chiều 10/9, sau khi cơn bão Yagi cuốn phăng toàn bộ tài sản. Ảnh: Vũ Văn Hướng Hôm 7/9 bão Yagi đổ bộ, ông Vũ Văn Hựng, 57 tuổi, bất chấp nguy hiểm ở lại canh tài sản. Nhưng cơn bão mạnh '40 năm chưa từng thấy' khiến ông giờ này không còn chốn dung thân. Trong cơn cuồng nộ của biển cả, có lúc ông tưởng đã 'làm mồi cho cá'. Từng đợt sóng cao 5-7 mét dập lên, dập xuống phá tan những thuyền bè kiên cố nhất. Ông Hựng bám được vào mấy dây phao, cứ thế trôi trên mặt biển tối đen, sóng chỉ chực chờ nuốt chửng. Rồi ông chui được vào nhà bếp của bè hàng xóm. Trôi cùng 'nhà bếp' chừng 6 hải lý, ngư dân này mắc vào một eo gió ở Cửa Ông, Cẩm Phả. May mắn trong bếp có gas và lương thực nên ông trụ được đến khi chính quyền Vân Đồn đi ca nô ra giải cứu, 20 tiếng sau đó. Quê ở huyện Quảng Yên nhưng vợ chồng ông Hựng mưu sinh ở Vân Đồn mấy chục năm nay. Ban đầu ông đi đánh bắt, sau mới tích cóp, vay mượn được để nuôi cá lồng bè. Vợ chồng ông còn chưa vực dậy được sau hai năm Covid-19, giờ lại tới bão Yagi. Toàn bộ số lồng cá trị giá khoảng 4 tỷ đồng của họ, tính cuối năm sẽ bán, giờ tan biến vào hư vô. 'Hy vọng trả nợ và có khoản tích cóp để về quê giờ chẳng còn gì', ông nói. Bức ảnh anh Bao chụp lại một ngày sau bão khi tìm thấy chú chó nằm trước nhà tắm, cách chỗ cũ khoảng 6 hải lý. Ảnh: Nhân vật cung cấp Trước hôm bão về, ngư dân Phạm Văn Bao, 47 tuổi, mơ thấy một con cá rất to chết trắng trên mặt nước. Hôm sau, bão cuốn phăng tất cả tài sản vợ chồng anh gây dựng gần hai chục năm nay, gồm một nhà bè, nhà bếp, nhà kho và 30 lồng cá. Thiệt hại khoảng 3 tỷ đồng, nhưng anh Bao được đánh giá là người mất ít nhất ở Vân Đồn. Khi bão qua, anh nhận tin cái bếp và nhà tắm của mình trôi xuống Cửa Ông. Thuê thuyền ra đến nơi, anh gặp chú chó của mình đang nằm ủ rũ trước căn bếp đổ nát. 'Nhìn thấy con chó mừng rơi nước mắt', anh rơm rớm. Thống kê sơ bộ cho thấy hầu hết diện tích đang nuôi trồng thủy sản của người dân Vân Đồn bị bão số 3 xóa sổ, 318 nhà bè, gần 90 tàu thuyền các loại bị đắm, vỡ, ước tính thiệt hại trên 2.200 tỷ đồng. Từ nay đến cuối năm là thời điểm thu hoạch hàu và cá của ngư dân, nhưng cơn bão quét sạch thành quả lao động bao năm, đẩy nhiều gia đình vào cảnh trắng tay, nợ nần. Một ngày sau bão, vợ con ông Hựng khóc tức tưởi nhìn thấy chồng, cha vẫn còn giữ được tính mạng. Ông Hựng gạt đi 'sống chết có số', rồi ngụp vào giữa đống đổ nát. Trên những bè phao, ông vớt lên những thanh gỗ, tấm lưới rách, đôi khi là những con cá to tướng đã chết bốc mùi. 'Giờ giống như 'rách áo cố nhặt lại cái cúc'. Còn gì dùng được cũng phải thu gom để bắt đầu lại', ông nói. Phan Dương","14/09/2024 06:00","0","0"
"4789521","Đóng cửa 4 sân bay để tránh bão Yagi. Bốn sân bay Vân Đồn, Cát Bi, Nội Bài, Thọ Xuân sẽ tạm dừng khai thác tàu bay trong một số khung giờ ngày 7/9, theo quyết định của Cục Hàng không Việt Nam.. Chiều 5/9, Cục Hàng không Việt Nam họp triển khai phương án phòng chống, ứng phó bão Yagi. Nhận định bão có cường độ rất mạnh, mức độ rủi ro thiên tai lớn, có khả năng ảnh hưởng và uy hiếp an toàn khai thác tại các cảng hàng không, Cục trưởng Hàng không Đinh Việt Thắng đã yêu cầu tạm ngừng tiếp thu, khai thác tàu bay tại một số sân bay. Cụ thể, sân bay Vân Đồn (Quảng Ninh) sẽ tạm dừng khai thác từ 4h đến 16h ngày 7/9. Sân bay Cát Bi (Hải Phòng) ngừng hoạt động từ 5h đến 16h ngày 7/9. Sân bay Nội Bài tạm đóng cửa từ 10h đến 19h ngày 7/9. Sân bay Thọ Xuân (Thanh Hóa) đóng cửa từ 12h đến 22h ngày 7/9. Sân bay Nội Bài sẽ tạm dừng khai thác trong ngày 7/9. Ảnh: Giang Huy Lãnh đạo Cục Hàng không Việt Nam yêu cầu Tổng công ty Quản lý bay Việt Nam thông báo tin tức hàng không cho các máy bay hoạt động trong khu vực và điều hành bay đảm bảo an toàn. Các cảng vụ hàng không miền Bắc có trách nhiệm kiểm tra, giám sát việc khai thác tại sân bay. Các hãng hàng không trong nước cũng đang lên kế hoạch thay đổi lịch trình của chuyến bay đi/đến từ các sân bay Nội Bài, Thọ Xuân, Cát Bi, Vân Đồn trong ngày 7/9. Hành khách được khuyến cáo theo dõi các bản tin thời tiết và thông báo từ hãng. Theo Trung tâm Dự báo Khí tượng Thủy văn quốc gia, lúc 17h ngày 5/9, tâm bão trên vùng biển phía Bắc khu vực Bắc Biển Đông, cách đảo Hải Nam của Trung Quốc khoảng 380 km, cường độ siêu bão (184-201 km/h), giật trên cấp 17. Trong ba ngày qua, trung bình cứ sau ba giờ bão tăng một cấp, từ 8 lên 16. Dự kiến từ nay đến chiều tối mai, khi áp sát bán đảo Lôi Châu và đảo Hải Nam của Trung Quốc, bão tiếp tục giữ cường độ siêu bão. Tối mai, khi vượt đảo Hải Nam vào vịnh Bắc Bộ, bão giảm còn cấp 13-14. Từ chiều 7/9, bão đổ bộ miền Bắc, trọng tâm từ Quảng Ninh tới Thanh Hóa. Đoàn Loan","05/09/2024 20:54","0","0"
"4789089","Vùng đảo hối hả ứng phó với bão Yagi. . Cách đất liền 110 km, Bạch Long Vỹ là đảo xa bờ nhất trong vịnh Bắc Bộ, nơi đón gió mạnh đầu tiên nếu bão đổ bộ Quảng Ninh - Hải Phòng. Trên hòn đảo rộng gần 3 km2 này có hơn 1.000 dân sinh sống chủ yếu bằng nghề đánh bắt và hậu cần nghề cá. Chiều 4/9, tâm bão Yagi còn cách đảo Hải Nam (Trung Quốc) hơn 700 km, song chính quyền đã huy động bộ đội giúp ngư dân đưa thuyền bè về nơi trú ẩn. Cách đất liền 110 km, Bạch Long Vỹ là đảo xa bờ nhất trong vịnh Bắc Bộ, nơi đón gió mạnh đầu tiên nếu bão đổ bộ Quảng Ninh - Hải Phòng. Trên hòn đảo rộng gần 3 km2 này có hơn 1.000 dân sinh sống chủ yếu bằng nghề đánh bắt và hậu cần nghề cá. Chiều 4/9, tâm bão Yagi còn cách đảo Hải Nam (Trung Quốc) hơn 700 km, song chính quyền đã huy động bộ đội giúp ngư dân đưa thuyền bè về nơi trú ẩn. Tàu của ngư dân tại âu cảng Bạch Long Vĩ được chằng buộc để máy xúc cẩu lên bờ. Theo thống kê, tại âu cảng Bạch Long Vĩ đã có 75 phương tiện với 98 lao động vào neo đậu tránh trú an toàn, 12 phương tiện đã di chuyển vào đất liền, hiện còn 26 phương tiện của địa phương đang vào nơi tránh trú. Tàu của ngư dân tại âu cảng Bạch Long Vĩ được chằng buộc để máy xúc cẩu lên bờ. Theo thống kê, tại âu cảng Bạch Long Vĩ đã có 75 phương tiện với 98 lao động vào neo đậu tránh trú an toàn, 12 phương tiện đã di chuyển vào đất liền, hiện còn 26 phương tiện của địa phương đang vào nơi tránh trú. Phương tiện sau khi được đưa lên bờ sẽ phải dùng thêm dây thừng để chằng néo. Yagi là cơn bão mạnh, dự báo đạt cực ngày 6/9 khoảng cấp 16 - siêu bão. Với cấp này, sức phá hoại rất lớn, sóng biển có thể đánh đắm tàu thuyền trọng tải lớn. Các đài khí tượng đều cho rằng bão vào bờ biển các tỉnh từ Quảng Ninh đến Ninh Bình ngày 7/9. Phương tiện sau khi được đưa lên bờ sẽ phải dùng thêm dây thừng để chằng néo. Yagi là cơn bão mạnh, dự báo đạt cực ngày 6/9 khoảng cấp 16 - siêu bão. Với cấp này, sức phá hoại rất lớn, sóng biển có thể đánh đắm tàu thuyền trọng tải lớn. Các đài khí tượng đều cho rằng bão vào bờ biển các tỉnh từ Quảng Ninh đến Ninh Bình ngày 7/9. Thiếu tá Khúc Văn Nội, nhân viên báo vụ Đồn Biên phòng Bạch Long Vĩ, Bộ đội Biên phòng TP Hải Phòng, kêu gọi tàu thuyền ngoài khơi vào tránh trú bão qua hệ thống radio. Khu vực cách đảo từ 2 đến 15 hải lý còn 170 phương tiện đang hoạt động, Bộ đội Biên phòng phối hợp với Trạm Radar 490 Hải quân để tiếp tục thông tin, kêu gọi tàu thuyền vào nơi an toàn. Thiếu tá Khúc Văn Nội, nhân viên báo vụ Đồn Biên phòng Bạch Long Vĩ, Bộ đội Biên phòng TP Hải Phòng, kêu gọi tàu thuyền ngoài khơi vào tránh trú bão qua hệ thống radio. Khu vực cách đảo từ 2 đến 15 hải lý còn 170 phương tiện đang hoạt động, Bộ đội Biên phòng phối hợp với Trạm Radar 490 Hải quân để tiếp tục thông tin, kêu gọi tàu thuyền vào nơi an toàn. Máy xúc đưa tàu cao tốc ở đảo Trần, thuộc xã Thanh Lân, huyện đảo Cô Tô, Quảng Ninh lên bờ lúc chiều muộn. Đảo Trần cách trung tâm huyện đảo Cô Tô 45 km, là đảo xa bờ nhất của tỉnh Quảng Ninh. Đây sẽ là nơi đầu tiên của Quảng Ninh chịu ảnh hưởng của bão Yagi. Máy xúc đưa tàu cao tốc ở đảo Trần, thuộc xã Thanh Lân, huyện đảo Cô Tô, Quảng Ninh lên bờ lúc chiều muộn. Đảo Trần cách trung tâm huyện đảo Cô Tô 45 km, là đảo xa bờ nhất của tỉnh Quảng Ninh. Đây sẽ là nơi đầu tiên của Quảng Ninh chịu ảnh hưởng của bão Yagi. Ông Nguyễn Văn Ngọc, Chủ tịch HĐND xã Thanh Lân, trao đổi với ngư dân về tình hình bão và kêu gọi họ vào nơi an toàn. Giống như Bạch Long Vỹ, người dân ở xã đảo Thanh Lân chủ yếu sống bằng nghề đánh bắt, nuôi trồng thủy sản. Trước mỗi cơn bão, lãnh đạo xã đều phân chia nhau xuống đốc thúc ngư dân đưa thuyền nhỏ lên bờ, tàu lớn thì neo đậu vào âu thuyền khuất gió, buộc giãn cách tránh va đập. Ông Nguyễn Văn Ngọc, Chủ tịch HĐND xã Thanh Lân, trao đổi với ngư dân về tình hình bão và kêu gọi họ vào nơi an toàn. Giống như Bạch Long Vỹ, người dân ở xã đảo Thanh Lân chủ yếu sống bằng nghề đánh bắt, nuôi trồng thủy sản. Trước mỗi cơn bão, lãnh đạo xã đều phân chia nhau xuống đốc thúc ngư dân đưa thuyền nhỏ lên bờ, tàu lớn thì neo đậu vào âu thuyền khuất gió, buộc giãn cách tránh va đập. Bộ đội Biên phòng và Công an xã Thanh Lân kêu gọi ngư dân trên biển vào bờ tránh trú bão. Sau cuộc họp chống bão Yagi sáng nay, UBND huyện Cô Tô yêu cầu các lực lượng quản lý chặt chẽ phương tiện tàu cá đang hoạt động tại Cô Tô, có biện pháp thông báo cho tàu thuyền về nơi tránh trú an toàn trước ngày 6/9, sẵn sàng lực lượng, phương tiện cứu hộ, cứu nạn để triển khai ứng cứu khi có yêu cầu. Phòng Văn hóa - Thông tin và Du lịch huyện đã thông tin tình hình thời tiết đến 100% khách du lịch và khuyến cáo để khách lựa chọn phương án đi lại, tham quan trên đảo Cô Tô. Bộ đội Biên phòng và Công an xã Thanh Lân kêu gọi ngư dân trên biển vào bờ tránh trú bão. Sau cuộc họp chống bão Yagi sáng nay, UBND huyện Cô Tô yêu cầu các lực lượng quản lý chặt chẽ phương tiện tàu cá đang hoạt động tại Cô Tô, có biện pháp thông báo cho tàu thuyền về nơi tránh trú an toàn trước ngày 6/9, sẵn sàng lực lượng, phương tiện cứu hộ, cứu nạn để triển khai ứng cứu khi có yêu cầu. Phòng Văn hóa - Thông tin và Du lịch huyện đã thông tin tình hình thời tiết đến 100% khách du lịch và khuyến cáo để khách lựa chọn phương án đi lại, tham quan trên đảo Cô Tô. Đồn biên phòng đảo Cô Tô bắn pháo hiệu kêu gọi tàu thuyền trên biển vào nơi an toàn tránh bão Yagi. Theo bản tin mới nhất của Trung tâm Dự báo Khí tượng Thủy văn quốc gia, lúc 20h ngày 4/9, tâm bão cách đảo Hải Nam (Trung Quốc) khoảng 650 km, sức gió mạnh nhất cấp 13-14 (134-166 km/h), giật cấp 17. Di chuyển theo hướng tây tây bắc với tốc độ 5-10 km/h, dự báo tối mai bão cách đảo Hải Nam khoảng 360 km, tăng lên cấp 15. Sau đó bão di chuyển nhanh hơn, đến tối 6/9 thì vượt qua eo biển giữa bán đảo Lôi Châu và đảo Hải Nam (Trung Quốc) vào vịnh Bắc Bộ. Ngày 7/9, bão đổ bộ khu vực từ Quảng Ninh đến Thái Bình. Đồn biên phòng đảo Cô Tô bắn pháo hiệu kêu gọi tàu thuyền trên biển vào nơi an toàn tránh bão Yagi. Theo bản tin mới nhất của Trung tâm Dự báo Khí tượng Thủy văn quốc gia, lúc 20h ngày 4/9, tâm bão cách đảo Hải Nam (Trung Quốc) khoảng 650 km, sức gió mạnh nhất cấp 13-14 (134-166 km/h), giật cấp 17. Di chuyển theo hướng tây tây bắc với tốc độ 5-10 km/h, dự báo tối mai bão cách đảo Hải Nam khoảng 360 km, tăng lên cấp 15. Sau đó bão di chuyển nhanh hơn, đến tối 6/9 thì vượt qua eo biển giữa bán đảo Lôi Châu và đảo Hải Nam (Trung Quốc) vào vịnh Bắc Bộ. Ngày 7/9, bão đổ bộ khu vực từ Quảng Ninh đến Thái Bình. Bộ đội Biên phòng Cô Tô kêu gọi ngư dân phòng tránh bão. Video: Lê Tân - Thu Báu Lê Tân (Ảnh: Thu Báu - Sơn Hà - Thanh Lân)","04/09/2024 21:55","0","0"
"4788418","Bão Yagi càn quét Philippines, 11 người chết. Lũ lụt và sạt lở đất khiến ít nhất 11 người tử vong, sau khi bão Yagi gây mưa lớn ngày thứ hai liên tục ở Philippines.. Bão Yagi đi qua vùng Bicol, đông nam Manila đêm 1/9 và dự kiến tối 2/9 đổ bộ vào bờ biển phía đông bắc Luzon, đảo lớn nhất và đông dân nhất của Philippines. Trường học và các cơ quan chính quyền ở Manila hôm nay đóng cửa, tàu bè ở khu vực nằm trong phạm vi ảnh hưởng của bão cũng ngừng hoạt động, 29 chuyến bay nội địa bị hủy do thời tiết xấu. Lực lượng Phòng vệ Bờ biển Philippines dùng xuồng cao su sơ tán người dân ở Allen, tỉnh Bắc Samar, ngày 1/9. Ảnh: AP Ít nhất 11 người thiệt mạng vì mưa bão, trong đó ba người chết vì sạt lở đất hôm nay ở Antipolo, khu vực gần thủ đô Manila đang chìm trong mưa lũ, theo Relly Bonifacio, phát ngôn viên thành phố. Ông cho hay thi thể của 4 người, đều là nạn nhân chết đuối, được tìm thấy vào sáng 2/9 ở ba nơi khác nhau trong các cộng đồng dân cư sinh sống ở vùng đồi núi. Thành phố Naga có hơn 210.000 dân ở vùng Bicol bị ảnh hưởng nghiêm trọng. Lực lượng cứu hộ cho hay một người đàn ông chết vì điện giật khi nước lũ dâng cao và một bé gái chết đuối. 'Có nơi lũ dâng cao quá đầu người', Joshua Tuazon, nhân viên sở an toàn công cộng của Naga, cho biết, đồng thời nói thêm hàng trăm cư dân đã được sơ tán. Hơn 300 người vẫn ở các điểm sơ tán ngày 2/9, trong khi nước lũ ở thành phố đang rút rất chậm. Hai trận sạt lở đất đã khiến hai người thiệt mạng, làm hư hỏng 5 ngôi nhà ở Cebu, thành phố miền trung đất nước hôm 1/9. Vị trí đảo Luzon. Đồ họa: Google Maps Bão Yagi di chuyển theo hướng bắc ngoài khơi biển Luzon chiều 2/9 với sức gió tăng từ 75 km/h lên 85 km/h sau một giờ. Bão dự kiến đổ bộ tỉnh Isabela ở phía bắc vào cuối ngày, nơi có 4 thị trấn và 33.000 dân nằm trên hướng đi của bão. Constante Foronda, giám đốc cơ quan ứng phó thảm họa tỉnh Isabela cho biết chính quyền đã khuyến cáo giới chức địa phương sơ tán dân cư khỏi khu vực dễ bị lũ lụt. Mỗi năm Philippines hứng khoảng 20 cơn bão. Đất nước này nằm trong Vành đai lửa Thái Bình Dương, nơi xảy ra nhiều vụ phun trào núi lửa và động đất, khiến quốc gia Đông Nam Á này trở thành một trong những nơi xảy ra nhiều thiên tai nhất thế giới. Bão Haiyan năm 2013 là một trong những cơn bão nhiệt đới mạnh nhất trong lịch sử thế giới khiến hơn 7.300 người chết hoặc mất tích, san phẳng nhiều làng mạc, cuốn trôi tàu thuyền vào đất liền và hơn 5 triệu người ở miền trung Philippines phải sơ tán. Hồng Hạnh (Theo AFP/AP)","02/09/2024 17:09","0","0"
"4791242","Thế khó 'tiêu chuẩn chung cư' sau siêu bão Yagi. Một tòa chung cư có tuổi thọ từ 50 đến 70 năm, trong khi biến đổi khí hậu sẽ làm các cơn bão lớn như Yagi có thể xuất hiện.. 'Nhìn các video về cơn bão Yagi tác động đến các căn hộ chung cư như: trần, gạch ốp tường bị lột từng mảng, nước mưa phun vào nhà qua các khe nứt (điểm tiếp nối các khung chịu lực và tường bao, cửa,...), điều này cho thấy chất lượng xây dựng và công tác kiểm định nhà cao tầng có vấn đề. Ngành xây dựng cần phải điều chỉnh lại bộ tiêu chí chất lượng cũng như quy trình kiểm định công trình cao tầng, bởi trong tương lai chúng ta vẫn có nguy cơ đón những cơn bão lớn'. Độc giả nickname sonngochoang58hcm bình luận như trên, cho rằng những hiện tượng nêu trên phản ánh rõ sự thiếu sót trong cả quá trình xây dựng và kiểm định chất lượng công trình cao tầng. Bình luận này được viết sau bài Run rẩy trong chung cư mùa bão. Độc giả Nguyễn Hoàng với gần 10 năm kinh nghiệm làm việc tại hãng cửa kính khung nhôm của Nhật Bản, nhấn mạnh về vấn đề chất lượng trong việc lựa chọn vật liệu xây dựng: 'Tôi đã từng làm việc gần 10 năm cho hãng cửa kính khung nhôm của Nhật Bản - một trong những hãng uy tín hàng đầu thế giới trong ngành cửa kính khung nhôm. Chúng tôi đã phải từ chối nhiều dự án nhà cao tầng vì chủ đầu tư không đủ kinh phí để triển khai các hệ cửa kính khung nhôm đảm bảo tiêu chuẩn JIS của Nhật Bản. Thậm chí, nhiều chủ đầu tư sẵn sàng lắp đặt các loại cửa rẻ tiền chỉ đáp ứng tiêu chuẩn cho công trình dưới năm tầng. Đây là một bài toán khó giải khi phải cân đối giữa giá thành và giá bán nhà ở thương mại. Tuy nhiên, dù thế nào thì các cơ quan quản lý nhà nước cũng phải giám sát các tiêu chuẩn cơ bản tối thiểu đối với cửa kính khung nhôm cũng như các hạng mục chính của các dự án nhà cao tầng để đảm bảo an toàn cho người dân'. Bàn về mối quan hệ giữa chất lượng công trình và chi phí, độc giả Frank Nguyen nhấn mạnh rằng chất lượng công trình luôn đi đôi với giá thành, vì thế 'việc sở hữu được một căn hộ chung cư, một căn nhà đã là điều khó khăn với nhiều người, chứ chưa nói đến việc chọn chủ đầu tư uy tín hay đảm bảo chất lượng công trình. Thiên tai là điều bất khả kháng, kể cả những công trình tốt nhất và đắt giá nhất cũng có nguy cơ bị ảnh hưởng'. Tiếp tục mở rộng ý kiến, độc giả Hoang nhấn mạnh rằng nếu xây dựng nhà chống bão cấp 14-15 thì chi phí một căn hộ sẽ tăng, và rất ít người có thể chịu được mức giá đó: 'Xây dựng đúng chuẩn chống bão cấp 14-15 có thể khiến giá thành một căn hộ tăng gấp đôi. Khi đó, liệu có ai sẵn sàng bỏ tiền ra mua không? Hơn nữa, dù chủ đầu tư có cam kết rằng nhà của họ chịu được siêu bão, liệu có mấy ai tin? Chẳng lẽ người ta mua nhà xong rồi chỉ chờ bão đến để xem nhà mình có chống chịu được hay không? Siêu bão như Yagi thì 30 năm mới có một lần, không phải năm nào cũng có'. Độc giả letung53 cũng đồng ý rằng việc thay đổi thiết kế để chống bão cần phải xét đến chi phí: 'Siêu bảo không phải thường xuyên ghé thăm các thành phố, nên tiêu chuẩn thiết kế cũng linh động theo. Tôi không muốn bàn lùi, nhưng việc thay đổi thiết kế sao cho khả thi còn phải xét đến chi phí. Mỗi thay đổi về chất lượng bao che cho nhà cao tầng đều dẫn đến đội vốn rất cao. Thay vì tìm vật liệu thay thế, chúng ta có thể nghiên cứu các mẫu thiết kế linh động về mặt khí động học'. Tuy nhiên, trước những thách thức từ biến đổi khí hậu, độc giả Lão Nông cho rằng cơ quan chức năng cần phải ngay lập tức yêu cầu các chủ tòa nhà trên cả nước báo cáo chi tiết về chất lượng kết cấu xây dựng: 'Biến đổi khí hậu toàn cầu khiến chắc chắn sẽ còn những trận động đất và những cơn bão lớn hơn nữa. Do đó, cơ quan chức năng phải ngay lập tức yêu cầu các chủ tòa nhà trên cả nước báo cáo chi tiết về chất lượng kết cấu xây dựng, cả bên trong lẫn bên ngoài các tòa nhà. Đặc biệt, cần kiểm tra lại chất lượng hiện tại của tòa nhà và chất lượng quá trình xây dựng, kiểm tra thiết kế kỹ thuật thi công để xem khả năng chống rung lắc, chống động đất ở cấp mấy. Cần xác định xem quá trình thi công có đúng với thiết kế kỹ thuật hay không. Những tòa nhà không đáp ứng an toàn cần phải sửa chữa, nâng cấp và gia cố ngay'. Độc giả diep_cttd đồng tình rằng cần phải nâng cao quy chuẩn chất lượng xây dựng để phù hợp với diễn biến của biến đổi khí hậu: 'Chúng ta cần bổ sung và nâng cao quy chuẩn chất lượng, cấp công trình cho phù hợp với mức độ biến đổi khí hậu hiện nay. Bên cạnh các tiêu chuẩn kết cấu chính, hệ thống bao che ngoài nhà, đặc biệt là hệ cửa sổ, vách, khung kim loại và kính mặt tiền ở các chung cư cao tầng, cần được gấp rút xem xét. >> Hà Giang ngập sâu cả mét - không chỉ là câu chuyện thời tiết Về vĩ mô, Bộ Xây dựng cần nghiên cứu và ban hành sớm các quy chuẩn cụ thể về quy cách và chủng loại vật liệu ngoài nhà áp dụng cho công trình cao tầng. Về vi mô, các chủ đầu tư, ban quản lý dự án, tư vấn thiết kế cần chủ động rà soát lại dự án của mình, phối hợp với các nhà sản xuất để điều chỉnh kịp thời cho các dự án đang và sắp triển khai. Ban quản lý tòa nhà và cả chủ căn hộ cũng cần đề xuất và kiến nghị thật cụ thể để các đơn vị chức năng gấp rút có giải pháp gia cố, khắc phục. Một tòa chung cư hiện nay có tuổi thọ từ 50 đến 70 năm, trong khi tình trạng biến đổi khí hậu và các cơn bão lớn như bão số 3 đang ngày càng nhiều. Việc đảm bảo chất lượng công trình là cần thiết để đối phó với những thách thức từ thiên nhiên trong tương lai. Hữu Nghị tổng hợp","10/09/2024 14:55","0","0"
"4791067","87 người chết, 70 người mất tích do bão Yagi. Hoàn lưu sau bão Yagi đã gây mưa to, ngập lụt ở hàng loạt tỉnh thành miền Bắc, trong đó có Hà Nội, làm 87 người chết, 70 người mất tích.. Cục Quản lý đê điều và Phòng chống thiên tai (Bộ Nông nghiệp và Phát triển nông thôn), cho biết con số thiệt hại tính đến 14h30 hôm nay. Trước và trong bão, số thiệt hại về người chưa tới 10 thì hoàn lưu sau bão gây mưa to, kích hoạt sạt lở đất, làm con số thương vong tăng nhanh. Xe 5 chỗ bị lũ quét cuốn xa gần 3 km biến dạng hoàn toàn. Ảnh: Group địa chất Thiệt hại lớn nhất là Cao Bằng. Hôm qua huyện Nguyên Bình xảy ra hàng loạt vụ sạt lở làm 19 người chết, 36 người mất tích, 12 người bị thương. Vụ thứ nhất lúc 1h30 tại xóm Lũng Súng, đất đá từ đồi sạt xuống 6 hộ dân với 34 nhân khẩu. Hơn nửa ngày tìm kiếm, 7 thi thể độ tuổi 4-46 được tìm thấy, 7 người khác bị thương nặng và hiện còn 4 người mất tích. Tại xã Ca Thành, huyện Nguyên Bình, lúc 5h45 đất đá từ taluy dương sạt xuống quốc lộ 34 làm xe khách 29 chỗ trôi 800 m xuống vực, ôtô 5 chỗ trôi gần 3 km xuống suối và vùi lấp một số xe máy. Trên xe khách, lực lượng tại chỗ đã tìm thấy hai người chết, cứu được một người, hiện còn 15 người mất tích. Trên ôtô 5 chỗ có một người chết, một người được giải cứu, hiện còn ba người mất tích. Ngoài ra, thi thể một người đi xe máy cũng được tìm thấy, hiện còn 8 người mất tích. Ngoài ra, xã Ca Thành cũng xảy ra một vụ sạt lở khác vào 6 hộ dân với 38 nhân khẩu làm hai người chết, 7 người mất tích, ba người bị thương. Khoảnh khắc sạt lở đồi tại thôn Khe Bín, xã Tân Phượng, huyện Lục Yên, tỉnh Yên Bái, vùi lấp nhà dân. Video: CTV Thiệt hại lớn thứ hai là Lào Cai với 19 người chết, 11 người mất tích và 14 người bị thương. Tại thị xã Sa Pa, vụ sạt lở đầu tiên chiều 8/9 ở xã Mường Hoa làm hư hại 4 ngôi nhà có 26 nhân khẩu. Sau hơn một ngày, 7 thi thể được tìm thấy. Tại xã Bản Phố, huyện Bắc Hà, sáng qua đất đá sạt xuống hộ dân khiến 5 người chết. Tại xã Sán Chải huyện Si Ma Cai, sạt lở cũng làm 4 người chết, một cháu bé may mắn thoát nạn. Tại Yên Bái, sạt lở đất đã làm 22 người chết, 6 người mất tích, gồm Lục Yên 13, TP Yên Bái 14, Văn Chấn 1. Bão lũ đã khiến 9 người chết ở Quảng Ninh, 7 người ở Yên Bái; Hà Nội, Hòa Bình mỗi nơi 4 người; Hải Phòng, Lạng Sơn, Tuyên Quang mỗi nơi hai người chết; Hải Dương, Bắc Giang, Hà Giang, Lai Châu mỗi nơi một người. Cùng với đó là hơn 750 người bị thương ở hầu hết tỉnh thành miền Bắc. Lũ trên sông Hồng ở Phú Thọ đã làm sập hai nhịp cầu Phong Châu khiến 13 người mất tích. Đến 13h hôm qua, ba người được cứu sống. Hàng chục nghìn ngôi nhà ở Yên Bái, Thái Nguyên, Lào Cai, Cao Bằng, Bắc Giang bị ngập sâu 0,5-1,5 m. Hơn 48.000 ngôi nhà hư hỏng. Sập cầu Phong Châu, Phú Thọ làm rớt 10 ôtô, 2 xe máy và 13 người mất tích. Ảnh: Phạm Chiểu Về nông nghiệp, gần 150.000 ha lúa chủ yếu ở Hải Dương, Bắc Giang, Hải Phòng bị ngập. 27.000 ha hoa màu, 11.000 ha cây ăn quả hư hại. Gần 1.600 lồng bè thủy sản bị cuốn trôi, chủ yếu ở Quảng Ninh. Bão Yagi đổ bộ Quảng Ninh với sức gió 'chưa từng có', Bãi Cháy gió cấp 14, giật cấp 17, các nơi khác ở tỉnh gió cấp 12-13. Ngay cả tỉnh nằm sâu trong đất liền như Hải Dương cũng ghi nhận gió cấp 12, giật 14; Hà Nội cấp 10, giật 12. Bão sau đó suy yếu ở Tây Bắc, gây mưa to, lũ dâng cao vượt mức lịch sử. Gia Chính","10/09/2024 13:00","0","0"
"4790901","Khu du lịch Bãi Cháy tan hoang sau bão Yagi. . Khu phố ẩm thực trước công viên Sun World, một trong những điểm nổi tiếng, thu hút khách ở phường Bãi Cháy, đổ nát sau khi bão Yagi tràn qua, ngày 9/9. Khu phố ẩm thực trước công viên Sun World, một trong những điểm nổi tiếng, thu hút khách ở phường Bãi Cháy, đổ nát sau khi bão Yagi tràn qua, ngày 9/9. Khu phố vốn sầm uất với những nhà hàng nằm san sát nhau tan hoang sau bão. Những khung nhôm, biển hiệu bị bão xé toang, mặt đường la liệt vụn kính vỡ, toàn bộ phần trang trí của các nhà hàng đều bị phá hủy. Ước tính với mỗi hộ kinh doanh tại đây thiệt hại lên tới hàng trăm triệu đồng. Khu phố vốn sầm uất với những nhà hàng nằm san sát nhau tan hoang sau bão. Những khung nhôm, biển hiệu bị bão xé toang, mặt đường la liệt vụn kính vỡ, toàn bộ phần trang trí của các nhà hàng đều bị phá hủy. Ước tính với mỗi hộ kinh doanh tại đây thiệt hại lên tới hàng trăm triệu đồng. Nhà hàng Minh Phi 2 trên đường Hoàng Quốc Việt chỉ còn trơ khung sắt sau hai ngày bão đi qua. Ông Hồ Văn Học, một chủ nhà hàng trong khu phố, cho biết dãy nhà từ vòng xuyến tường gốm đến hồ Hùng Thắng chịu 'thiệt hại khủng khiếp', hàng chục nhà hàng liền nhau bị đổ sập hoàn toàn. Nhà hàng Minh Phi 2 trên đường Hoàng Quốc Việt chỉ còn trơ khung sắt sau hai ngày bão đi qua. Ông Hồ Văn Học, một chủ nhà hàng trong khu phố, cho biết dãy nhà từ vòng xuyến tường gốm đến hồ Hùng Thắng chịu 'thiệt hại khủng khiếp', hàng chục nhà hàng liền nhau bị đổ sập hoàn toàn. Trong cơn mưa tầm tã chiều 9/9, ông Học cùng vợ ra kiểm tra tình hình. 'Tạm thời nhà tôi mất hết, chưa kịp ngồi thống kê nhưng chắc không còn gì', ông Học nói. Trong cơn mưa tầm tã chiều 9/9, ông Học cùng vợ ra kiểm tra tình hình. 'Tạm thời nhà tôi mất hết, chưa kịp ngồi thống kê nhưng chắc không còn gì', ông Học nói. Cạnh nhà hàng của ông Học, nhóm thợ lăn lộn trong đống đổ nát của một nhà hàng rộng hàng trăm mét vuông tìm xem còn món đồ gì có thể tận dụng được. Cạnh nhà hàng của ông Học, nhóm thợ lăn lộn trong đống đổ nát của một nhà hàng rộng hàng trăm mét vuông tìm xem còn món đồ gì có thể tận dụng được. Nhiều tuyến đường ở Bãi Cháy từng tấp nập khách trong dịp 2/9 giờ ngập trong rác. Cây đổ ngổn ngang khiến người dân đi lại rất khó khăn. Nhiều tuyến đường ở Bãi Cháy từng tấp nập khách trong dịp 2/9 giờ ngập trong rác. Cây đổ ngổn ngang khiến người dân đi lại rất khó khăn. 80% cây xanh dọc các tuyến đường Hoàng Quốc Việt - trục chính Khu du lịch Bãi Cháy và đường nhánh vào khu dân cư bị gãy đổ, hư hỏng, xác xơ. Ông Nguyễn Thanh Tùng, Chủ tịch UBND phường Bãi Cháy cho biết đã huy động tổng thể các lực lượng công an, bộ đội, đội trật tự môi trường đô thị, thanh niên, phụ nữ cùng tham gia dọn dẹp, khắc phục hậu quả. 'Chúng tôi huy động, thành lập các đội tình nguyện, đảm bảo công tác khắc phục hậu quả được nhanh nhất, sớm đưa các hoạt động trong cuộc sống trở lại bình thường', ông Tùng cho biết. 80% cây xanh dọc các tuyến đường Hoàng Quốc Việt - trục chính Khu du lịch Bãi Cháy và đường nhánh vào khu dân cư bị gãy đổ, hư hỏng, xác xơ. Ông Nguyễn Thanh Tùng, Chủ tịch UBND phường Bãi Cháy cho biết đã huy động tổng thể các lực lượng công an, bộ đội, đội trật tự môi trường đô thị, thanh niên, phụ nữ cùng tham gia dọn dẹp, khắc phục hậu quả. 'Chúng tôi huy động, thành lập các đội tình nguyện, đảm bảo công tác khắc phục hậu quả được nhanh nhất, sớm đưa các hoạt động trong cuộc sống trở lại bình thường', ông Tùng cho biết. Khách sạn Sea Star thuộc Khu đô thị Cái Dăm, phường Bãi Cháy bị gió bão giật vỡ nhiều cửa kính. Hệ thống cơ sở lưu trú cao cấp tại phường Bãi Cháy, các khách sạn 4 và 5 sao đa phần đều bị vỡ kính, biển hiệu hoặc các tấm alu ốp mặt tiền bị hỏng. Đại diện một khách sạn 5 sao với gần 100 phòng ở khu du lịch Bãi Cháy cho biết 'thiệt hại rất nặng', hầu hết các phòng đều ảnh hưởng. Đến 9/9, nhiều khách sạn chưa thống kê xong thiệt hại. Khách sạn Sea Star thuộc Khu đô thị Cái Dăm, phường Bãi Cháy bị gió bão giật vỡ nhiều cửa kính. Hệ thống cơ sở lưu trú cao cấp tại phường Bãi Cháy, các khách sạn 4 và 5 sao đa phần đều bị vỡ kính, biển hiệu hoặc các tấm alu ốp mặt tiền bị hỏng. Đại diện một khách sạn 5 sao với gần 100 phòng ở khu du lịch Bãi Cháy cho biết 'thiệt hại rất nặng', hầu hết các phòng đều ảnh hưởng. Đến 9/9, nhiều khách sạn chưa thống kê xong thiệt hại. Trong chiều 9/9, khu vực Bãi Cháy có mưa lớn và vẫn bị cắt điện khiến việc dọn dẹp, khắc phục hậu quả sau bão gặp nhiều khó khăn. Thành phố Hạ Long đã phát động chiến dịch khắc phục cơn bão Số 3 kéo dài trong 7 ngày để tổ chức thu dọn, xử lý toàn bộ cây xanh gãy đỗ trên các đường trục chính, dọn dẹp vệ sinh, giúp đỡ các trường học, bệnh viện, các điểm xung yếu sạt lở, an sinh xã hội, cứu nạn cứu hộ. Bãi Cháy là khu du lịch sôi động bậc nhất ở Hạ Long với tổ hợp vui chơi Sun World; chợ Cái Dăm nhộn nhịp khách, đa dạng hàng hóa; các bãi biển và hệ thống nhà khách, khách sạn, quán bar đầy đủ dịch vụ. Dịp nghỉ lễ 2/9, TP Hạ Long đón gần 67.000 lượt khách, Quảng Ninh đón 289.000 lượt khách, tăng 134% so với năm ngoái, doanh thu trong 4 địa phương hơn 1.000 tỷ đồng dịp lễ. Trong chiều 9/9, khu vực Bãi Cháy có mưa lớn và vẫn bị cắt điện khiến việc dọn dẹp, khắc phục hậu quả sau bão gặp nhiều khó khăn. Thành phố Hạ Long đã phát động chiến dịch khắc phục cơn bão Số 3 kéo dài trong 7 ngày để tổ chức thu dọn, xử lý toàn bộ cây xanh gãy đỗ trên các đường trục chính, dọn dẹp vệ sinh, giúp đỡ các trường học, bệnh viện, các điểm xung yếu sạt lở, an sinh xã hội, cứu nạn cứu hộ. Bãi Cháy là khu du lịch sôi động bậc nhất ở Hạ Long với tổ hợp vui chơi Sun World; chợ Cái Dăm nhộn nhịp khách, đa dạng hàng hóa; các bãi biển và hệ thống nhà khách, khách sạn, quán bar đầy đủ dịch vụ. Dịp nghỉ lễ 2/9, TP Hạ Long đón gần 67.000 lượt khách, Quảng Ninh đón 289.000 lượt khách, tăng 134% so với năm ngoái, doanh thu trong 4 địa phương hơn 1.000 tỷ đồng dịp lễ. Bãi Cháy tan hoang sau bão. Video: Huy Mạnh Lê Tân - Giang Huy","10/09/2024 06:51","0","0"
"4790632","Runner chung tay dọn dẹp đường phố sau bão Yagi. . Chiều và tối 7/9, siêu bão Yagi quét qua, gây gẫy đổ hàng chục nghìn cây xanh trên khắp đường phố Hà Nội. Hôm sau, các runner ở nhiều CLB kêu gọi nhau ra đường dọn dẹp các cây lớn bật gốc và cành gãy trên đường, góp phần giúp giao thông thông thoáng. Chiều và tối 7/9, siêu bão Yagi quét qua, gây gẫy đổ hàng chục nghìn cây xanh trên khắp đường phố Hà Nội. Hôm sau, các runner ở nhiều CLB kêu gọi nhau ra đường dọn dẹp các cây lớn bật gốc và cành gãy trên đường, góp phần giúp giao thông thông thoáng. Ở công viên Thống Nhất, khoảng 30 thành viên của TPR - Hội chạy Công Viên Thống Nhất - tham gia thu dọn. Trước đó, nhóm đã trao đổi kế hoạch với Công ty công viên cây xanh thành phố, chia thành nhiều tổ, tỏa khắp công viên để dọn cành gãy. Ở công viên Thống Nhất, khoảng 30 thành viên của TPR - Hội chạy Công Viên Thống Nhất - tham gia thu dọn. Trước đó, nhóm đã trao đổi kế hoạch với Công ty công viên cây xanh thành phố, chia thành nhiều tổ, tỏa khắp công viên để dọn cành gãy. Sau khoảng một tiếng, trời bắt đầu đổ mưa lớn do ảnh hưởng của hoàn lưu bão. Lo ngại cành cây tiếp tục gãy, hoặc có cây bật gốc, ban quản lý công viên đã đề nghị nhóm dừng công việc để đảm bảo an toàn. Các thân cây to bị đổ mà không thể khắc phục sẽ được lực lượng chuyên dụng đến cưa cắt. Sau khoảng một tiếng, trời bắt đầu đổ mưa lớn do ảnh hưởng của hoàn lưu bão. Lo ngại cành cây tiếp tục gãy, hoặc có cây bật gốc, ban quản lý công viên đã đề nghị nhóm dừng công việc để đảm bảo an toàn. Các thân cây to bị đổ mà không thể khắc phục sẽ được lực lượng chuyên dụng đến cưa cắt. Anh Phạm Trường, thành viên của TPR, cho biết: 'Có những người trong nhóm đã gắn bó với công viên 20 năm nên quen thuộc từng gốc cây, ổ gà, ngóc ngách nên rất xúc động trước sự hoang tàn sau cơn bão'. Trong ảnh là cây đa do Chủ tịch Hồ Chí Minh trồng năm 1960 ở khu vực đảo Dừa của công viên Thống Nhất. Anh Phạm Trường, thành viên của TPR, cho biết: 'Có những người trong nhóm đã gắn bó với công viên 20 năm nên quen thuộc từng gốc cây, ổ gà, ngóc ngách nên rất xúc động trước sự hoang tàn sau cơn bão'. Trong ảnh là cây đa do Chủ tịch Hồ Chí Minh trồng năm 1960 ở khu vực đảo Dừa của công viên Thống Nhất. Ở khu đô thị StarLake, quận Bắc Từ Liêm, các thành viên của CLB StarLake Running Club tập trung vào 13h ngày 8/9. Mọi người cùng lên kế hoạch để cắt bớt các cành của thân cây lớn, đổ vắt qua đường gây cản trở giao thông. Sự kiện thu hút gần 80 thành viên tham dự. Mọi người cùng làm việc trong gần ba tiếng. Thành quả là đã dọn dẹp cành lá của sáu đến bảy cây lớn vắt qua đoạn đường khoảng 1 km, giúp xe ôtô có thể di chuyển. Ở khu đô thị StarLake, quận Bắc Từ Liêm, các thành viên của CLB StarLake Running Club tập trung vào 13h ngày 8/9. Mọi người cùng lên kế hoạch để cắt bớt các cành của thân cây lớn, đổ vắt qua đường gây cản trở giao thông. Sự kiện thu hút gần 80 thành viên tham dự. Mọi người cùng làm việc trong gần ba tiếng. Thành quả là đã dọn dẹp cành lá của sáu đến bảy cây lớn vắt qua đoạn đường khoảng 1 km, giúp xe ôtô có thể di chuyển. Theo anh Dương Hưng, Chủ tịch CLB StarLake Running Club, khi ý tưởng được một thành viên nêu ra, mọi người trong CLB đều hưởng ứng. Sau đó, họ chuẩn bị máy cưa, chia nhóm hỗ trợ nhau cắt rời những thân cây lớn. Theo anh Dương Hưng, Chủ tịch CLB StarLake Running Club, khi ý tưởng được một thành viên nêu ra, mọi người trong CLB đều hưởng ứng. Sau đó, họ chuẩn bị máy cưa, chia nhóm hỗ trợ nhau cắt rời những thân cây lớn. Một nhóm runner cùng nhau kéo thấp cành cây, giúp những người khác sử dụng máy cưa. Một nhóm runner cùng nhau kéo thấp cành cây, giúp những người khác sử dụng máy cưa. Theo anh Hưng, do bão gây ảnh hưởng diện rộng, cơ quan chức trách không đủ sức xử lý hậu quả ở mọi khu vực nên người dân địa phương có thể góp sức thu dọn hậu quả của bão nơi mình sống. 'Tuy nhiên, việc này phải được sự cho phép của Ban quản lý đô thị, Công ty cây xanh thành phố hay những cơ quan quản lý chuyên biệt', anh cho hay. Nhóm của anh Hưng chỉ cùng nhau cắt tỉa cành cây để hỗ trợ giao thông, còn phần thân và gốc cây phải do cơ quan chức trách xử lý. Theo anh Hưng, do bão gây ảnh hưởng diện rộng, cơ quan chức trách không đủ sức xử lý hậu quả ở mọi khu vực nên người dân địa phương có thể góp sức thu dọn hậu quả của bão nơi mình sống. 'Tuy nhiên, việc này phải được sự cho phép của Ban quản lý đô thị, Công ty cây xanh thành phố hay những cơ quan quản lý chuyên biệt', anh cho hay. Nhóm của anh Hưng chỉ cùng nhau cắt tỉa cành cây để hỗ trợ giao thông, còn phần thân và gốc cây phải do cơ quan chức trách xử lý. Ở Hồ Gươm, các thành viên của CLB Chay365 cùng nhau thu dọn cành, lá cây trên đường. Theo anh Tiến Lâm, nhóm có khoảng 10 người, là những thành viên thường phụ trách trạm nước trong cách buổi long run cuối tuần của CLB. Ở Hồ Gươm, các thành viên của CLB Chay365 cùng nhau thu dọn cành, lá cây trên đường. Theo anh Tiến Lâm, nhóm có khoảng 10 người, là những thành viên thường phụ trách trạm nước trong cách buổi long run cuối tuần của CLB. Sau khoảng ba tiếng, nhóm đã dọn quang lá và cành cây nhỏ quanh hồ. Một số thân cây lớn đổ ra đường cũng được đưa gọn vào vỉa hè. Chay365 là CLB có buổi long run đều đặn mỗi tuần và được điều hành chỉn chu bậc nhất. Mọi người thường tập luyện quanh Hồ Gươm và có đội ngũ tiếp nước, hỗ trợ chuyên nghiệp. Sau khoảng ba tiếng, nhóm đã dọn quang lá và cành cây nhỏ quanh hồ. Một số thân cây lớn đổ ra đường cũng được đưa gọn vào vỉa hè. Chay365 là CLB có buổi long run đều đặn mỗi tuần và được điều hành chỉn chu bậc nhất. Mọi người thường tập luyện quanh Hồ Gươm và có đội ngũ tiếp nước, hỗ trợ chuyên nghiệp. Các thành viên của Chay365 cùng dọn dẹp cây gãy ở khu vực gần Hồ Gươm. Tại khu vực quanh hồ Vĩnh Hoàng, quận Hoàng Mai, ngay trong sáng 8/9, CLB Vĩnh Hoàng Runners cũng kêu gọi các thành viên ra dọn dẹp cây đổ ngổn ngang bít hết lối đi. Lời kêu gọi này nhanh chóng được hưởng ứng. Nhiều runner tự mang dụng cụ để dọn như dao chặt, cưa nhỏ từ nhà, nhưng chỉ xử lý được các cành cây nhỏ. Sau đó, CLB huy động cưa máy của anh em làm xây dựng ra, và nhờ nguồn điện từ nhà dân, để cưa nhỏ các thân lớn. Cây vẫn giữ lại chiều dài nhất định với hy vọng sau này bên công ty cây xanh trồng lại được. Ảnh: StarLake Running Club, Chay365, TPR, Vĩnh Hoàng Runners Tại khu vực quanh hồ Vĩnh Hoàng, quận Hoàng Mai, ngay trong sáng 8/9, CLB Vĩnh Hoàng Runners cũng kêu gọi các thành viên ra dọn dẹp cây đổ ngổn ngang bít hết lối đi. Lời kêu gọi này nhanh chóng được hưởng ứng. Nhiều runner tự mang dụng cụ để dọn như dao chặt, cưa nhỏ từ nhà, nhưng chỉ xử lý được các cành cây nhỏ. Sau đó, CLB huy động cưa máy của anh em làm xây dựng ra, và nhờ nguồn điện từ nhà dân, để cưa nhỏ các thân lớn. Cây vẫn giữ lại chiều dài nhất định với hy vọng sau này bên công ty cây xanh trồng lại được. Ảnh: StarLake Running Club, Chay365, TPR, Vĩnh Hoàng Runners","09/09/2024 14:15","0","0"
"4790487","Hai sĩ quan hy sinh khi phòng chống bão Yagi. Thượng úy quân đội Nguyễn Đình Khiêm và thiếu tá công an Trần Quốc Hoàng hy sinh khi làm nhiệm vụ phòng chống bão Yagi ở tâm bão Quảng Ninh.. Thượng úy Nguyễn Đình Khiêm, 27 tuổi, là Đại đội trưởng Đại đội 3, Lữ đoàn 513, Quân khu 3. Anh nhập ngũ tháng 9/2015, quê xã Yên Mỹ, huyện Yên Mô, tỉnh Ninh Bình. Trong quá trình phòng chống bão Yagi, đơn vị anh phụ trách đảm bảo an toàn các đơn vị công trình. Thượng úy Nguyễn Đình Khiêm. Ngày 6/9, Lữ đoàn phát hiện hệ thống lán trại tại công trình thuộc thôn Pạt, xã Lục Hồn, huyện Bình Liêu có nguy cơ mất an toàn trước gió bão. Thượng úy Khiêm được giao chỉ huy lực lượng chuẩn bị vật chất ứng cứu với địa phương và chằng chống lán trại. Trên đường về sau khi lấy vật liệu, thấy đồng đội trượt chân, có thể bị cây đè lên người gây nguy hiểm, thượng úy Khiêm lao vào đỡ và bị ngã. Được đồng đội đưa đi cấp cứu, nhưng anh không qua khỏi. Cũng trong cơn bão Yagi, thiếu tá Trần Quốc Hoàng, 37 tuổi, quê thị xã Mỹ Hào, Hưng Yên, đã hy sinh. Anh Hoàng là cán bộ trại giam Quảng Ninh, thuộc Cục Cảnh sát quản lý trại giam. Thiếu tá Trần Quốc Hoàng. Rạng sáng 7/9, trong cơn mưa bão, nước lũ dâng cao, có thể nguy hiểm đến tính mạng của phạm nhân tại Phân trại số 2, anh Hoàng đã lao ra cứu người và bị nước lũ cuốn trôi. Trại giam Quảng Ninh cùng với lực lượng cứu nạn cứu hộ đã tìm kiếm trong mưa bão. Đến sáng nay, thi thể của thiếu tá Hoàng được tìm thấy tại bờ suối thôn Đồng Vải, xã Thống Nhất, TP Hạ Long, cách đơn vị khoảng một km. Bão Yagi với sức gió cấp 12-13 đổ bộ vào Quảng Ninh trưa 7/9. Hoàn lưu trước, trong và sau bão gây mưa to, gió mạnh ở khắp miền Bắc. Thống kê của Cục Quản lý đê điều và Phòng chống thiên tai, đến chiều nay bão Yagi và các hiệu ứng liên quan làm 21 người chết, trong đó 9 người do bão, 12 chết do sạt lở đất và một người lũ cuốn, một người mất tích ở Bắc Giang. 229 người bị thương, hơn 8.000 ngôi nhà hư hỏng, chìm 25 tàu thuyền. Gần 110.000 ha lúa, gần 18.000 ha hoa màu, gần 7.000 ha cây ăn quả bị ngập úng, hư hại. Hơn 1.100 lồng bè bị cuốn trôi, chủ yếu ở Quảng Ninh. Sơn Hà","08/09/2024 19:12","0","0"
"4790416","Loạt ôtô bị cây đổ đè bẹp trong bão Yagi. . Thủ đô Hà Nội là một trong những tỉnh, thành ở phía Bắc hứng chịu bão Yagi đổ bộ vào chiều muộn đến tối ngày 7/9. Gió bão giật cấp 10 sau nhiều giờ càn quét khiến số lượng lớn cây bị quật đổ nằm la liệt khắp nơi trong thành phố. Thống kê ban đầu của Cục cứu nạn - Cứu hộ, Bộ Quốc phòng có khoảng 17.000 cây thiệt hại, trong số đó, không ít cây đổ vào những chiếc ôtô đỗ bên cạnh. Trong hình là chiếc Kia Morning đời cũ bị cây đổ ngang tại bán đảo Linh Đàm, một trong những chiếc xe thiệt hại nặng nề nhất tại Hà Nội trong đợt bão này. Với thiệt hại này, theo thợ sửa xe kinh nghiệm, rất khó để phục hồi, vì tiền công sửa chữa thậm chí đắt hơn nhiều giá trị xe, đồng thời không đảm bảo an toàn nếu tạo hình trở lại. Ảnh: Lộc Chung Thủ đô Hà Nội là một trong những tỉnh, thành ở phía Bắc hứng chịu bão Yagi đổ bộ vào chiều muộn đến tối ngày 7/9. Gió bão giật cấp 10 sau nhiều giờ càn quét khiến số lượng lớn cây bị quật đổ nằm la liệt khắp nơi trong thành phố. Thống kê ban đầu của Cục cứu nạn - Cứu hộ, Bộ Quốc phòng có khoảng 17.000 cây thiệt hại, trong số đó, không ít cây đổ vào những chiếc ôtô đỗ bên cạnh. Trong hình là chiếc Kia Morning đời cũ bị cây đổ ngang tại bán đảo Linh Đàm, một trong những chiếc xe thiệt hại nặng nề nhất tại Hà Nội trong đợt bão này. Với thiệt hại này, theo thợ sửa xe kinh nghiệm, rất khó để phục hồi, vì tiền công sửa chữa thậm chí đắt hơn nhiều giá trị xe, đồng thời không đảm bảo an toàn nếu tạo hình trở lại. Ảnh: Lộc Chung Chiếc VinFast VF8 bị cây đổ đè ở phố Hương Viên, Hai Bà Trưng. Khi bão về, vị trí cạnh các cây to, tường cũ, nhà lợp tôn không kiên cố là những nơi rủi ro lớn nếu đỗ xe. Chiếc VinFast VF8 bị cây đổ đè ở phố Hương Viên, Hai Bà Trưng. Khi bão về, vị trí cạnh các cây to, tường cũ, nhà lợp tôn không kiên cố là những nơi rủi ro lớn nếu đỗ xe. Chiếc Mitsubishi Jolie trên phố Cầu Giấy bị cây to đè bẹp phần cột C, D và nóc. Với những trường hợp xe bị bẹp nặng, cần dùng máy chuyên dụng để kéo khung trở lại vị trí ban đầu, gò tạo hình và hàn lại nếu có đứt, gãy. Chi phí phục hồi khá tốn kém, có thể tới hàng chục hoặc cả trăm triệu đồng. Ảnh: Lộc Chung Chiếc Mitsubishi Jolie trên phố Cầu Giấy bị cây to đè bẹp phần cột C, D và nóc. Với những trường hợp xe bị bẹp nặng, cần dùng máy chuyên dụng để kéo khung trở lại vị trí ban đầu, gò tạo hình và hàn lại nếu có đứt, gãy. Chi phí phục hồi khá tốn kém, có thể tới hàng chục hoặc cả trăm triệu đồng. Ảnh: Lộc Chung Quanh khu đô thị Xa La, nhiều cây bật gốc, bao vây xe đỗ trên vỉa hè. Sáng 8/9, cư dân các chung cư cùng lực lượng chức năng quanh Hà Nội cấp tập cưa cây, dọn rác để tạo lối di chuyển. Quanh khu đô thị Xa La, nhiều cây bật gốc, bao vây xe đỗ trên vỉa hè. Sáng 8/9, cư dân các chung cư cùng lực lượng chức năng quanh Hà Nội cấp tập cưa cây, dọn rác để tạo lối di chuyển. Một chiếc Mazda3 bị cây đè bẹp từ phía sau trong khu đô thị Xa La. Nếu người dùng không mua bảo hiểm vật chất (thân vỏ), toàn bộ chi phí sửa xe sẽ do chủ xe chịu. Nếu mua bảo hiểm, tuỳ thuộc vào điều khoản trong hợp đồng để xác định xe có được bảo hiểm bồi thường hay không. Một chiếc Mazda3 bị cây đè bẹp từ phía sau trong khu đô thị Xa La. Nếu người dùng không mua bảo hiểm vật chất (thân vỏ), toàn bộ chi phí sửa xe sẽ do chủ xe chịu. Nếu mua bảo hiểm, tuỳ thuộc vào điều khoản trong hợp đồng để xác định xe có được bảo hiểm bồi thường hay không. Không chỉ cây đổ, cây bật gốc, nhiều nơi xe bị cành cây gãy rơi đè vào như chiếc Kia Forte ở gần chung cư CT4-X2 Linh Đàm. Không chỉ cây đổ, cây bật gốc, nhiều nơi xe bị cành cây gãy rơi đè vào như chiếc Kia Forte ở gần chung cư CT4-X2 Linh Đàm. Một phần kính lái của Honda City bị vỡ, nóc bị đè bẹp tại khu đô thị Văn Quán. Một phần kính lái của Honda City bị vỡ, nóc bị đè bẹp tại khu đô thị Văn Quán. Không chỉ cây đổ, những biển quảng cáo kiên cố ở quảng trường Đông Kinh Nghĩa Thục, đầu phố Ngô Quyền cũng 'gục ngã', đè vào ôtô Lexus sáng 8/9. Không chỉ cây đổ, những biển quảng cáo kiên cố ở quảng trường Đông Kinh Nghĩa Thục, đầu phố Ngô Quyền cũng 'gục ngã', đè vào ôtô Lexus sáng 8/9. Vốn là nơi có nhiều chung cư cao tầng, mật độ cư dân lớn lại thiếu chỗ đỗ xe kiên cố, bán đảo Linh Đàm là nơi ghi nhận lượng xe bị cây đổ nhiều bậc nhất Hà Nội vì các xe phải đỗ xung quanh vỉa hè, nơi có nhiều cây lớn. Trong hình chiếc Mercedes E-class bị hai thân cây lớn đổ lên đầu và nóc xe. Ảnh: Lộc Chung Vốn là nơi có nhiều chung cư cao tầng, mật độ cư dân lớn lại thiếu chỗ đỗ xe kiên cố, bán đảo Linh Đàm là nơi ghi nhận lượng xe bị cây đổ nhiều bậc nhất Hà Nội vì các xe phải đỗ xung quanh vỉa hè, nơi có nhiều cây lớn. Trong hình chiếc Mercedes E-class bị hai thân cây lớn đổ lên đầu và nóc xe. Ảnh: Lộc Chung Trong khi gần đó, chiếc Mazda3 bị bao vây 'không lối thoát'. Ảnh: Lộc Chung Trong khi gần đó, chiếc Mazda3 bị bao vây 'không lối thoát'. Ảnh: Lộc Chung Nhiều người dân cùng lực lượng chức năng giải phóng cây bị đổ. Bão Yagi là cơn bão mạnh nhất 30 năm qua tại Vịnh Bắc Bộ, đổ bộ vào vùng biển Hải Phòng - Quảng Ninh trưa ngày 7/9, sau đó đi sâu vào đất liền, gây gió giật mạnh, mưa lớn cho nhiều tỉnh, thành. Theo Cục Cứu hộ - Cứu nạn, Bộ Quốc phòng, tổng hợp đến 10h ngày 8/9. bão Yagi đã làm 14 người chết, trong đó 4 người ở Quảng Ninh, 4 người ở Hòa Bình, 3 người ở Hà Nội; Hải Phòng, Hải Dương, Quân khu 3 mỗi nơi có một người chết. Ngoài ra, 176 người bị thương, chủ yếu ở Quảng Ninh. Ảnh: Lộc Chung Nhiều người dân cùng lực lượng chức năng giải phóng cây bị đổ. Bão Yagi là cơn bão mạnh nhất 30 năm qua tại Vịnh Bắc Bộ, đổ bộ vào vùng biển Hải Phòng - Quảng Ninh trưa ngày 7/9, sau đó đi sâu vào đất liền, gây gió giật mạnh, mưa lớn cho nhiều tỉnh, thành. Theo Cục Cứu hộ - Cứu nạn, Bộ Quốc phòng, tổng hợp đến 10h ngày 8/9. bão Yagi đã làm 14 người chết, trong đó 4 người ở Quảng Ninh, 4 người ở Hòa Bình, 3 người ở Hà Nội; Hải Phòng, Hải Dương, Quân khu 3 mỗi nơi có một người chết. Ngoài ra, 176 người bị thương, chủ yếu ở Quảng Ninh. Ảnh: Lộc Chung Video: Bá Nam Ngọc Thành - Lương Dũng","08/09/2024 15:07","0","0"
"4790420","Nhiều địa phương cấp điện trở lại sau bão Yagi. Hà Nội, Nam Định, Hà Nam, Ninh Bình và Thanh Hóa hôm nay cấp điện trở lại cho toàn bộ người dân, còn Hải Phòng khoảng 80%.. Theo Tập đoàn Điện lực Việt Nam (EVN), lưới điện miền Bắc, đặc biệt tại Quảng Ninh, Hải Phòng, Thái Bình và Hải Dương, gặp nhiều khó khăn do sức tàn phá của bão Yagi. Ông Nguyễn Anh Tuấn, Tổng giám đốc EVN cho biết ngày 8/9, khoảng 70% khách hàng sẽ được cấp điện trở lại. 'EVN và các đơn vị thành viên nỗ lực cấp điện cho khách hàng còn lại trong thời gian sớm nhất', ông nói. Hải Phòng - một trong số địa phương chịu ảnh hưởng nặng nề, bị cắt điện toàn bộ trong ngày 7/9. Ông Nguyễn Hữu Hưởng – Chủ tịch kiêm Tổng giám đốc Công ty TNHH MTV Điện lực Hải Phòng cho biết dự kiến trưa 8/9, 50-60% khách hàng sẽ được cấp điện trở lại. Con số này sẽ tăng lên 80% khách hàng vào cuối ngày. Trong khi đó, theo báo cáo của Tổng công ty Điện lực miền Bắc (EVNNPC), người dân tại Nam Định, Hà Nam, Ninh Bình và Thanh Hóa sẽ được cấp điện lại trong hôm nay, sau khi ngành điện khắc phục sự cố lưới, nguồn và trạm biến áp. Cụ thể, khu vực trung tâm thành phố và các huyện của Nam Định, Hà Nam và Ninh Bình được cấp điện trở lại. Riêng Hà Nam, còn một phần khu công nghiệp Châu Sơn, Đồng Văn, Hòa Mạc chưa có điện. Các khu vực này sẽ được đóng điện trở lại vào chiều nay. Ngoài ra, Ninh Bình cũng khắc phục xong sự cố các tuyến đường dây trung áp (cấp điện áp từ 15 kV), Nam Định còn 8 đường dây và Hà Nam là 21. Hôm nay các đơn vị sẽ đóng điện lại toàn bộ lưới trung áp tại các địa phương này. EVNHanoi cho biết sau khi bão Yagi đi qua, đơn vị này đã khôi phục 12 tuyến đường dây 110 kV và hơn một nửa đường dây trung áp. Toàn bộ người dân Thủ đô được cấp điện trở lại hôm nay. Tương tự, Thanh Hóa cấp điện trở lại cho toàn bộ khách hàng nếu diễn biến thời tiết thuận lợi, không còn mưa giông. Công nhân Điện lực Hải Phòng dọn dẹp cành cây trong quá trình khắc phục sự cố lưới điện, sáng 8/9. Ảnh: EVN Tại Hưng Yên, ngành điện cũng khôi phục toàn bộ các đường dây, trạm biến áp 110 kV và khắc phục sự cố trung, hạ thế. Thái Bình cũng khắc phục toàn bộ lưới 110 kV, 39 đường dây trung áp. Hiện tại điện mới được cấp trở lại cho trụ sở huyện ủy, UBND huyện, các bệnh viện và gần một phần ba trạm bơm. Điện lực Thái Bình cho biết sẽ ưu tiên cấp điện lại cho các trạm bơm trong thời gian sớm nhất. Ngành điện Thái Nguyên cũng khôi phục một số phân đoạn đường dây để cấp điện lại cho các khách hàng quan trọng, trạm bơm tiêu úng. Một số khu vực của tỉnh Hòa Bình (một phần huyện Lương Sơn, Đà Bắc, Lạc Thủy, thành phố Hòa Bình) có điện trở lại tính tới 10h30, tương ứng trên 50.000 khách hàng. Tuy nhiên, tỉnh này còn gần 40.520 khách hàng đang bị mất điện, gồm một phần thành phố Hòa Bình, các huyện Lương Sơn, Yên Thủy, Mai Châu, Lạc Sơn, Cao Phong, Lạc Thủy, Kim Bôi, Đà Bắc và Yên Thủy. Ảnh hưởng của bão Yagi làm mất điện 46 đường dây trung áp tại Tuyên Quang. Đến sáng nay, điện lực địa phương khôi phục 43 đường dây, số còn lại hoàn thành trong hôm nay. Riêng lưới điện 110 kV tại đây vận hành an toàn. Bão Yagi gây thiệt hại tới lưới điện, khiến 10 nhà máy điện phải dừng một số tổ máy để đảm bảo an toàn. Bộ Công Thương cho biết, 3 nhà máy đã được khôi phục trong đêm 7/9. Các nhà máy khác đang được ngành điện đẩy nhanh khắc phục sự cố. Cũng theo EVNNPC, điện lực các tỉnh cũng khắc phục một số tài sản, đưa vào vận hành. Gần 78% trạm biến áp và hơn 86% đường dây 110 kV tại miền Bắc được các công ty điện lực địa phương khắc phục xong sự cố. Trong đó, Điện lực Quảng Ninh đã khắc phục được 5 trạm biến áp và 7 đường dây 110 kV; Hải Phòng 12 trạm biến áp và 6 đường dây. Riêng hệ thống lưới điện trung, hạ áp chưa có con số chính thức. Tổng Giám đốc EVNNPC Nguyễn Đức Thiện cho biết ngành điện sẽ nhanh chóng khắc phục sự cố để cấp điện trở lại sớm nhất cho người dân, doanh nghiệp, nhất là các lĩnh vực thiết yếu, trạm bơm tưới tiêu, thoát úng. Tuy vậy, tại cuộc họp khắc phục hậu quả bão Yagi sáng nay, Bộ trưởng Công Thương Nguyễn Hồng Diên yêu cầu ngành điện ngoài đẩy nhanh khắc phục sự cố, cũng cần có phương án dự phòng duy trì ổn định hệ thống điều độ. Ông Diên lưu ý ưu tiên cấp điện cho các khu công nghiệp, doanh nghiệp sản xuất, phục vụ cung cấp vật tư hỗ trợ người dân sửa chữa nhà ở, cơ sở sản xuất. Phương Dung","08/09/2024 14:28","0","0"
"4790372","Nhà tốc mái, cột điện gãy đổ sau bão Yagi. . Sáng 8/9, TP Hải Phòng vẫn mất điện và sóng điện thoại trên diện rộng, nhiều hàng quán tiếp tục đóng cửa. Nhiều tuyến đường dẫn xuống biển Đồ Sơn la liệt mái tôn, cọc sắt, cây cối gãy đổ sau bão Yagi. Một ngày trước, cơn bão đổ bộ Quảng Ninh - Hải Phòng lúc 12h, với sức gió cấp 12-13. Sáng 8/9, TP Hải Phòng vẫn mất điện và sóng điện thoại trên diện rộng, nhiều hàng quán tiếp tục đóng cửa. Nhiều tuyến đường dẫn xuống biển Đồ Sơn la liệt mái tôn, cọc sắt, cây cối gãy đổ sau bão Yagi. Một ngày trước, cơn bão đổ bộ Quảng Ninh - Hải Phòng lúc 12h, với sức gió cấp 12-13. Sau nhiều tiếng bị bão quần thảo, cả thành phố tan hoang khi nhà cửa bị tốc mái, cây cối bị quật ngã. Nhiều cây cổ thụ trên đường Vạn Hoa, quận Đồ Sơn, vốn vững chãi qua bao mùa bão, nay cũng bật gốc. Sau nhiều tiếng bị bão quần thảo, cả thành phố tan hoang khi nhà cửa bị tốc mái, cây cối bị quật ngã. Nhiều cây cổ thụ trên đường Vạn Hoa, quận Đồ Sơn, vốn vững chãi qua bao mùa bão, nay cũng bật gốc. Cột điện, cây cối gãy đổ chắn ngang đường Vạn Hoa, quận Đồ Sơn. Cột điện, cây cối gãy đổ chắn ngang đường Vạn Hoa, quận Đồ Sơn. Mái tôn đổ sập xuống bàn ghế, ôtô đậu trong nhà hàng ở quận Đồ Sơn. Mái tôn đổ sập xuống bàn ghế, ôtô đậu trong nhà hàng ở quận Đồ Sơn. Bên trong một nhà nghỉ ở Đồ Sơn bị tốc mái, gạch đá, tôn, kính ngổn ngang. Các vật dụng và nệm, giường bị hư hỏng. Anh Vũ Văn Khánh, một trong những hộ dân kinh doanh dịch vụ ăn uống, nhà nghỉ bị thiệt hại nặng nề. Anh ước tính thiệt hại hơn 3 tỷ đồng do bão. Bên trong một nhà nghỉ ở Đồ Sơn bị tốc mái, gạch đá, tôn, kính ngổn ngang. Các vật dụng và nệm, giường bị hư hỏng. Anh Vũ Văn Khánh, một trong những hộ dân kinh doanh dịch vụ ăn uống, nhà nghỉ bị thiệt hại nặng nề. Anh ước tính thiệt hại hơn 3 tỷ đồng do bão. Hàng rào công trình trên đường Trần Thái Tông, thị trấn Cái Rồng, huyện Vân Đồn, tỉnh Quảng Ninh bị gió bão làm đổ sập, kéo theo một biển báo giao thông tại đây bị nghiêng ngả. Hàng rào công trình trên đường Trần Thái Tông, thị trấn Cái Rồng, huyện Vân Đồn, tỉnh Quảng Ninh bị gió bão làm đổ sập, kéo theo một biển báo giao thông tại đây bị nghiêng ngả. Một cửa hàng kinh doanh nội ngoại thất, vật liệu xây dựng tại thị trấn Cái Rồng, huyện Vân Đồn bị gió mạnh làm đổ cửa, biển hiệu. Nhiều đồ đạc văng ra vỉa hè sau bão. Một cửa hàng kinh doanh nội ngoại thất, vật liệu xây dựng tại thị trấn Cái Rồng, huyện Vân Đồn bị gió mạnh làm đổ cửa, biển hiệu. Nhiều đồ đạc văng ra vỉa hè sau bão. Trận cuồng phong trưa 7/9 khiến gia đình anh Trần Thanh Công ở phường Cẩm Sơn, thành phố Cẩm Phả, bị gió cuốn bay toàn bộ mái nhà, xé rách tươm biển hiệu phía trước. Nhiều đồ đạc trong nhà như tivi, tủ lạnh, bàn ghế cùng toàn bộ quần áo, đồ dùng học tập, sách vở của các con anh Công cũng bị gió cuốn bay hoặc mưa ướt nhèm. Anh Công dự định trong những ngày tới sẽ dồn tổng lực để dọn dẹp nhà cửa sau bão và mua sắm đồ đạc mới cho các con đi học trở lại. Trận cuồng phong trưa 7/9 khiến gia đình anh Trần Thanh Công ở phường Cẩm Sơn, thành phố Cẩm Phả, bị gió cuốn bay toàn bộ mái nhà, xé rách tươm biển hiệu phía trước. Nhiều đồ đạc trong nhà như tivi, tủ lạnh, bàn ghế cùng toàn bộ quần áo, đồ dùng học tập, sách vở của các con anh Công cũng bị gió cuốn bay hoặc mưa ướt nhèm. Anh Công dự định trong những ngày tới sẽ dồn tổng lực để dọn dẹp nhà cửa sau bão và mua sắm đồ đạc mới cho các con đi học trở lại. Cột điện đổ gục kéo theo nhiều đường dây bị đứt tại thành phố Cẩm Phả. Cột điện đổ gục kéo theo nhiều đường dây bị đứt tại thành phố Cẩm Phả. Cột điện đổ, chắn hơn một nửa đường ở Cẩm Phả. Thống kê của các địa phương đến sáng nay ghi nhận 5 người chết (chưa bao gồm 3 người ở Hà Nội), 186 người bị thương; 25 tàu xi măng và gỗ nhỏ bị chìm. Quảng Ninh, Hải Phòng, Hải Dương, Hà Nội, Thái Bình bị mất điện, mất liên lạc diện rộng. Gió bão làm 3.270 nhà hư hỏng, 400 cột điện gãy đổ. Cột điện đổ, chắn hơn một nửa đường ở Cẩm Phả. Thống kê của các địa phương đến sáng nay ghi nhận 5 người chết (chưa bao gồm 3 người ở Hà Nội), 186 người bị thương; 25 tàu xi măng và gỗ nhỏ bị chìm. Quảng Ninh, Hải Phòng, Hải Dương, Hà Nội, Thái Bình bị mất điện, mất liên lạc diện rộng. Gió bão làm 3.270 nhà hư hỏng, 400 cột điện gãy đổ. Hàng loạt trụ điện ngã trên quốc lộ 18, thành phố Cẩm Phả. Hàng loạt trụ điện ngã trên quốc lộ 18, thành phố Cẩm Phả. Trên tuyến phố này, hàng chục cột điện đã bị bão quật ngã, một chiều đường không thể qua lại và gây cản trở cả chiều đường còn lại. Sáng 8/9, Thủ tướng Phạm Minh Chính chủ trì hội nghị trực tuyến với 26 địa phương từ Thanh Hóa trở ra để đánh giá công tác chỉ đạo ứng phó, triển khai các biện pháp cấp bách khắc phục hậu quả bão Yagi. Lãnh đạo Chính phủ yêu cầu cần rà soát ngay, hỗ trợ cho các địa phương bị thiệt hại, các gia đình có người thiệt mạng. Trên tuyến phố này, hàng chục cột điện đã bị bão quật ngã, một chiều đường không thể qua lại và gây cản trở cả chiều đường còn lại. Sáng 8/9, Thủ tướng Phạm Minh Chính chủ trì hội nghị trực tuyến với 26 địa phương từ Thanh Hóa trở ra để đánh giá công tác chỉ đạo ứng phó, triển khai các biện pháp cấp bách khắc phục hậu quả bão Yagi. Lãnh đạo Chính phủ yêu cầu cần rà soát ngay, hỗ trợ cho các địa phương bị thiệt hại, các gia đình có người thiệt mạng. Cây cối đổ rạp ở bán đảo Linh Đàm, Hà Nội. Video: Lộc Chung Anh Phú - Giang Huy - Phạm Dự","08/09/2024 11:39","0","0"
"4790305","Bão Yagi suy yếu thành áp thấp nhiệt đới. Sau hơn 15 tiếng vào đất liền Việt Nam, bão Yagi suy yếu thành áp thấp nhiệt đới trên khu vực Tây Bắc Bộ, nhưng tiếp tục gây mưa to làm lũ dâng cao.. Trung tâm Dự báo Khí tượng Thủy văn quốc gia cho biết lúc 4h, áp thấp nhiệt đới mạnh cấp 6, giật cấp 17 và đang theo hướng tây với tốc độ 10-15 km/h. Do ảnh hưởng của áp thấp nhiệt đới suy yếu sau bão Yagi, Đông Bắc Bộ, thanh Hóa từ sáng nay đến mai mưa phổ biến 20-50 mm, có nơi trên 100 mm; riêng vùng núi mưa 50-100 mm, cục bộ có nơi trên 200 mm. Tây Bắc Bộ mưa phổ biến 100-200 mm, cục bộ có nơi trên 350 mm. Mưa lớn có khả năng gây ra tình trạng ngập úng tại các vùng trũng, thấp; lũ quét trên các sông, suối nhỏ, sạt lở đất trên sườn dốc. Bão Yagi vào Biển Đông chiều 3/9 mạnh cấp 8, sau hơn hai ngày bão tăng gấp đôi lên cấp 16 siêu bão. Ông Mai Văn Khiêm, Trung tâm Dự báo Khí tượng Thủy văn quốc gia, đánh giá Yagi là cơn bão mạnh nhất trong 30 năm qua. Khoảng 12-13h hôm qua, bão đổ bộ Quảng Ninh với gió mạnh cấp 14, sức gió tối đa 166 km/h, giật cấp 17, tiến sâu vào Hải Phòng, Hải Dương, Hà Nội. Đồng bằng và các tỉnh Đông Bắc Bộ mưa lớn 100 mm trong 16 giờ qua, một số nơi lớn hơn như Cát Bà (Hải Phòng) 215 mm; Đầm Hà, Cẩm Phả (Quảng Ninh) gần 190 mm; Mẫu Sơn (Lạng Sơn) 171 mm; Phủ Dực (Thái Bình) 153 mm... Đường phố tại huyện Vân Đồn, Quảng Ninh, chiều 7/9. Ảnh: Giang Huy Bão đã gây ra gió 'chưa từng có' trong nhiều giờ tại khu vực ven biển. Ngay Hải Dương nằm sâu trong đất liền cũng đo được sức gió cấp 12, giật cấp 14. Hà Nội thời điểm tâm bão đi lúc 20h có sức gió mạnh cấp 10, giật cấp 12. Theo Cục Quản lý đê điều và Phòng chống thiên tai, bão đã khiến 4 người chết, 78 người bị thương và 13 người mất tích. Các tỉnh Quảng Ninh, Hải Phòng, Thái Bình, Hải Dương mất điện diện rộng. Mạng viễn thông cũng gián đoạn nhiều giờ. Sáng nay, các địa phương đang thống kê thiệt hại và khắc phục hậu quả sau bão. Gia Chính","08/09/2024 08:48","0","0"
"4790262","Các cách bảo vệ ôtô trong bão Yagi. Dán xốp lên kính, dời xe tránh xa các gốc cây, kê gạch là những cách thức bảo vệ xe trước bão của tài xế Việt.. Bão Yagi được đánh giá là mạnh nhất trong 30 năm qua tại Vịnh Bắc Bộ, có thể gây thiệt hại nặng nề, nên người dân triển khai nhiều phương án bảo vệ tài sản, trong đó có ôtô. Cách dễ dàng nhất mà tài xế áp dụng để bảo vệ xe là đỗ ở nơi kiên cố, có che chắn như trong nhà riêng, hầm tòa nhà, trung tâm thương mại. Anh Toàn Thắng (Cầu Giấy) cho biết thông thường anh để xe trước nhà, nhưng trong sáng 7/9 đã gửi xe ở trung tâm thương mại gần nhà để 'trú bão' cho xe. 'Tôi chấp nhận mất thêm chi phí để đỗ dưới hầm trung tâm thương mại qua đêm, để an tâm ngủ ngon khi bão về', Thắng nói. Trong dịp này, một số nhà xưởng, showroom còn thừa chỗ cho biết sẵn sàng mở cửa đón xe đỗ miễn phí tránh bão. Xe được di dời qua chỗ thoáng cây tại một bãi đỗ xe ngoài trời, sáng 7/9. Ảnh: Lương Dũng Với những người không có những bãi đỗ kiên cố gần nhà, cách duy nhất vẫn là đỗ ngoài trời. Phi Hùng (Hoàng Mai) thường đỗ ở một vị trí cạnh gốc cây ở sân chung cư, vì ban ngày có thể tận dung được bóng mát. Tuy vậy, sáng 7/9, bảo vệ tòa nhà đã hướng dẫn cho tất cả ô tô tránh xa các gốc cây, nhằm tránh rủi ro nếu cây đổ vì bão. Không sử dụng bãi xe ngoài trời như Hùng, Hoàng Huy (Đống Đa) ở trong một khu tập thể kiểu cũ cho nên anh đỗ xe ở xung quanh khu này. Anh cho biết vì tính chất công việc cần thường xuyên sử dụng xe, và quanh nhà không có bãi đỗ, nên đã chuẩn bị các biện pháp bảo vệ từ hôm qua, là dán các tấm xốp vào các vị trí kính xe, và cột chặt phần bạt phủ bên ngoài. Huy cho biết đã thấy trên mạng một số tài xế chia sẻ cách bảo vệ xe, nên làm theo. Ôtô được băng bó bằng tấm xốp, băng dính ở huyện Vân Đồn, Quảng Ninh. Ảnh: Phạm Dự 'Tôi đã chụp hình hiện trạng xe trước khi bão đến, xe có bảo hiểm nên tôi không quá lo lắng nếu hư hại xảy ra', Huy chia sẻ. Trong khi đó, với những cơ sở kinh doanh ôtô, với các showroom sử dụng nhiều cửa kính, các biện pháp chằng buộc, gia cố cửa được ưu tiên. Thậm chí, một vài showroom thuê những chiếc xe container to lớn đỗ trước cửa, nhằm giảm lực gió thổi trực tiếp vào cửa kính, giảm thiệt hại. Một showroom ôtô ở Hà Nội thuê hai xe container chắn cửa. Ảnh: Định Nguyễn Khi giông bão, người dân không nên sử dụng xe máy hoặc ôtô. Cần đưa xe vào chỗ kín đáo, không bị ngập nước để đỗ xe. Trong trường hợp bắt buộc phải đỗ ngoài, chủ xe nên dời xe qua những khu vực ít cây hoặc cột điện, và che chắn để bảo quản tài sản. Khi che chắn nên gắn thêm các tấm phản quang, hoặc sử dụng vải, bạt màu nổi để bọc xe, nhằm khiến xe dễ thấy nhất trong trường hợp tầm nhìn giảm. Ngoài ra, nếu có bảo hiểm, chủ xe nên chụp kỹ hiện trạng của xe trước khi bị ảnh hưởng bởi mưa bão, nhằm có thể đánh giá khách quan mức độ thiệt hại để bảo hiểm tiến hành bồi thường nếu có hư hại xảy ra. Hồ Tân","07/09/2024 20:07","0","0"
